{
  "scale": 0.04,
  "scene_to_metric": 0.04,
  "center": [
    3.7939036723067807,
    5.743729413824721,
    18.174010684594613
  ],
  "near": 0.02880438992025754,
  "far": 2.240554916003052
}