{
  "scale": 0.04,
  "scene_to_metric": 0.04,
  "center": [
    -1.5569894714728472,
    0.09188838893717247,
    20.23400281290144
  ],
  "near": 0.007912301117668849,
  "far": 4.094041680736499
}