{
  "scale": 0.04,
  "scene_to_metric": 0.04,
  "center": [
    0.7335441453210703,
    5.389038591423233,
    10.511067242424215
  ],
  "near": 0.03700578242699725,
  "far": 1.2564347567920153
}