{
  "orientation": [
    [
      0.9853900671005249,
      -0.08017931133508682,
      0.15025876462459564
    ],
    [
      0.1127479076385498,
      0.968350887298584,
      -0.2226756066083908
    ],
    [
      -0.1276492327451706,
      0.23636369407176971,
      0.9632434248924255
    ]
  ],
  "position": [
    3.979041814804077,
    -1.2266366481781006,
    -0.37477126717567444
  ],
  "focal_length": 1716.115478515625,
  "principal_point": [
    628.9470825195312,
    609.3314208984375
  ],
  "skew": 0.0,
  "pixel_aspect_ratio": 0.9643391966819763,
  "radial_distortion": [
    0.09263141453266144,
    -0.060330551117658615,
    0.0
  ],
  "tangential_distortion": [
    -0.03872985765337944,
    0.008248725906014442
  ],
  "image_size": [
    1072,
    1920
  ]
}