{
  "orientation": [
    [
      0.9897009134292603,
      -0.08767485618591309,
      0.11316001415252686
    ],
    [
      0.11330929398536682,
      0.9628850817680359,
      -0.24497608840465546
    ],
    [
      -0.08748184889554977,
      0.2552751302719116,
      0.9629026651382446
    ]
  ],
  "position": [
    3.0181307792663574,
    -2.371162176132202,
    -0.7830230593681335
  ],
  "focal_length": 1716.115478515625,
  "principal_point": [
    628.9470825195312,
    609.3314208984375
  ],
  "skew": 0.0,
  "pixel_aspect_ratio": 0.9643391966819763,
  "radial_distortion": [
    0.09263141453266144,
    -0.060330551117658615,
    0.0
  ],
  "tangential_distortion": [
    -0.03872985765337944,
    0.008248725906014442
  ],
  "image_size": [
    1072,
    1920
  ]
}