{
  "orientation": [
    [
      0.9272157549858093,
      0.13687413930892944,
      -0.34862080216407776
    ],
    [
      -0.12206802517175674,
      0.9904429912567139,
      0.06420338153839111
    ],
    [
      0.3540768325328827,
      -0.016974931582808495,
      0.9350622892379761
    ]
  ],
  "position": [
    -2.394428014755249,
    2.2318224906921387,
    0.4349386692047119
  ],
  "focal_length": 1716.115478515625,
  "principal_point": [
    628.9470825195312,
    609.3314208984375
  ],
  "skew": 0.0,
  "pixel_aspect_ratio": 0.9643391966819763,
  "radial_distortion": [
    0.09263141453266144,
    -0.060330551117658615,
    0.0
  ],
  "tangential_distortion": [
    -0.03872985765337944,
    0.008248725906014442
  ],
  "image_size": [
    1072,
    1920
  ]
}