{
  "orientation": [
    [
      0.9831567406654358,
      0.05221090093255043,
      -0.17514820396900177
    ],
    [
      -0.05088977515697479,
      0.9986318349838257,
      0.012028910219669342
    ],
    [
      0.1755366176366806,
      -0.0029130512848496437,
      0.9844685792922974
    ]
  ],
  "position": [
    0.5215162038803101,
    2.1788623332977295,
    -0.4545733332633972
  ],
  "focal_length": 1716.115478515625,
  "principal_point": [
    628.9470825195312,
    609.3314208984375
  ],
  "skew": 0.0,
  "pixel_aspect_ratio": 0.9643391966819763,
  "radial_distortion": [
    0.09263141453266144,
    -0.060330551117658615,
    0.0
  ],
  "tangential_distortion": [
    -0.03872985765337944,
    0.008248725906014442
  ],
  "image_size": [
    1072,
    1920
  ]
}