{
  "orientation": [
    [
      0.9980127811431885,
      -0.03177832067012787,
      -0.05441189184784889
    ],
    [
      0.015073399990797043,
      0.9588466286659241,
      -0.28352421522140503
    ],
    [
      0.06118258088827133,
      0.2821406126022339,
      0.9574201703071594
    ]
  ],
  "position": [
    0.5494157075881958,
    -3.4397084712982178,
    -1.0427385568618774
  ],
  "focal_length": 1716.115478515625,
  "principal_point": [
    628.9470825195312,
    609.3314208984375
  ],
  "skew": 0.0,
  "pixel_aspect_ratio": 0.9643391966819763,
  "radial_distortion": [
    0.09263141453266144,
    -0.060330551117658615,
    0.0
  ],
  "tangential_distortion": [
    -0.03872985765337944,
    0.008248725906014442
  ],
  "image_size": [
    1072,
    1920
  ]
}