{
  "orientation": [
    [
      0.8939582705497742,
      0.1804553121328354,
      -0.41021275520324707
    ],
    [
      -0.2081989198923111,
      0.9778022766113281,
      -0.023576868698000908
    ],
    [
      0.39685240387916565,
      0.10648258775472641,
      0.911685049533844
    ]
  ],
  "position": [
    -3.194688320159912,
    0.14105047285556793,
    -0.24470403790473938
  ],
  "focal_length": 1716.115478515625,
  "principal_point": [
    628.9470825195312,
    609.3314208984375
  ],
  "skew": 0.0,
  "pixel_aspect_ratio": 0.9643391966819763,
  "radial_distortion": [
    0.09263141453266144,
    -0.060330551117658615,
    0.0
  ],
  "tangential_distortion": [
    -0.03872985765337944,
    0.008248725906014442
  ],
  "image_size": [
    1072,
    1920
  ]
}