{
  "orientation": [
    [
      0.9918341636657715,
      -0.007134877610951662,
      -0.1273343712091446
    ],
    [
      -0.02482672967016697,
      0.9685314297676086,
      -0.24764995276927948
    ],
    [
      0.12509429454803467,
      0.248788982629776,
      0.9604454636573792
    ]
  ],
  "position": [
    1.043663501739502,
    -3.28192138671875,
    -2.06085467338562
  ],
  "focal_length": 1716.115478515625,
  "principal_point": [
    628.9470825195312,
    609.3314208984375
  ],
  "skew": 0.0,
  "pixel_aspect_ratio": 0.9643391966819763,
  "radial_distortion": [
    0.09263141453266144,
    -0.060330551117658615,
    0.0
  ],
  "tangential_distortion": [
    -0.03872985765337944,
    0.008248725906014442
  ],
  "image_size": [
    1072,
    1920
  ]
}