{
  "orientation": [
    [
      0.9957748651504517,
      -0.08662966638803482,
      0.030457712709903717
    ],
    [
      0.09053587168455124,
      0.9816319942474365,
      -0.16793423891067505
    ],
    [
      -0.015350177884101868,
      0.16998222470283508,
      0.9853275418281555
    ]
  ],
  "position": [
    3.4294590950012207,
    -1.8560676574707031,
    -1.8372900485992432
  ],
  "focal_length": 1716.115478515625,
  "principal_point": [
    628.9470825195312,
    609.3314208984375
  ],
  "skew": 0.0,
  "pixel_aspect_ratio": 0.9643391966819763,
  "radial_distortion": [
    0.09263141453266144,
    -0.060330551117658615,
    0.0
  ],
  "tangential_distortion": [
    -0.03872985765337944,
    0.008248725906014442
  ],
  "image_size": [
    1072,
    1920
  ]
}