{
  "orientation": [
    [
      0.9485071897506714,
      0.05442967638373375,
      -0.3120441436767578
    ],
    [
      -0.13389022648334503,
      0.9616863131523132,
      -0.23923398554325104
    ],
    [
      0.28706714510917664,
      0.26869481801986694,
      0.9194539189338684
    ]
  ],
  "position": [
    -1.9804428815841675,
    -3.4731228351593018,
    -1.975562334060669
  ],
  "focal_length": 1716.115478515625,
  "principal_point": [
    628.9470825195312,
    609.3314208984375
  ],
  "skew": 0.0,
  "pixel_aspect_ratio": 0.9643391966819763,
  "radial_distortion": [
    0.09263141453266144,
    -0.060330551117658615,
    0.0
  ],
  "tangential_distortion": [
    -0.03872985765337944,
    0.008248725906014442
  ],
  "image_size": [
    1072,
    1920
  ]
}