{
  "orientation": [
    [
      0.9518240094184875,
      0.054832823574543,
      -0.3017025291919708
    ],
    [
      -0.1251184642314911,
      0.9677025079727173,
      -0.21885433793067932
    ],
    [
      0.2799578905105591,
      0.2460593730211258,
      0.9279431104660034
    ]
  ],
  "position": [
    -1.8584357500076294,
    -2.593128204345703,
    -0.7502570152282715
  ],
  "focal_length": 1716.115478515625,
  "principal_point": [
    628.9470825195312,
    609.3314208984375
  ],
  "skew": 0.0,
  "pixel_aspect_ratio": 0.9643391966819763,
  "radial_distortion": [
    0.09263141453266144,
    -0.060330551117658615,
    0.0
  ],
  "tangential_distortion": [
    -0.03872985765337944,
    0.008248725906014442
  ],
  "image_size": [
    1072,
    1920
  ]
}