{
  "orientation": [
    [
      0.9974507093429565,
      -0.06967621296644211,
      0.015405163168907166
    ],
    [
      0.07133391499519348,
      0.979302704334259,
      -0.18941408395767212
    ],
    [
      -0.0018886616453528404,
      0.19003011286258698,
      0.9817764163017273
    ]
  ],
  "position": [
    3.0755467414855957,
    -2.4864213466644287,
    -2.0433757305145264
  ],
  "focal_length": 1716.115478515625,
  "principal_point": [
    628.9470825195312,
    609.3314208984375
  ],
  "skew": 0.0,
  "pixel_aspect_ratio": 0.9643391966819763,
  "radial_distortion": [
    0.09263141453266144,
    -0.060330551117658615,
    0.0
  ],
  "tangential_distortion": [
    -0.03872985765337944,
    0.008248725906014442
  ],
  "image_size": [
    1072,
    1920
  ]
}