{
  "orientation": [
    [
      0.9962242245674133,
      -0.07886966317892075,
      0.036289114505052567
    ],
    [
      0.08240575343370438,
      0.9905833601951599,
      -0.10933372378349304
    ],
    [
      -0.02732427977025509,
      0.1119113340973854,
      0.9933424592018127
    ]
  ],
  "position": [
    3.7389767169952393,
    -0.35309740900993347,
    -1.2592896223068237
  ],
  "focal_length": 1716.115478515625,
  "principal_point": [
    628.9470825195312,
    609.3314208984375
  ],
  "skew": 0.0,
  "pixel_aspect_ratio": 0.9643391966819763,
  "radial_distortion": [
    0.09263141453266144,
    -0.060330551117658615,
    0.0
  ],
  "tangential_distortion": [
    -0.03872985765337944,
    0.008248725906014442
  ],
  "image_size": [
    1072,
    1920
  ]
}