{
  "orientation": [
    [
      0.8681040406227112,
      0.2099808305501938,
      -0.44978153705596924
    ],
    [
      -0.2382270097732544,
      0.971188485622406,
      -0.006391695700585842
    ],
    [
      0.4354805052280426,
      0.1126987636089325,
      0.893115758895874
    ]
  ],
  "position": [
    -4.129384994506836,
    -0.5681713819503784,
    -1.5021971464157104
  ],
  "focal_length": 1716.115478515625,
  "principal_point": [
    628.9470825195312,
    609.3314208984375
  ],
  "skew": 0.0,
  "pixel_aspect_ratio": 0.9643391966819763,
  "radial_distortion": [
    0.09263141453266144,
    -0.060330551117658615,
    0.0
  ],
  "tangential_distortion": [
    -0.03872985765337944,
    0.008248725906014442
  ],
  "image_size": [
    1072,
    1920
  ]
}