{
  "orientation": [
    [
      0.997066855430603,
      -0.06404228508472443,
      0.04190758243203163
    ],
    [
      0.07302459329366684,
      0.9599790573120117,
      -0.27038419246673584
    ],
    [
      -0.022914377972483635,
      0.27265140414237976,
      0.9618399739265442
    ]
  ],
  "position": [
    1.8036117553710938,
    -3.0796608924865723,
    -1.0272629261016846
  ],
  "focal_length": 1716.115478515625,
  "principal_point": [
    628.9470825195312,
    609.3314208984375
  ],
  "skew": 0.0,
  "pixel_aspect_ratio": 0.9643391966819763,
  "radial_distortion": [
    0.09263141453266144,
    -0.060330551117658615,
    0.0
  ],
  "tangential_distortion": [
    -0.03872985765337944,
    0.008248725906014442
  ],
  "image_size": [
    1072,
    1920
  ]
}