{
  "orientation": [
    [
      0.9957118630409241,
      -0.011804644949734211,
      -0.09175257384777069
    ],
    [
      -0.01048130914568901,
      0.9710425734519958,
      -0.23867642879486084
    ],
    [
      0.0919131487607956,
      0.23861463367938995,
      0.9667549133300781
    ]
  ],
  "position": [
    1.6705697774887085,
    -3.1262991428375244,
    -2.078334331512451
  ],
  "focal_length": 1716.115478515625,
  "principal_point": [
    628.9470825195312,
    609.3314208984375
  ],
  "skew": 0.0,
  "pixel_aspect_ratio": 0.9643391966819763,
  "radial_distortion": [
    0.09263141453266144,
    -0.060330551117658615,
    0.0
  ],
  "tangential_distortion": [
    -0.03872985765337944,
    0.008248725906014442
  ],
  "image_size": [
    1072,
    1920
  ]
}