{
  "orientation": [
    [
      0.9992502331733704,
      -0.03638209030032158,
      -0.013242090120911598
    ],
    [
      0.035542186349630356,
      0.9976294040679932,
      -0.05892600119113922
    ],
    [
      0.015354550443589687,
      0.058411166071891785,
      0.9981745481491089
    ]
  ],
  "position": [
    3.3303310871124268,
    0.9218058586120605,
    -0.8797500133514404
  ],
  "focal_length": 1716.115478515625,
  "principal_point": [
    628.9470825195312,
    609.3314208984375
  ],
  "skew": 0.0,
  "pixel_aspect_ratio": 0.9643391966819763,
  "radial_distortion": [
    0.09263141453266144,
    -0.060330551117658615,
    0.0
  ],
  "tangential_distortion": [
    -0.03872985765337944,
    0.008248725906014442
  ],
  "image_size": [
    1072,
    1920
  ]
}