{
  "orientation": [
    [
      0.9956050515174866,
      0.007526003289967775,
      -0.0933486595749855
    ],
    [
      -0.010495927184820175,
      0.9994528889656067,
      -0.03136533498764038
    ],
    [
      0.09306153655052185,
      0.03220726549625397,
      0.9951393008232117
    ]
  ],
  "position": [
    2.363856315612793,
    1.492835283279419,
    -0.8402959108352661
  ],
  "focal_length": 1716.115478515625,
  "principal_point": [
    628.9470825195312,
    609.3314208984375
  ],
  "skew": 0.0,
  "pixel_aspect_ratio": 0.9643391966819763,
  "radial_distortion": [
    0.09263141453266144,
    -0.060330551117658615,
    0.0
  ],
  "tangential_distortion": [
    -0.03872985765337944,
    0.008248725906014442
  ],
  "image_size": [
    1072,
    1920
  ]
}