{
  "orientation": [
    [
      0.9950786828994751,
      -0.05491781234741211,
      0.08247699588537216
    ],
    [
      0.06126212701201439,
      0.9951879978179932,
      -0.07647087424993515
    ],
    [
      -0.07788050174713135,
      0.08114725351333618,
      0.993654727935791
    ]
  ],
  "position": [
    4.104423522949219,
    0.8701676726341248,
    -0.5785920023918152
  ],
  "focal_length": 1716.115478515625,
  "principal_point": [
    628.9470825195312,
    609.3314208984375
  ],
  "skew": 0.0,
  "pixel_aspect_ratio": 0.9643391966819763,
  "radial_distortion": [
    0.09263141453266144,
    -0.060330551117658615,
    0.0
  ],
  "tangential_distortion": [
    -0.03872985765337944,
    0.008248725906014442
  ],
  "image_size": [
    1072,
    1920
  ]
}