{
  "orientation": [
    [
      0.9990035891532898,
      -0.03726772964000702,
      -0.024554096162319183
    ],
    [
      0.031300030648708344,
      0.9772475361824036,
      -0.20977985858917236
    ],
    [
      0.031813450157642365,
      0.20880228281021118,
      0.9774402976036072
    ]
  ],
  "position": [
    2.6319565773010254,
    -2.817636489868164,
    -2.128347396850586
  ],
  "focal_length": 1716.115478515625,
  "principal_point": [
    628.9470825195312,
    609.3314208984375
  ],
  "skew": 0.0,
  "pixel_aspect_ratio": 0.9643391966819763,
  "radial_distortion": [
    0.09263141453266144,
    -0.060330551117658615,
    0.0
  ],
  "tangential_distortion": [
    -0.03872985765337944,
    0.008248725906014442
  ],
  "image_size": [
    1072,
    1920
  ]
}