{
  "orientation": [
    [
      0.9998691082000732,
      0.015969686210155487,
      -0.002598874969407916
    ],
    [
      -0.016015438362956047,
      0.9996976852416992,
      -0.018656069412827492
    ],
    [
      0.0023001576773822308,
      0.018695250153541565,
      0.9998225569725037
    ]
  ],
  "position": [
    3.1751298904418945,
    2.336195707321167,
    -0.23781564831733704
  ],
  "focal_length": 1716.115478515625,
  "principal_point": [
    628.9470825195312,
    609.3314208984375
  ],
  "skew": 0.0,
  "pixel_aspect_ratio": 0.9643391966819763,
  "radial_distortion": [
    0.09263141453266144,
    -0.060330551117658615,
    0.0
  ],
  "tangential_distortion": [
    -0.03872985765337944,
    0.008248725906014442
  ],
  "image_size": [
    1072,
    1920
  ]
}