{
  "orientation": [
    [
      0.9676575660705566,
      0.09152670949697495,
      -0.2350780963897705
    ],
    [
      -0.08325537294149399,
      0.9955164790153503,
      0.044894251972436905
    ],
    [
      0.23813313245773315,
      -0.023870747536420822,
      0.9709391593933105
    ]
  ],
  "position": [
    -0.6467934846878052,
    2.566854476928711,
    0.13700184226036072
  ],
  "focal_length": 1716.115478515625,
  "principal_point": [
    628.9470825195312,
    609.3314208984375
  ],
  "skew": 0.0,
  "pixel_aspect_ratio": 0.9643391966819763,
  "radial_distortion": [
    0.09263141453266144,
    -0.060330551117658615,
    0.0
  ],
  "tangential_distortion": [
    -0.03872985765337944,
    0.008248725906014442
  ],
  "image_size": [
    1072,
    1920
  ]
}