{
  "orientation": [
    [
      0.9988802075386047,
      -0.011400319635868073,
      0.04591747373342514
    ],
    [
      0.014171474613249302,
      0.9980685114860535,
      -0.06048469990491867
    ],
    [
      -0.045139238238334656,
      0.06106768548488617,
      0.9971124529838562
    ]
  ],
  "position": [
    3.728290319442749,
    1.790758728981018,
    -0.2612481117248535
  ],
  "focal_length": 1716.115478515625,
  "principal_point": [
    628.9470825195312,
    609.3314208984375
  ],
  "skew": 0.0,
  "pixel_aspect_ratio": 0.9643391966819763,
  "radial_distortion": [
    0.09263141453266144,
    -0.060330551117658615,
    0.0
  ],
  "tangential_distortion": [
    -0.03872985765337944,
    0.008248725906014442
  ],
  "image_size": [
    1072,
    1920
  ]
}