{
  "orientation": [
    [
      0.9021657705307007,
      0.1811760663986206,
      -0.3914998471736908
    ],
    [
      -0.18672849237918854,
      0.9821133613586426,
      0.024202799424529076
    ],
    [
      0.38888221979141235,
      0.05126923695206642,
      0.9198598265647888
    ]
  ],
  "position": [
    -3.195871591567993,
    0.732917308807373,
    -0.3407904803752899
  ],
  "focal_length": 1716.115478515625,
  "principal_point": [
    628.9470825195312,
    609.3314208984375
  ],
  "skew": 0.0,
  "pixel_aspect_ratio": 0.9643391966819763,
  "radial_distortion": [
    0.09263141453266144,
    -0.060330551117658615,
    0.0
  ],
  "tangential_distortion": [
    -0.03872985765337944,
    0.008248725906014442
  ],
  "image_size": [
    1072,
    1920
  ]
}