{
  "orientation": [
    [
      0.8891875743865967,
      0.1269838958978653,
      -0.4395686388015747
    ],
    [
      -0.20421157777309418,
      0.9698613286018372,
      -0.13291580975055695
    ],
    [
      0.4094424545764923,
      0.207952082157135,
      0.8883202075958252
    ]
  ],
  "position": [
    -3.766113758087158,
    -2.117584228515625,
    -1.7783622741699219
  ],
  "focal_length": 1716.115478515625,
  "principal_point": [
    628.9470825195312,
    609.3314208984375
  ],
  "skew": 0.0,
  "pixel_aspect_ratio": 0.9643391966819763,
  "radial_distortion": [
    0.09263141453266144,
    -0.060330551117658615,
    0.0
  ],
  "tangential_distortion": [
    -0.03872985765337944,
    0.008248725906014442
  ],
  "image_size": [
    1072,
    1920
  ]
}