{
  "orientation": [
    [
      0.8786607384681702,
      0.1674157977104187,
      -0.44713225960731506
    ],
    [
      -0.21420630812644958,
      0.9751930832862854,
      -0.055804409086704254
    ],
    [
      0.4266977310180664,
      0.1448116898536682,
      0.89272540807724
    ]
  ],
  "position": [
    -4.160020351409912,
    -1.1647169589996338,
    -1.6754711866378784
  ],
  "focal_length": 1716.115478515625,
  "principal_point": [
    628.9470825195312,
    609.3314208984375
  ],
  "skew": 0.0,
  "pixel_aspect_ratio": 0.9643391966819763,
  "radial_distortion": [
    0.09263141453266144,
    -0.060330551117658615,
    0.0
  ],
  "tangential_distortion": [
    -0.03872985765337944,
    0.008248725906014442
  ],
  "image_size": [
    1072,
    1920
  ]
}