{
  "orientation": [
    [
      0.936191201210022,
      0.09868194162845612,
      -0.33735424280166626
    ],
    [
      -0.09594422578811646,
      0.9950771331787109,
      0.024822592735290527
    ],
    [
      0.3381430506706238,
      0.009128497913479805,
      0.9410504698753357
    ]
  ],
  "position": [
    -2.1744041442871094,
    1.7170199155807495,
    -1.6531898975372314
  ],
  "focal_length": 1716.115478515625,
  "principal_point": [
    628.9470825195312,
    609.3314208984375
  ],
  "skew": 0.0,
  "pixel_aspect_ratio": 0.9643391966819763,
  "radial_distortion": [
    0.09263141453266144,
    -0.060330551117658615,
    0.0
  ],
  "tangential_distortion": [
    -0.03872985765337944,
    0.008248725906014442
  ],
  "image_size": [
    1072,
    1920
  ]
}