{
  "orientation": [
    [
      0.9978137612342834,
      -0.029731739312410355,
      0.05902307853102684
    ],
    [
      0.03394296020269394,
      0.9968500733375549,
      -0.07167817652225494
    ],
    [
      -0.05670604482293129,
      0.07352488487958908,
      0.9956799149513245
    ]
  ],
  "position": [
    3.8769915103912354,
    1.4809470176696777,
    -0.3383744955062866
  ],
  "focal_length": 1716.115478515625,
  "principal_point": [
    628.9470825195312,
    609.3314208984375
  ],
  "skew": 0.0,
  "pixel_aspect_ratio": 0.9643391966819763,
  "radial_distortion": [
    0.09263141453266144,
    -0.060330551117658615,
    0.0
  ],
  "tangential_distortion": [
    -0.03872985765337944,
    0.008248725906014442
  ],
  "image_size": [
    1072,
    1920
  ]
}