{
  "orientation": [
    [
      0.9334254264831543,
      0.0743253231048584,
      -0.3509882390499115
    ],
    [
      -0.1470000147819519,
      0.9716480374336243,
      -0.18517854809761047
    ],
    [
      0.32727357745170593,
      0.224445641040802,
      0.9178867936134338
    ]
  ],
  "position": [
    -2.3059468269348145,
    -2.278024435043335,
    -0.6912901997566223
  ],
  "focal_length": 1716.115478515625,
  "principal_point": [
    628.9470825195312,
    609.3314208984375
  ],
  "skew": 0.0,
  "pixel_aspect_ratio": 0.9643391966819763,
  "radial_distortion": [
    0.09263141453266144,
    -0.060330551117658615,
    0.0
  ],
  "tangential_distortion": [
    -0.03872985765337944,
    0.008248725906014442
  ],
  "image_size": [
    1072,
    1920
  ]
}