{
  "orientation": [
    [
      0.9424216747283936,
      0.12378086894750595,
      -0.3106761574745178
    ],
    [
      -0.1116437092423439,
      0.9921337366104126,
      0.05662401393055916
    ],
    [
      0.315241277217865,
      -0.018678657710552216,
      0.9488277435302734
    ]
  ],
  "position": [
    -1.792813777923584,
    2.324516773223877,
    0.3001145124435425
  ],
  "focal_length": 1716.115478515625,
  "principal_point": [
    628.9470825195312,
    609.3314208984375
  ],
  "skew": 0.0,
  "pixel_aspect_ratio": 0.9643391966819763,
  "radial_distortion": [
    0.09263141453266144,
    -0.060330551117658615,
    0.0
  ],
  "tangential_distortion": [
    -0.03872985765337944,
    0.008248725906014442
  ],
  "image_size": [
    1072,
    1920
  ]
}