{
  "orientation": [
    [
      0.9990037083625793,
      -0.018361210823059082,
      -0.040675435215234756
    ],
    [
      0.016520557925105095,
      0.9988442659378052,
      -0.04513514041900635
    ],
    [
      0.0414571613073349,
      0.04441818967461586,
      0.9981524348258972
    ]
  ],
  "position": [
    3.1029562950134277,
    1.1410067081451416,
    -0.8836253881454468
  ],
  "focal_length": 1716.115478515625,
  "principal_point": [
    628.9470825195312,
    609.3314208984375
  ],
  "skew": 0.0,
  "pixel_aspect_ratio": 0.9643391966819763,
  "radial_distortion": [
    0.09263141453266144,
    -0.060330551117658615,
    0.0
  ],
  "tangential_distortion": [
    -0.03872985765337944,
    0.008248725906014442
  ],
  "image_size": [
    1072,
    1920
  ]
}