{
  "orientation": [
    [
      0.9140971899032593,
      0.13849125802516937,
      -0.3811122477054596
    ],
    [
      -0.14334209263324738,
      0.9895473718643188,
      0.015782896429300308
    ],
    [
      0.3793143928050995,
      0.04020232707262039,
      0.9243940711021423
    ]
  ],
  "position": [
    -2.89197039604187,
    1.5218322277069092,
    -1.1795252561569214
  ],
  "focal_length": 1716.115478515625,
  "principal_point": [
    628.9470825195312,
    609.3314208984375
  ],
  "skew": 0.0,
  "pixel_aspect_ratio": 0.9643391966819763,
  "radial_distortion": [
    0.09263141453266144,
    -0.060330551117658615,
    0.0
  ],
  "tangential_distortion": [
    -0.03872985765337944,
    0.008248725906014442
  ],
  "image_size": [
    1072,
    1920
  ]
}