{
  "orientation": [
    [
      0.9852315783500671,
      -0.0740380808711052,
      0.1543925255537033
    ],
    [
      0.10074019432067871,
      0.979752242565155,
      -0.17302294075489044
    ],
    [
      -0.13845613598823547,
      0.18602120876312256,
      0.9727414846420288
    ]
  ],
  "position": [
    4.236208915710449,
    -0.3615763187408447,
    -0.37068426609039307
  ],
  "focal_length": 1716.115478515625,
  "principal_point": [
    628.9470825195312,
    609.3314208984375
  ],
  "skew": 0.0,
  "pixel_aspect_ratio": 0.9643391966819763,
  "radial_distortion": [
    0.09263141453266144,
    -0.060330551117658615,
    0.0
  ],
  "tangential_distortion": [
    -0.03872985765337944,
    0.008248725906014442
  ],
  "image_size": [
    1072,
    1920
  ]
}