{
  "orientation": [
    [
      0.917594313621521,
      0.07671967148780823,
      -0.390044629573822
    ],
    [
      -0.172645702958107,
      0.9607419967651367,
      -0.21718259155750275
    ],
    [
      0.3580700755119324,
      0.2666250169277191,
      0.8948166966438293
    ]
  ],
  "position": [
    -2.9510340690612793,
    -3.1903302669525146,
    -1.8331928253173828
  ],
  "focal_length": 1716.115478515625,
  "principal_point": [
    628.9470825195312,
    609.3314208984375
  ],
  "skew": 0.0,
  "pixel_aspect_ratio": 0.9643391966819763,
  "radial_distortion": [
    0.09263141453266144,
    -0.060330551117658615,
    0.0
  ],
  "tangential_distortion": [
    -0.03872985765337944,
    0.008248725906014442
  ],
  "image_size": [
    1072,
    1920
  ]
}