{
  "orientation": [
    [
      0.9116916656494141,
      0.15358363091945648,
      -0.38109108805656433
    ],
    [
      -0.1420193910598755,
      0.9881353378295898,
      0.05847293511033058
    ],
    [
      0.38555005192756653,
      0.0008130372734740376,
      0.9226865768432617
    ]
  ],
  "position": [
    -2.834731101989746,
    1.9686356782913208,
    0.4892825782299042
  ],
  "focal_length": 1716.115478515625,
  "principal_point": [
    628.9470825195312,
    609.3314208984375
  ],
  "skew": 0.0,
  "pixel_aspect_ratio": 0.9643391966819763,
  "radial_distortion": [
    0.09263141453266144,
    -0.060330551117658615,
    0.0
  ],
  "tangential_distortion": [
    -0.03872985765337944,
    0.008248725906014442
  ],
  "image_size": [
    1072,
    1920
  ]
}