{
  "orientation": [
    [
      0.9924659729003906,
      0.025722945109009743,
      -0.11978983134031296
    ],
    [
      -0.02786504477262497,
      0.9994797706604004,
      -0.016241328790783882
    ],
    [
      0.11930973082780838,
      0.01945691555738449,
      0.9926664233207703
    ]
  ],
  "position": [
    1.5530210733413696,
    1.8343091011047363,
    -0.6559948325157166
  ],
  "focal_length": 1716.115478515625,
  "principal_point": [
    628.9470825195312,
    609.3314208984375
  ],
  "skew": 0.0,
  "pixel_aspect_ratio": 0.9643391966819763,
  "radial_distortion": [
    0.09263141453266144,
    -0.060330551117658615,
    0.0
  ],
  "tangential_distortion": [
    -0.03872985765337944,
    0.008248725906014442
  ],
  "image_size": [
    1072,
    1920
  ]
}