{
  "orientation": [
    [
      0.992745578289032,
      -0.07842407375574112,
      0.09113658964633942
    ],
    [
      0.09919269382953644,
      0.9625808000564575,
      -0.2521885335445404
    ],
    [
      -0.06794867664575577,
      0.2593991458415985,
      0.9633768796920776
    ]
  ],
  "position": [
    2.678065061569214,
    -2.655477523803711,
    -0.9180408120155334
  ],
  "focal_length": 1716.115478515625,
  "principal_point": [
    628.9470825195312,
    609.3314208984375
  ],
  "skew": 0.0,
  "pixel_aspect_ratio": 0.9643391966819763,
  "radial_distortion": [
    0.09263141453266144,
    -0.060330551117658615,
    0.0
  ],
  "tangential_distortion": [
    -0.03872985765337944,
    0.008248725906014442
  ],
  "image_size": [
    1072,
    1920
  ]
}