{
  "orientation": [
    [
      0.9951946139335632,
      -0.08758155256509781,
      0.04378557205200195
    ],
    [
      0.09308105707168579,
      0.9849805235862732,
      -0.1454278528690338
    ],
    [
      -0.030391141772270203,
      0.14880461990833282,
      0.9883995056152344
    ]
  ],
  "position": [
    3.639599084854126,
    -1.5149227380752563,
    -1.7796967029571533
  ],
  "focal_length": 1716.115478515625,
  "principal_point": [
    628.9470825195312,
    609.3314208984375
  ],
  "skew": 0.0,
  "pixel_aspect_ratio": 0.9643391966819763,
  "radial_distortion": [
    0.09263141453266144,
    -0.060330551117658615,
    0.0
  ],
  "tangential_distortion": [
    -0.03872985765337944,
    0.008248725906014442
  ],
  "image_size": [
    1072,
    1920
  ]
}