{
  "orientation": [
    [
      0.8839486837387085,
      0.14390085637569427,
      -0.44489023089408875
    ],
    [
      -0.2087191939353943,
      0.9728462100028992,
      -0.10003286600112915
    ],
    [
      0.4184149503707886,
      0.18128104507923126,
      0.8899809718132019
    ]
  ],
  "position": [
    -4.001523494720459,
    -1.7204787731170654,
    -1.6944975852966309
  ],
  "focal_length": 1716.115478515625,
  "principal_point": [
    628.9470825195312,
    609.3314208984375
  ],
  "skew": 0.0,
  "pixel_aspect_ratio": 0.9643391966819763,
  "radial_distortion": [
    0.09263141453266144,
    -0.060330551117658615,
    0.0
  ],
  "tangential_distortion": [
    -0.03872985765337944,
    0.008248725906014442
  ],
  "image_size": [
    1072,
    1920
  ]
}