{
  "orientation": [
    [
      0.879544734954834,
      0.21182000637054443,
      -0.4260672926902771
    ],
    [
      -0.23000960052013397,
      0.9731468558311462,
      0.008985069580376148
    ],
    [
      0.4165292978286743,
      0.09009680151939392,
      0.9046468734741211
    ]
  ],
  "position": [
    -3.7557332515716553,
    0.3107176423072815,
    -1.2988877296447754
  ],
  "focal_length": 1716.115478515625,
  "principal_point": [
    628.9470825195312,
    609.3314208984375
  ],
  "skew": 0.0,
  "pixel_aspect_ratio": 0.9643391966819763,
  "radial_distortion": [
    0.09263141453266144,
    -0.060330551117658615,
    0.0
  ],
  "tangential_distortion": [
    -0.03872985765337944,
    0.008248725906014442
  ],
  "image_size": [
    1072,
    1920
  ]
}