{
  "orientation": [
    [
      0.9877338409423828,
      0.002425357699394226,
      -0.15612797439098358
    ],
    [
      -0.041813936084508896,
      0.9674705266952515,
      -0.24950416386127472
    ],
    [
      0.15044407546520233,
      0.2529720366001129,
      0.9557048082351685
    ]
  ],
  "position": [
    0.42423132061958313,
    -3.366428852081299,
    -2.0595290660858154
  ],
  "focal_length": 1716.115478515625,
  "principal_point": [
    628.9470825195312,
    609.3314208984375
  ],
  "skew": 0.0,
  "pixel_aspect_ratio": 0.9643391966819763,
  "radial_distortion": [
    0.09263141453266144,
    -0.060330551117658615,
    0.0
  ],
  "tangential_distortion": [
    -0.03872985765337944,
    0.008248725906014442
  ],
  "image_size": [
    1072,
    1920
  ]
}