{
  "orientation": [
    [
      0.9987555146217346,
      0.0209200419485569,
      -0.045274436473846436
    ],
    [
      -0.021486373618245125,
      0.9996964335441589,
      -0.012058565393090248
    ],
    [
      0.045008424669504166,
      0.01301634218543768,
      0.9989017844200134
    ]
  ],
  "position": [
    2.633786916732788,
    2.383805513381958,
    -0.2898273766040802
  ],
  "focal_length": 1716.115478515625,
  "principal_point": [
    628.9470825195312,
    609.3314208984375
  ],
  "skew": 0.0,
  "pixel_aspect_ratio": 0.9643391966819763,
  "radial_distortion": [
    0.09263141453266144,
    -0.060330551117658615,
    0.0
  ],
  "tangential_distortion": [
    -0.03872985765337944,
    0.008248725906014442
  ],
  "image_size": [
    1072,
    1920
  ]
}