{
  "orientation": [
    [
      0.9947161674499512,
      -0.032447002828121185,
      -0.09740102291107178
    ],
    [
      0.0033870621118694544,
      0.9585973620414734,
      -0.28474488854408264
    ],
    [
      0.10260748118162155,
      0.28291043639183044,
      0.9536421895027161
    ]
  ],
  "position": [
    -0.10620935261249542,
    -3.4144654273986816,
    -0.9694088697433472
  ],
  "focal_length": 1716.115478515625,
  "principal_point": [
    628.9470825195312,
    609.3314208984375
  ],
  "skew": 0.0,
  "pixel_aspect_ratio": 0.9643391966819763,
  "radial_distortion": [
    0.09263141453266144,
    -0.060330551117658615,
    0.0
  ],
  "tangential_distortion": [
    -0.03872985765337944,
    0.008248725906014442
  ],
  "image_size": [
    1072,
    1920
  ]
}