{
  "orientation": [
    [
      0.9895169734954834,
      -0.06117580458521843,
      0.13081935048103333
    ],
    [
      0.0756022110581398,
      0.9912375211715698,
      -0.10831666737794876
    ],
    [
      -0.12304668873548508,
      0.11707141250371933,
      0.9854713678359985
    ]
  ],
  "position": [
    4.334778785705566,
    0.34505271911621094,
    -0.5571722388267517
  ],
  "focal_length": 1716.115478515625,
  "principal_point": [
    628.9470825195312,
    609.3314208984375
  ],
  "skew": 0.0,
  "pixel_aspect_ratio": 0.9643391966819763,
  "radial_distortion": [
    0.09263141453266144,
    -0.060330551117658615,
    0.0
  ],
  "tangential_distortion": [
    -0.03872985765337944,
    0.008248725906014442
  ],
  "image_size": [
    1072,
    1920
  ]
}