{
  "orientation": [
    [
      0.9353170394897461,
      0.0670962929725647,
      -0.34739044308662415
    ],
    [
      -0.15244293212890625,
      0.9624660611152649,
      -0.22454437613487244
    ],
    [
      0.31928542256355286,
      0.26297739148139954,
      0.9104393124580383
    ]
  ],
  "position": [
    -2.4416589736938477,
    -3.2604892253875732,
    -1.9882183074951172
  ],
  "focal_length": 1716.115478515625,
  "principal_point": [
    628.9470825195312,
    609.3314208984375
  ],
  "skew": 0.0,
  "pixel_aspect_ratio": 0.9643391966819763,
  "radial_distortion": [
    0.09263141453266144,
    -0.060330551117658615,
    0.0
  ],
  "tangential_distortion": [
    -0.03872985765337944,
    0.008248725906014442
  ],
  "image_size": [
    1072,
    1920
  ]
}