{
  "orientation": [
    [
      0.9771364331245422,
      0.0723499208688736,
      -0.19992473721504211
    ],
    [
      -0.066791832447052,
      0.9971731901168823,
      0.03441629186272621
    ],
    [
      0.20184960961341858,
      -0.02027607336640358,
      0.9792066216468811
    ]
  ],
  "position": [
    -0.057965073734521866,
    2.598848342895508,
    -0.008822567760944366
  ],
  "focal_length": 1716.115478515625,
  "principal_point": [
    628.9470825195312,
    609.3314208984375
  ],
  "skew": 0.0,
  "pixel_aspect_ratio": 0.9643391966819763,
  "radial_distortion": [
    0.09263141453266144,
    -0.060330551117658615,
    0.0
  ],
  "tangential_distortion": [
    -0.03872985765337944,
    0.008248725906014442
  ],
  "image_size": [
    1072,
    1920
  ]
}