{
  "orientation": [
    [
      0.9868789315223694,
      -0.06939787417650223,
      0.1457870602607727
    ],
    [
      0.0908137708902359,
      0.9851371049880981,
      -0.1458001732826233
    ],
    [
      -0.1335020214319229,
      0.15712659060955048,
      0.9785133600234985
    ]
  ],
  "position": [
    4.29416561126709,
    -0.023767217993736267,
    -0.4216978847980499
  ],
  "focal_length": 1716.115478515625,
  "principal_point": [
    628.9470825195312,
    609.3314208984375
  ],
  "skew": 0.0,
  "pixel_aspect_ratio": 0.9643391966819763,
  "radial_distortion": [
    0.09263141453266144,
    -0.060330551117658615,
    0.0
  ],
  "tangential_distortion": [
    -0.03872985765337944,
    0.008248725906014442
  ],
  "image_size": [
    1072,
    1920
  ]
}