{
  "orientation": [
    [
      0.9299827814102173,
      0.1116851270198822,
      -0.35022637248039246
    ],
    [
      -0.10816343128681183,
      0.9936903715133667,
      0.029667414724826813
    ],
    [
      0.3513299822807312,
      0.010291501879692078,
      0.9361951351165771
    ]
  ],
  "position": [
    -2.3564083576202393,
    1.7745296955108643,
    -1.5437278747558594
  ],
  "focal_length": 1716.115478515625,
  "principal_point": [
    628.9470825195312,
    609.3314208984375
  ],
  "skew": 0.0,
  "pixel_aspect_ratio": 0.9643391966819763,
  "radial_distortion": [
    0.09263141453266144,
    -0.060330551117658615,
    0.0
  ],
  "tangential_distortion": [
    -0.03872985765337944,
    0.008248725906014442
  ],
  "image_size": [
    1072,
    1920
  ]
}