{
  "orientation": [
    [
      0.9951374530792236,
      -0.07224323600530624,
      0.0669507309794426
    ],
    [
      0.08725687861442566,
      0.9619303345680237,
      -0.25899094343185425
    ],
    [
      -0.0456915944814682,
      0.2635734975337982,
      0.9635565876960754
    ]
  ],
  "position": [
    2.2471206188201904,
    -2.8618109226226807,
    -1.0168766975402832
  ],
  "focal_length": 1716.115478515625,
  "principal_point": [
    628.9470825195312,
    609.3314208984375
  ],
  "skew": 0.0,
  "pixel_aspect_ratio": 0.9643391966819763,
  "radial_distortion": [
    0.09263141453266144,
    -0.060330551117658615,
    0.0
  ],
  "tangential_distortion": [
    -0.03872985765337944,
    0.008248725906014442
  ],
  "image_size": [
    1072,
    1920
  ]
}