{
  "orientation": [
    [
      0.9940167665481567,
      0.014627845026552677,
      -0.10824385285377502
    ],
    [
      -0.01713748276233673,
      0.9996046423912048,
      -0.02229117974638939
    ],
    [
      0.10787498205900192,
      0.024012833833694458,
      0.9938744306564331
    ]
  ],
  "position": [
    1.9755232334136963,
    1.6906930208206177,
    -0.7539969682693481
  ],
  "focal_length": 1716.115478515625,
  "principal_point": [
    628.9470825195312,
    609.3314208984375
  ],
  "skew": 0.0,
  "pixel_aspect_ratio": 0.9643391966819763,
  "radial_distortion": [
    0.09263141453266144,
    -0.060330551117658615,
    0.0
  ],
  "tangential_distortion": [
    -0.03872985765337944,
    0.008248725906014442
  ],
  "image_size": [
    1072,
    1920
  ]
}