{
  "orientation": [
    [
      0.9845423102378845,
      -0.07389510422945023,
      0.15879544615745544
    ],
    [
      0.10542023926973343,
      0.9740368723869324,
      -0.20034657418727875
    ],
    [
      -0.13986797630786896,
      0.21398992836475372,
      0.9667705297470093
    ]
  ],
  "position": [
    4.173257827758789,
    -0.8121782541275024,
    -0.34389522671699524
  ],
  "focal_length": 1716.115478515625,
  "principal_point": [
    628.9470825195312,
    609.3314208984375
  ],
  "skew": 0.0,
  "pixel_aspect_ratio": 0.9643391966819763,
  "radial_distortion": [
    0.09263141453266144,
    -0.060330551117658615,
    0.0
  ],
  "tangential_distortion": [
    -0.03872985765337944,
    0.008248725906014442
  ],
  "image_size": [
    1072,
    1920
  ]
}