{
  "orientation": [
    [
      0.9948041439056396,
      -0.09412337839603424,
      0.038801565766334534
    ],
    [
      0.09824889153242111,
      0.9874573349952698,
      -0.12359254062175751
    ],
    [
      -0.026681942865252495,
      0.12676258385181427,
      0.9915741682052612
    ]
  ],
  "position": [
    3.7039341926574707,
    -1.0200185775756836,
    -1.6217443943023682
  ],
  "focal_length": 1716.115478515625,
  "principal_point": [
    628.9470825195312,
    609.3314208984375
  ],
  "skew": 0.0,
  "pixel_aspect_ratio": 0.9643391966819763,
  "radial_distortion": [
    0.09263141453266144,
    -0.060330551117658615,
    0.0
  ],
  "tangential_distortion": [
    -0.03872985765337944,
    0.008248725906014442
  ],
  "image_size": [
    1072,
    1920
  ]
}