{
  "orientation": [
    [
      0.9971932172775269,
      -0.06504446268081665,
      0.03707946464419365
    ],
    [
      0.07071495801210403,
      0.9809335470199585,
      -0.1810213327407837
    ],
    [
      -0.024598056450486183,
      0.18313531577587128,
      0.9827799201011658
    ]
  ],
  "position": [
    3.539867401123047,
    -2.2445647716522217,
    -1.95740807056427
  ],
  "focal_length": 1716.115478515625,
  "principal_point": [
    628.9470825195312,
    609.3314208984375
  ],
  "skew": 0.0,
  "pixel_aspect_ratio": 0.9643391966819763,
  "radial_distortion": [
    0.09263141453266144,
    -0.060330551117658615,
    0.0
  ],
  "tangential_distortion": [
    -0.03872985765337944,
    0.008248725906014442
  ],
  "image_size": [
    1072,
    1920
  ]
}