{
  "orientation": [
    [
      0.9730443954467773,
      0.0603153258562088,
      -0.22259081900119781
    ],
    [
      -0.05750967934727669,
      0.9981628060340881,
      0.0190710611641407
    ],
    [
      0.22333215177059174,
      -0.005755862686783075,
      0.9747254252433777
    ]
  ],
  "position": [
    -0.19390295445919037,
    2.1901869773864746,
    -0.3945987820625305
  ],
  "focal_length": 1716.115478515625,
  "principal_point": [
    628.9470825195312,
    609.3314208984375
  ],
  "skew": 0.0,
  "pixel_aspect_ratio": 0.9643391966819763,
  "radial_distortion": [
    0.09263141453266144,
    -0.060330551117658615,
    0.0
  ],
  "tangential_distortion": [
    -0.03872985765337944,
    0.008248725906014442
  ],
  "image_size": [
    1072,
    1920
  ]
}