{
  "orientation": [
    [
      0.9821502566337585,
      0.014700861647725105,
      -0.187522754073143
    ],
    [
      -0.06271973252296448,
      0.9654820561408997,
      -0.2528054714202881
    ],
    [
      0.17733339965343475,
      0.2600543200969696,
      0.9491704702377319
    ]
  ],
  "position": [
    -0.1588304042816162,
    -3.4380383491516113,
    -2.0217361450195312
  ],
  "focal_length": 1716.115478515625,
  "principal_point": [
    628.9470825195312,
    609.3314208984375
  ],
  "skew": 0.0,
  "pixel_aspect_ratio": 0.9643391966819763,
  "radial_distortion": [
    0.09263141453266144,
    -0.060330551117658615,
    0.0
  ],
  "tangential_distortion": [
    -0.03872985765337944,
    0.008248725906014442
  ],
  "image_size": [
    1072,
    1920
  ]
}