{
  "orientation": [
    [
      0.9620643854141235,
      0.04238166660070419,
      -0.2695104777812958
    ],
    [
      -0.11089689284563065,
      0.963317334651947,
      -0.2443799376487732
    ],
    [
      0.24926689267158508,
      0.26499709486961365,
      0.9314733147621155
    ]
  ],
  "position": [
    -1.4019804000854492,
    -3.467350959777832,
    -2.0206286907196045
  ],
  "focal_length": 1716.115478515625,
  "principal_point": [
    628.9470825195312,
    609.3314208984375
  ],
  "skew": 0.0,
  "pixel_aspect_ratio": 0.9643391966819763,
  "radial_distortion": [
    0.09263141453266144,
    -0.060330551117658615,
    0.0
  ],
  "tangential_distortion": [
    -0.03872985765337944,
    0.008248725906014442
  ],
  "image_size": [
    1072,
    1920
  ]
}