{
  "orientation": [
    [
      0.8999791741371155,
      0.16117732226848602,
      -0.40504246950149536
    ],
    [
      -0.15467840433120728,
      0.9867505431175232,
      0.04896888509392738
    ],
    [
      0.4075685441493988,
      0.018580343574285507,
      0.9129855632781982
    ]
  ],
  "position": [
    -3.259652614593506,
    1.6907955408096313,
    0.5429863929748535
  ],
  "focal_length": 1716.115478515625,
  "principal_point": [
    628.9470825195312,
    609.3314208984375
  ],
  "skew": 0.0,
  "pixel_aspect_ratio": 0.9643391966819763,
  "radial_distortion": [
    0.09263141453266144,
    -0.060330551117658615,
    0.0
  ],
  "tangential_distortion": [
    -0.03872985765337944,
    0.008248725906014442
  ],
  "image_size": [
    1072,
    1920
  ]
}