{
  "orientation": [
    [
      0.9904986023902893,
      -0.017472200095653534,
      -0.136408269405365
    ],
    [
      -0.02238469012081623,
      0.9581848382949829,
      -0.2852730453014374
    ],
    [
      0.1356886774301529,
      0.285616010427475,
      0.9486896395683289
    ]
  ],
  "position": [
    -0.4956713318824768,
    -3.36483097076416,
    -0.9297178387641907
  ],
  "focal_length": 1716.115478515625,
  "principal_point": [
    628.9470825195312,
    609.3314208984375
  ],
  "skew": 0.0,
  "pixel_aspect_ratio": 0.9643391966819763,
  "radial_distortion": [
    0.09263141453266144,
    -0.060330551117658615,
    0.0
  ],
  "tangential_distortion": [
    -0.03872985765337944,
    0.008248725906014442
  ],
  "image_size": [
    1072,
    1920
  ]
}