{
  "orientation": [
    [
      0.9880964159965515,
      0.046450380235910416,
      -0.14665541052818298
    ],
    [
      -0.04421587288379669,
      0.9988514184951782,
      0.01846151612699032
    ],
    [
      0.14734451472759247,
      -0.011757261119782925,
      0.9890153408050537
    ]
  ],
  "position": [
    1.0189204216003418,
    2.589634656906128,
    -0.202170729637146
  ],
  "focal_length": 1716.115478515625,
  "principal_point": [
    628.9470825195312,
    609.3314208984375
  ],
  "skew": 0.0,
  "pixel_aspect_ratio": 0.9643391966819763,
  "radial_distortion": [
    0.09263141453266144,
    -0.060330551117658615,
    0.0
  ],
  "tangential_distortion": [
    -0.03872985765337944,
    0.008248725906014442
  ],
  "image_size": [
    1072,
    1920
  ]
}