{
  "orientation": [
    [
      0.940849781036377,
      0.08543899655342102,
      -0.3278747498989105
    ],
    [
      -0.08290962129831314,
      0.9963204860687256,
      0.02171294018626213
    ],
    [
      0.3285234570503235,
      0.006755355279892683,
      0.9444716572761536
    ]
  ],
  "position": [
    -2.001690149307251,
    1.6647430658340454,
    -1.7718678712844849
  ],
  "focal_length": 1716.115478515625,
  "principal_point": [
    628.9470825195312,
    609.3314208984375
  ],
  "skew": 0.0,
  "pixel_aspect_ratio": 0.9643391966819763,
  "radial_distortion": [
    0.09263141453266144,
    -0.060330551117658615,
    0.0
  ],
  "tangential_distortion": [
    -0.03872985765337944,
    0.008248725906014442
  ],
  "image_size": [
    1072,
    1920
  ]
}