{
  "orientation": [
    [
      0.9870296120643616,
      -0.09384390711784363,
      0.130252867937088
    ],
    [
      0.12326003611087799,
      0.9628298878669739,
      -0.24034470319747925
    ],
    [
      -0.10285646468400955,
      0.2532823085784912,
      0.9619088172912598
    ]
  ],
  "position": [
    3.3120076656341553,
    -2.044668197631836,
    -0.6314737200737
  ],
  "focal_length": 1716.115478515625,
  "principal_point": [
    628.9470825195312,
    609.3314208984375
  ],
  "skew": 0.0,
  "pixel_aspect_ratio": 0.9643391966819763,
  "radial_distortion": [
    0.09263141453266144,
    -0.060330551117658615,
    0.0
  ],
  "tangential_distortion": [
    -0.03872985765337944,
    0.008248725906014442
  ],
  "image_size": [
    1072,
    1920
  ]
}