{
  "orientation": [
    [
      0.9983305335044861,
      -0.01760721020400524,
      -0.05501026660203934
    ],
    [
      0.00492500513792038,
      0.9748852252960205,
      -0.22265344858169556
    ],
    [
      0.05754900351166725,
      0.22201082110404968,
      0.9733443856239319
    ]
  ],
  "position": [
    2.2733964920043945,
    -2.954713821411133,
    -2.1278584003448486
  ],
  "focal_length": 1716.115478515625,
  "principal_point": [
    628.9470825195312,
    609.3314208984375
  ],
  "skew": 0.0,
  "pixel_aspect_ratio": 0.9643391966819763,
  "radial_distortion": [
    0.09263141453266144,
    -0.060330551117658615,
    0.0
  ],
  "tangential_distortion": [
    -0.03872985765337944,
    0.008248725906014442
  ],
  "image_size": [
    1072,
    1920
  ]
}