{
  "orientation": [
    [
      0.998746395111084,
      -0.04629099369049072,
      -0.019047459587454796
    ],
    [
      0.038825951516628265,
      0.9565665125846863,
      -0.28891700506210327
    ],
    [
      0.031594417989254,
      0.28781527280807495,
      0.9571646451950073
    ]
  ],
  "position": [
    0.9446600079536438,
    -3.4431843757629395,
    -0.9665675759315491
  ],
  "focal_length": 1716.115478515625,
  "principal_point": [
    628.9470825195312,
    609.3314208984375
  ],
  "skew": 0.0,
  "pixel_aspect_ratio": 0.9643391966819763,
  "radial_distortion": [
    0.09263141453266144,
    -0.060330551117658615,
    0.0
  ],
  "tangential_distortion": [
    -0.03872985765337944,
    0.008248725906014442
  ],
  "image_size": [
    1072,
    1920
  ]
}