{
  "orientation": [
    [
      0.8952575325965881,
      0.17598922550678253,
      -0.4093186557292938
    ],
    [
      -0.22492896020412445,
      0.9715427160263062,
      -0.07424116879701614
    ],
    [
      0.38460493087768555,
      0.15853258967399597,
      0.9093659520149231
    ]
  ],
  "position": [
    -2.9725441932678223,
    -0.2158345729112625,
    -0.21846827864646912
  ],
  "focal_length": 1716.115478515625,
  "principal_point": [
    628.9470825195312,
    609.3314208984375
  ],
  "skew": 0.0,
  "pixel_aspect_ratio": 0.9643391966819763,
  "radial_distortion": [
    0.09263141453266144,
    -0.060330551117658615,
    0.0
  ],
  "tangential_distortion": [
    -0.03872985765337944,
    0.008248725906014442
  ],
  "image_size": [
    1072,
    1920
  ]
}