{
  "orientation": [
    [
      0.9201781749725342,
      0.10339241474866867,
      -0.3776005208492279
    ],
    [
      -0.17285220324993134,
      0.9726930856704712,
      -0.1548878401517868
    ],
    [
      0.3512752056121826,
      0.2077934890985489,
      0.9129225611686707
    ]
  ],
  "position": [
    -2.5116350650787354,
    -1.779117465019226,
    -0.606794536113739
  ],
  "focal_length": 1716.115478515625,
  "principal_point": [
    628.9470825195312,
    609.3314208984375
  ],
  "skew": 0.0,
  "pixel_aspect_ratio": 0.9643391966819763,
  "radial_distortion": [
    0.09263141453266144,
    -0.060330551117658615,
    0.0
  ],
  "tangential_distortion": [
    -0.03872985765337944,
    0.008248725906014442
  ],
  "image_size": [
    1072,
    1920
  ]
}