{
  "orientation": [
    [
      0.9058005213737488,
      0.17827720940113068,
      -0.3843730092048645
    ],
    [
      -0.17970986664295197,
      0.9831821918487549,
      0.032514460384845734
    ],
    [
      0.3837052583694458,
      0.03962400555610657,
      0.9226050972938538
    ]
  ],
  "position": [
    -3.01446795463562,
    0.9686944484710693,
    -0.24590584635734558
  ],
  "focal_length": 1716.115478515625,
  "principal_point": [
    628.9470825195312,
    609.3314208984375
  ],
  "skew": 0.0,
  "pixel_aspect_ratio": 0.9643391966819763,
  "radial_distortion": [
    0.09263141453266144,
    -0.060330551117658615,
    0.0
  ],
  "tangential_distortion": [
    -0.03872985765337944,
    0.008248725906014442
  ],
  "image_size": [
    1072,
    1920
  ]
}