{
  "orientation": [
    [
      0.9756981134414673,
      0.005445830523967743,
      -0.2190515697002411
    ],
    [
      -0.06573817133903503,
      0.9609161615371704,
      -0.26892122626304626
    ],
    [
      0.20902569591999054,
      0.2767859697341919,
      0.9379220604896545
    ]
  ],
  "position": [
    -1.2389179468154907,
    -3.0915889739990234,
    -0.8213738203048706
  ],
  "focal_length": 1716.115478515625,
  "principal_point": [
    628.9470825195312,
    609.3314208984375
  ],
  "skew": 0.0,
  "pixel_aspect_ratio": 0.9643391966819763,
  "radial_distortion": [
    0.09263141453266144,
    -0.060330551117658615,
    0.0
  ],
  "tangential_distortion": [
    -0.03872985765337944,
    0.008248725906014442
  ],
  "image_size": [
    1072,
    1920
  ]
}