{
  "orientation": [
    [
      0.9883451461791992,
      0.03482199087738991,
      -0.1481935679912567
    ],
    [
      -0.03588493913412094,
      0.9993457794189453,
      -0.0045042275451123714
    ],
    [
      0.1479397565126419,
      0.009769648313522339,
      0.9889481067657471
    ]
  ],
  "position": [
    1.000413179397583,
    1.9755630493164062,
    -0.5836200714111328
  ],
  "focal_length": 1716.115478515625,
  "principal_point": [
    628.9470825195312,
    609.3314208984375
  ],
  "skew": 0.0,
  "pixel_aspect_ratio": 0.9643391966819763,
  "radial_distortion": [
    0.09263141453266144,
    -0.060330551117658615,
    0.0
  ],
  "tangential_distortion": [
    -0.03872985765337944,
    0.008248725906014442
  ],
  "image_size": [
    1072,
    1920
  ]
}