{
  "orientation": [
    [
      0.9967057108879089,
      -0.044508155435323715,
      0.0677993968129158
    ],
    [
      0.04974830150604248,
      0.9957371354103088,
      -0.07767017930746078
    ],
    [
      -0.06405341625213623,
      0.08078721165657043,
      0.994671106338501
    ]
  ],
  "position": [
    3.986445903778076,
    1.1402174234390259,
    -0.46517136693000793
  ],
  "focal_length": 1716.115478515625,
  "principal_point": [
    628.9470825195312,
    609.3314208984375
  ],
  "skew": 0.0,
  "pixel_aspect_ratio": 0.9643391966819763,
  "radial_distortion": [
    0.09263141453266144,
    -0.060330551117658615,
    0.0
  ],
  "tangential_distortion": [
    -0.03872985765337944,
    0.008248725906014442
  ],
  "image_size": [
    1072,
    1920
  ]
}