{
  "orientation": [
    [
      0.9838119745254517,
      0.05853179097175598,
      -0.16937540471553802
    ],
    [
      -0.054992835968732834,
      0.998160719871521,
      0.02551446482539177
    ],
    [
      0.17055727541446686,
      -0.015787001699209213,
      0.985221266746521
    ]
  ],
  "position": [
    0.48607906699180603,
    2.61887264251709,
    -0.09155526012182236
  ],
  "focal_length": 1716.115478515625,
  "principal_point": [
    628.9470825195312,
    609.3314208984375
  ],
  "skew": 0.0,
  "pixel_aspect_ratio": 0.9643391966819763,
  "radial_distortion": [
    0.09263141453266144,
    -0.060330551117658615,
    0.0
  ],
  "tangential_distortion": [
    -0.03872985765337944,
    0.008248725906014442
  ],
  "image_size": [
    1072,
    1920
  ]
}