{
  "orientation": [
    [
      0.995234489440918,
      -0.08928677439689636,
      0.03919482231140137
    ],
    [
      0.09347201138734818,
      0.9880359768867493,
      -0.12266983091831207
    ],
    [
      -0.02777310274541378,
      0.12574885785579681,
      0.9916732907295227
    ]
  ],
  "position": [
    3.7479300498962402,
    -0.8405599594116211,
    -1.4530227184295654
  ],
  "focal_length": 1716.115478515625,
  "principal_point": [
    628.9470825195312,
    609.3314208984375
  ],
  "skew": 0.0,
  "pixel_aspect_ratio": 0.9643391966819763,
  "radial_distortion": [
    0.09263141453266144,
    -0.060330551117658615,
    0.0
  ],
  "tangential_distortion": [
    -0.03872985765337944,
    0.008248725906014442
  ],
  "image_size": [
    1072,
    1920
  ]
}