{
  "orientation": [
    [
      0.998579204082489,
      -0.05203961580991745,
      0.011463635601103306
    ],
    [
      0.05281023308634758,
      0.9951896667480469,
      -0.08251414448022842
    ],
    [
      -0.007114487700164318,
      0.08300230652093887,
      0.9965239763259888
    ]
  ],
  "position": [
    3.522784948348999,
    0.47645798325538635,
    -0.9768959283828735
  ],
  "focal_length": 1716.115478515625,
  "principal_point": [
    628.9470825195312,
    609.3314208984375
  ],
  "skew": 0.0,
  "pixel_aspect_ratio": 0.9643391966819763,
  "radial_distortion": [
    0.09263141453266144,
    -0.060330551117658615,
    0.0
  ],
  "tangential_distortion": [
    -0.03872985765337944,
    0.008248725906014442
  ],
  "image_size": [
    1072,
    1920
  ]
}