{
  "orientation": [
    [
      0.9863469004631042,
      -0.09205776453018188,
      0.13654707372188568
    ],
    [
      0.1225195825099945,
      0.9642593264579773,
      -0.2349318116903305
    ],
    [
      -0.11003949493169785,
      0.24845395982265472,
      0.9623730778694153
    ]
  ],
  "position": [
    3.614156723022461,
    -1.6442289352416992,
    -0.4868631660938263
  ],
  "focal_length": 1716.115478515625,
  "principal_point": [
    628.9470825195312,
    609.3314208984375
  ],
  "skew": 0.0,
  "pixel_aspect_ratio": 0.9643391966819763,
  "radial_distortion": [
    0.09263141453266144,
    -0.060330551117658615,
    0.0
  ],
  "tangential_distortion": [
    -0.03872985765337944,
    0.008248725906014442
  ],
  "image_size": [
    1072,
    1920
  ]
}