{
  "orientation": [
    [
      0.900716245174408,
      0.10849101096391678,
      -0.42064225673675537
    ],
    [
      -0.1926918476819992,
      0.9676191806793213,
      -0.163042813539505
    ],
    [
      0.3893328309059143,
      0.2279096394777298,
      0.8924556970596313
    ]
  ],
  "position": [
    -3.465808153152466,
    -2.4494893550872803,
    -1.885283350944519
  ],
  "focal_length": 1716.115478515625,
  "principal_point": [
    628.9470825195312,
    609.3314208984375
  ],
  "skew": 0.0,
  "pixel_aspect_ratio": 0.9643391966819763,
  "radial_distortion": [
    0.09263141453266144,
    -0.060330551117658615,
    0.0
  ],
  "tangential_distortion": [
    -0.03872985765337944,
    0.008248725906014442
  ],
  "image_size": [
    1072,
    1920
  ]
}