{
  "orientation": [
    [
      0.9974564909934998,
      -0.006698277313262224,
      -0.07096267491579056
    ],
    [
      0.004255566745996475,
      0.9993950128555298,
      -0.03451789543032646
    ],
    [
      0.07115095853805542,
      0.034128110855817795,
      0.9968815445899963
    ]
  ],
  "position": [
    2.7413411140441895,
    1.3585398197174072,
    -0.8548217415809631
  ],
  "focal_length": 1716.115478515625,
  "principal_point": [
    628.9470825195312,
    609.3314208984375
  ],
  "skew": 0.0,
  "pixel_aspect_ratio": 0.9643391966819763,
  "radial_distortion": [
    0.09263141453266144,
    -0.060330551117658615,
    0.0
  ],
  "tangential_distortion": [
    -0.03872985765337944,
    0.008248725906014442
  ],
  "image_size": [
    1072,
    1920
  ]
}