{
  "orientation": [
    [
      0.9995420575141907,
      0.006401400547474623,
      0.029574988409876823
    ],
    [
      -0.005379975773394108,
      0.9993906021118164,
      -0.03448817878961563
    ],
    [
      -0.029777739197015762,
      0.034313272684812546,
      0.9989674091339111
    ]
  ],
  "position": [
    3.550987720489502,
    2.140939712524414,
    -0.23465347290039062
  ],
  "focal_length": 1716.115478515625,
  "principal_point": [
    628.9470825195312,
    609.3314208984375
  ],
  "skew": 0.0,
  "pixel_aspect_ratio": 0.9643391966819763,
  "radial_distortion": [
    0.09263141453266144,
    -0.060330551117658615,
    0.0
  ],
  "tangential_distortion": [
    -0.03872985765337944,
    0.008248725906014442
  ],
  "image_size": [
    1072,
    1920
  ]
}