{
  "orientation": [
    [
      0.9864698052406311,
      0.00755115645006299,
      -0.16376902163028717
    ],
    [
      -0.053519487380981445,
      0.9590435028076172,
      -0.2781568169593811
    ],
    [
      0.1549612134695053,
      0.2831581234931946,
      0.946471631526947
    ]
  ],
  "position": [
    -0.6362912654876709,
    -3.294405221939087,
    -0.9510539174079895
  ],
  "focal_length": 1716.115478515625,
  "principal_point": [
    628.9470825195312,
    609.3314208984375
  ],
  "skew": 0.0,
  "pixel_aspect_ratio": 0.9643391966819763,
  "radial_distortion": [
    0.09263141453266144,
    -0.060330551117658615,
    0.0
  ],
  "tangential_distortion": [
    -0.03872985765337944,
    0.008248725906014442
  ],
  "image_size": [
    1072,
    1920
  ]
}