{
  "orientation": [
    [
      0.9974926710128784,
      -0.06583265215158463,
      0.02597024478018284
    ],
    [
      0.06809866428375244,
      0.9927483797073364,
      -0.0990620031952858
    ],
    [
      -0.019260402768850327,
      0.10058216005563736,
      0.9947423338890076
    ]
  ],
  "position": [
    3.6495559215545654,
    0.081426702439785,
    -1.0835069417953491
  ],
  "focal_length": 1716.115478515625,
  "principal_point": [
    628.9470825195312,
    609.3314208984375
  ],
  "skew": 0.0,
  "pixel_aspect_ratio": 0.9643391966819763,
  "radial_distortion": [
    0.09263141453266144,
    -0.060330551117658615,
    0.0
  ],
  "tangential_distortion": [
    -0.03872985765337944,
    0.008248725906014442
  ],
  "image_size": [
    1072,
    1920
  ]
}