{
  "orientation": [
    [
      0.9738374948501587,
      0.02841612510383129,
      -0.22546181082725525
    ],
    [
      -0.08562790602445602,
      0.9649064540863037,
      -0.24824056029319763
    ],
    [
      0.21049553155899048,
      0.2610517740249634,
      0.9420953392982483
    ]
  ],
  "position": [
    -0.8189722895622253,
    -3.4619295597076416,
    -2.0229601860046387
  ],
  "focal_length": 1716.115478515625,
  "principal_point": [
    628.9470825195312,
    609.3314208984375
  ],
  "skew": 0.0,
  "pixel_aspect_ratio": 0.9643391966819763,
  "radial_distortion": [
    0.09263141453266144,
    -0.060330551117658615,
    0.0
  ],
  "tangential_distortion": [
    -0.03872985765337944,
    0.008248725906014442
  ],
  "image_size": [
    1072,
    1920
  ]
}