{
  "orientation": [
    [
      0.9981215000152588,
      -0.06120304763317108,
      -0.002775617176666856
    ],
    [
      0.05940639600157738,
      0.9779097437858582,
      -0.20040805637836456
    ],
    [
      0.014979885891079903,
      0.19986668229103088,
      0.9797086119651794
    ]
  ],
  "position": [
    2.7986433506011963,
    -2.692949056625366,
    -2.0770344734191895
  ],
  "focal_length": 1716.115478515625,
  "principal_point": [
    628.9470825195312,
    609.3314208984375
  ],
  "skew": 0.0,
  "pixel_aspect_ratio": 0.9643391966819763,
  "radial_distortion": [
    0.09263141453266144,
    -0.060330551117658615,
    0.0
  ],
  "tangential_distortion": [
    -0.03872985765337944,
    0.008248725906014442
  ],
  "image_size": [
    1072,
    1920
  ]
}