{
  "orientation": [
    [
      0.9982813000679016,
      -0.05644768849015236,
      0.01575128175318241
    ],
    [
      0.058600522577762604,
      0.9585044980049133,
      -0.27898940443992615
    ],
    [
      0.0006506317877210677,
      0.27943292260169983,
      0.9601649641990662
    ]
  ],
  "position": [
    1.3368760347366333,
    -3.261026382446289,
    -1.0100748538970947
  ],
  "focal_length": 1716.115478515625,
  "principal_point": [
    628.9470825195312,
    609.3314208984375
  ],
  "skew": 0.0,
  "pixel_aspect_ratio": 0.9643391966819763,
  "radial_distortion": [
    0.09263141453266144,
    -0.060330551117658615,
    0.0
  ],
  "tangential_distortion": [
    -0.03872985765337944,
    0.008248725906014442
  ],
  "image_size": [
    1072,
    1920
  ]
}