{
  "orientation": [
    [
      0.8706132173538208,
      0.1915396898984909,
      -0.45315027236938477
    ],
    [
      -0.23466940224170685,
      0.9712382555007935,
      -0.040330108255147934
    ],
    [
      0.43239206075668335,
      0.14145241677761078,
      0.8905214071273804
    ]
  ],
  "position": [
    -4.146993637084961,
    -1.10568368434906,
    -1.580049753189087
  ],
  "focal_length": 1716.115478515625,
  "principal_point": [
    628.9470825195312,
    609.3314208984375
  ],
  "skew": 0.0,
  "pixel_aspect_ratio": 0.9643391966819763,
  "radial_distortion": [
    0.09263141453266144,
    -0.060330551117658615,
    0.0
  ],
  "tangential_distortion": [
    -0.03872985765337944,
    0.008248725906014442
  ],
  "image_size": [
    1072,
    1920
  ]
}