{
  "orientation": [
    [
      0.9338525533676147,
      0.15411049127578735,
      -0.32275283336639404
    ],
    [
      -0.1424083262681961,
      0.9880049824714661,
      0.05971614271402359
    ],
    [
      0.3280842900276184,
      -0.009803378954529762,
      0.944597601890564
    ]
  ],
  "position": [
    -1.6636667251586914,
    2.055253744125366,
    -0.38443827629089355
  ],
  "focal_length": 1716.115478515625,
  "principal_point": [
    628.9470825195312,
    609.3314208984375
  ],
  "skew": 0.0,
  "pixel_aspect_ratio": 0.9643391966819763,
  "radial_distortion": [
    0.09263141453266144,
    -0.060330551117658615,
    0.0
  ],
  "tangential_distortion": [
    -0.03872985765337944,
    0.008248725906014442
  ],
  "image_size": [
    1072,
    1920
  ]
}