{
  "orientation": [
    [
      0.908352255821228,
      0.14356352388858795,
      -0.3927922248840332
    ],
    [
      -0.20910480618476868,
      0.9693089127540588,
      -0.12928824126720428
    ],
    [
      0.36217591166496277,
      0.19957400858402252,
      0.9104937314987183
    ]
  ],
  "position": [
    -2.4988017082214355,
    -1.2957510948181152,
    -0.5234935879707336
  ],
  "focal_length": 1716.115478515625,
  "principal_point": [
    628.9470825195312,
    609.3314208984375
  ],
  "skew": 0.0,
  "pixel_aspect_ratio": 0.9643391966819763,
  "radial_distortion": [
    0.09263141453266144,
    -0.060330551117658615,
    0.0
  ],
  "tangential_distortion": [
    -0.03872985765337944,
    0.008248725906014442
  ],
  "image_size": [
    1072,
    1920
  ]
}