{
  "orientation": [
    [
      0.9065890908241272,
      0.15987524390220642,
      -0.39055874943733215
    ],
    [
      -0.1703205108642578,
      0.9853562712669373,
      0.007997146807610989
    ],
    [
      0.3861180543899536,
      0.059270039200782776,
      0.9205432534217834
    ]
  ],
  "position": [
    -3.1261074542999268,
    1.3400051593780518,
    -1.0500798225402832
  ],
  "focal_length": 1716.115478515625,
  "principal_point": [
    628.9470825195312,
    609.3314208984375
  ],
  "skew": 0.0,
  "pixel_aspect_ratio": 0.9643391966819763,
  "radial_distortion": [
    0.09263141453266144,
    -0.060330551117658615,
    0.0
  ],
  "tangential_distortion": [
    -0.03872985765337944,
    0.008248725906014442
  ],
  "image_size": [
    1072,
    1920
  ]
}