{
  "orientation": [
    [
      0.9929510354995728,
      0.040795259177684784,
      -0.11128323525190353
    ],
    [
      -0.03974062204360962,
      0.9991417527198792,
      0.01167970523238182
    ],
    [
      0.11166420578956604,
      -0.007174910977482796,
      0.9937201142311096
    ]
  ],
  "position": [
    1.6177173852920532,
    2.579427719116211,
    -0.2555570900440216
  ],
  "focal_length": 1716.115478515625,
  "principal_point": [
    628.9470825195312,
    609.3314208984375
  ],
  "skew": 0.0,
  "pixel_aspect_ratio": 0.9643391966819763,
  "radial_distortion": [
    0.09263141453266144,
    -0.060330551117658615,
    0.0
  ],
  "tangential_distortion": [
    -0.03872985765337944,
    0.008248725906014442
  ],
  "image_size": [
    1072,
    1920
  ]
}