{
  "orientation": [
    [
      0.8861706852912903,
      0.20078493654727936,
      -0.41759660840034485
    ],
    [
      -0.2150527983903885,
      0.9765137434005737,
      0.013160446658730507
    ],
    [
      0.41043123602867126,
      0.078142911195755,
      0.9085372090339661
    ]
  ],
  "position": [
    -3.596914291381836,
    0.7997183799743652,
    -1.1475204229354858
  ],
  "focal_length": 1716.115478515625,
  "principal_point": [
    628.9470825195312,
    609.3314208984375
  ],
  "skew": 0.0,
  "pixel_aspect_ratio": 0.9643391966819763,
  "radial_distortion": [
    0.09263141453266144,
    -0.060330551117658615,
    0.0
  ],
  "tangential_distortion": [
    -0.03872985765337944,
    0.008248725906014442
  ],
  "image_size": [
    1072,
    1920
  ]
}