{
  "orientation": [
    [
      0.9612383246421814,
      0.09336704015731812,
      -0.25942909717559814
    ],
    [
      -0.08519668132066727,
      0.9954535961151123,
      0.04258674383163452
    ],
    [
      0.26222583651542664,
      -0.01883351057767868,
      0.9648227095603943
    ]
  ],
  "position": [
    -0.6829761266708374,
    2.279153347015381,
    -0.3890551030635834
  ],
  "focal_length": 1716.115478515625,
  "principal_point": [
    628.9470825195312,
    609.3314208984375
  ],
  "skew": 0.0,
  "pixel_aspect_ratio": 0.9643391966819763,
  "radial_distortion": [
    0.09263141453266144,
    -0.060330551117658615,
    0.0
  ],
  "tangential_distortion": [
    -0.03872985765337944,
    0.008248725906014442
  ],
  "image_size": [
    1072,
    1920
  ]
}