{
  "orientation": [
    [
      0.9234835505485535,
      0.18043987452983856,
      -0.33855515718460083
    ],
    [
      -0.17189058661460876,
      0.9835604429244995,
      0.0553392618894577
    ],
    [
      0.34297487139701843,
      0.007089546881616116,
      0.9393178224563599
    ]
  ],
  "position": [
    -2.012167453765869,
    1.7150604724884033,
    -0.44598764181137085
  ],
  "focal_length": 1716.115478515625,
  "principal_point": [
    628.9470825195312,
    609.3314208984375
  ],
  "skew": 0.0,
  "pixel_aspect_ratio": 0.9643391966819763,
  "radial_distortion": [
    0.09263141453266144,
    -0.060330551117658615,
    0.0
  ],
  "tangential_distortion": [
    -0.03872985765337944,
    0.008248725906014442
  ],
  "image_size": [
    1072,
    1920
  ]
}