{
  "orientation": [
    [
      0.9084689617156982,
      0.0904650017619133,
      -0.40804433822631836
    ],
    [
      -0.18088172376155853,
      0.965228796005249,
      -0.1887197196483612
    ],
    [
      0.3767836093902588,
      0.245253786444664,
      0.8932439088821411
    ]
  ],
  "position": [
    -3.2794485092163086,
    -2.8124258518218994,
    -1.878967523574829
  ],
  "focal_length": 1716.115478515625,
  "principal_point": [
    628.9470825195312,
    609.3314208984375
  ],
  "skew": 0.0,
  "pixel_aspect_ratio": 0.9643391966819763,
  "radial_distortion": [
    0.09263141453266144,
    -0.060330551117658615,
    0.0
  ],
  "tangential_distortion": [
    -0.03872985765337944,
    0.008248725906014442
  ],
  "image_size": [
    1072,
    1920
  ]
}