{
  "orientation": [
    [
      0.946643590927124,
      0.1194198951125145,
      -0.29934051632881165
    ],
    [
      -0.10921578854322433,
      0.9927265644073486,
      0.05065428838133812
    ],
    [
      0.303212434053421,
      -0.015258846804499626,
      0.9528008103370667
    ]
  ],
  "position": [
    -1.2636929750442505,
    2.181302547454834,
    -0.3562634289264679
  ],
  "focal_length": 1716.115478515625,
  "principal_point": [
    628.9470825195312,
    609.3314208984375
  ],
  "skew": 0.0,
  "pixel_aspect_ratio": 0.9643391966819763,
  "radial_distortion": [
    0.09263141453266144,
    -0.060330551117658615,
    0.0
  ],
  "tangential_distortion": [
    -0.03872985765337944,
    0.008248725906014442
  ],
  "image_size": [
    1072,
    1920
  ]
}