{
  "orientation": [
    [
      0.9248321056365967,
      0.12382568418979645,
      -0.359656423330307
    ],
    [
      -0.12278449535369873,
      0.992097020149231,
      0.025835907086730003
    ],
    [
      0.3600132167339325,
      0.020266354084014893,
      0.932727038860321
    ]
  ],
  "position": [
    -2.4846372604370117,
    1.693642020225525,
    -1.451650857925415
  ],
  "focal_length": 1716.115478515625,
  "principal_point": [
    628.9470825195312,
    609.3314208984375
  ],
  "skew": 0.0,
  "pixel_aspect_ratio": 0.9643391966819763,
  "radial_distortion": [
    0.09263141453266144,
    -0.060330551117658615,
    0.0
  ],
  "tangential_distortion": [
    -0.03872985765337944,
    0.008248725906014442
  ],
  "image_size": [
    1072,
    1920
  ]
}