{
  "orientation": [
    [
      0.9966765642166138,
      0.031639035791158676,
      -0.07506541162729263
    ],
    [
      -0.03155504912137985,
      0.9994993805885315,
      0.0023049144074320793
    ],
    [
      0.07510075718164444,
      7.143855327740312e-05,
      0.997175931930542
    ]
  ],
  "position": [
    2.1608431339263916,
    2.521195888519287,
    -0.27832186222076416
  ],
  "focal_length": 1716.115478515625,
  "principal_point": [
    628.9470825195312,
    609.3314208984375
  ],
  "skew": 0.0,
  "pixel_aspect_ratio": 0.9643391966819763,
  "radial_distortion": [
    0.09263141453266144,
    -0.060330551117658615,
    0.0
  ],
  "tangential_distortion": [
    -0.03872985765337944,
    0.008248725906014442
  ],
  "image_size": [
    1072,
    1920
  ]
}