{
  "orientation": [
    [
      0.9927986860275269,
      -0.058301471173763275,
      0.10465014725923538
    ],
    [
      0.06711729615926743,
      0.994303822517395,
      -0.08279573917388916
    ],
    [
      -0.0992269292473793,
      0.08922334015369415,
      0.9910566210746765
    ]
  ],
  "position": [
    4.248328685760498,
    0.6421502828598022,
    -0.6242496371269226
  ],
  "focal_length": 1716.115478515625,
  "principal_point": [
    628.9470825195312,
    609.3314208984375
  ],
  "skew": 0.0,
  "pixel_aspect_ratio": 0.9643391966819763,
  "radial_distortion": [
    0.09263141453266144,
    -0.060330551117658615,
    0.0
  ],
  "tangential_distortion": [
    -0.03872985765337944,
    0.008248725906014442
  ],
  "image_size": [
    1072,
    1920
  ]
}