{
  "orientation": [
    [
      0.9132291674613953,
      0.19331598281860352,
      -0.3586661219596863
    ],
    [
      -0.18889880180358887,
      0.9808380007743835,
      0.047687120735645294
    ],
    [
      0.3610120415687561,
      0.02420233003795147,
      0.9322470426559448
    ]
  ],
  "position": [
    -2.520545721054077,
    1.2402206659317017,
    -0.381974995136261
  ],
  "focal_length": 1716.115478515625,
  "principal_point": [
    628.9470825195312,
    609.3314208984375
  ],
  "skew": 0.0,
  "pixel_aspect_ratio": 0.9643391966819763,
  "radial_distortion": [
    0.09263141453266144,
    -0.060330551117658615,
    0.0
  ],
  "tangential_distortion": [
    -0.03872985765337944,
    0.008248725906014442
  ],
  "image_size": [
    1072,
    1920
  ]
}