{
  "orientation": [
    [
      0.8957233428955078,
      0.17855645716190338,
      -0.40718209743499756
    ],
    [
      -0.1930507868528366,
      0.9811728596687317,
      0.005586348008364439
    ],
    [
      0.40051349997520447,
      0.07360300421714783,
      0.9133298993110657
    ]
  ],
  "position": [
    -3.4001364707946777,
    1.1014423370361328,
    -1.0267506837844849
  ],
  "focal_length": 1716.115478515625,
  "principal_point": [
    628.9470825195312,
    609.3314208984375
  ],
  "skew": 0.0,
  "pixel_aspect_ratio": 0.9643391966819763,
  "radial_distortion": [
    0.09263141453266144,
    -0.060330551117658615,
    0.0
  ],
  "tangential_distortion": [
    -0.03872985765337944,
    0.008248725906014442
  ],
  "image_size": [
    1072,
    1920
  ]
}