{
  "orientation": [
    [
      0.9561185240745544,
      0.10787408798933029,
      -0.2723977565765381
    ],
    [
      -0.09735788404941559,
      0.9938967227935791,
      0.051872752606868744
    ],
    [
      0.27633094787597656,
      -0.023076429963111877,
      0.960785448551178
    ]
  ],
  "position": [
    -1.223564624786377,
    2.455853223800659,
    0.20798754692077637
  ],
  "focal_length": 1716.115478515625,
  "principal_point": [
    628.9470825195312,
    609.3314208984375
  ],
  "skew": 0.0,
  "pixel_aspect_ratio": 0.9643391966819763,
  "radial_distortion": [
    0.09263141453266144,
    -0.060330551117658615,
    0.0
  ],
  "tangential_distortion": [
    -0.03872985765337944,
    0.008248725906014442
  ],
  "image_size": [
    1072,
    1920
  ]
}