{
  "orientation": [
    [
      0.9670236110687256,
      0.031824301928281784,
      -0.25269055366516113
    ],
    [
      -0.09734591841697693,
      0.9630146026611328,
      -0.25125011801719666
    ],
    [
      0.23534885048866272,
      0.26756319403648376,
      0.9343558549880981
    ]
  ],
  "position": [
    -1.4245530366897583,
    -2.917032241821289,
    -0.8014637231826782
  ],
  "focal_length": 1716.115478515625,
  "principal_point": [
    628.9470825195312,
    609.3314208984375
  ],
  "skew": 0.0,
  "pixel_aspect_ratio": 0.9643391966819763,
  "radial_distortion": [
    0.09263141453266144,
    -0.060330551117658615,
    0.0
  ],
  "tangential_distortion": [
    -0.03872985765337944,
    0.008248725906014442
  ],
  "image_size": [
    1072,
    1920
  ]
}