{
  "orientation": [
    [
      0.9004592895507812,
      0.15404009819030762,
      -0.4067489504814148
    ],
    [
      -0.21305695176124573,
      0.9715166091918945,
      -0.10374113917350769
    ],
    [
      0.3791830539703369,
      0.18007536232471466,
      0.907630443572998
    ]
  ],
  "position": [
    -2.8784263134002686,
    -0.7011498808860779,
    -0.32041528820991516
  ],
  "focal_length": 1716.115478515625,
  "principal_point": [
    628.9470825195312,
    609.3314208984375
  ],
  "skew": 0.0,
  "pixel_aspect_ratio": 0.9643391966819763,
  "radial_distortion": [
    0.09263141453266144,
    -0.060330551117658615,
    0.0
  ],
  "tangential_distortion": [
    -0.03872985765337944,
    0.008248725906014442
  ],
  "image_size": [
    1072,
    1920
  ]
}