{
  "orientation": [
    [
      0.9900235533714294,
      -0.060983672738075256,
      0.12702125310897827
    ],
    [
      0.07128886133432388,
      0.9943834543228149,
      -0.07822699099779129
    ],
    [
      -0.12153726816177368,
      0.08650176227092743,
      0.9888104796409607
    ]
  ],
  "position": [
    4.644789695739746,
    0.6067185401916504,
    0.7226006388664246
  ],
  "focal_length": 1716.115478515625,
  "principal_point": [
    628.9470825195312,
    609.3314208984375
  ],
  "skew": 0.0,
  "pixel_aspect_ratio": 0.9643391966819763,
  "radial_distortion": [
    0.09263141453266144,
    -0.060330551117658615,
    0.0
  ],
  "tangential_distortion": [
    -0.03872985765337944,
    0.008248725906014442
  ],
  "image_size": [
    1072,
    1920
  ]
}