{
  "orientation": [
    [
      0.9964617490768433,
      -0.08077193796634674,
      0.023234792053699493
    ],
    [
      0.08322308212518692,
      0.9868589639663696,
      -0.13850395381450653
    ],
    [
      -0.011742230504751205,
      0.1399475634098053,
      0.9900892972946167
    ]
  ],
  "position": [
    1.6854909658432007,
    -0.5086337327957153,
    0.20179997384548187
  ],
  "focal_length": 1716.115478515625,
  "principal_point": [
    628.9470825195312,
    609.3314208984375
  ],
  "skew": 0.0,
  "pixel_aspect_ratio": 0.9643391966819763,
  "radial_distortion": [
    0.09263141453266144,
    -0.060330551117658615,
    0.0
  ],
  "tangential_distortion": [
    -0.03872985765337944,
    0.008248725906014442
  ],
  "image_size": [
    1072,
    1920
  ]
}