{
  "orientation": [
    [
      0.8749092817306519,
      0.1681680828332901,
      -0.45415106415748596
    ],
    [
      -0.19521865248680115,
      0.9806742668151855,
      -0.012948363088071346
    ],
    [
      0.44319677352905273,
      0.09998740255832672,
      0.8908305764198303
    ]
  ],
  "position": [
    -4.273256778717041,
    0.5336098670959473,
    0.7814846634864807
  ],
  "focal_length": 1716.115478515625,
  "principal_point": [
    628.9470825195312,
    609.3314208984375
  ],
  "skew": 0.0,
  "pixel_aspect_ratio": 0.9643391966819763,
  "radial_distortion": [
    0.09263141453266144,
    -0.060330551117658615,
    0.0
  ],
  "tangential_distortion": [
    -0.03872985765337944,
    0.008248725906014442
  ],
  "image_size": [
    1072,
    1920
  ]
}