{
  "orientation": [
    [
      0.8780232071876526,
      0.17800289392471313,
      -0.44428619742393494
    ],
    [
      -0.18716704845428467,
      0.9820454120635986,
      0.02356570214033127
    ],
    [
      0.4405039846897125,
      0.062464501708745956,
      0.8955749273300171
    ]
  ],
  "position": [
    -4.077727794647217,
    0.8899350166320801,
    0.6347907185554504
  ],
  "focal_length": 1716.115478515625,
  "principal_point": [
    628.9470825195312,
    609.3314208984375
  ],
  "skew": 0.0,
  "pixel_aspect_ratio": 0.9643391966819763,
  "radial_distortion": [
    0.09263141453266144,
    -0.060330551117658615,
    0.0
  ],
  "tangential_distortion": [
    -0.03872985765337944,
    0.008248725906014442
  ],
  "image_size": [
    1072,
    1920
  ]
}