{
  "orientation": [
    [
      0.9983588457107544,
      -0.017938580363988876,
      -0.05438614264130592
    ],
    [
      0.018587661907076836,
      0.9997616410255432,
      0.011452407576143742
    ],
    [
      0.054167740046978,
      -0.01244452316313982,
      0.9984542727470398
    ]
  ],
  "position": [
    1.1856708526611328,
    1.2419517040252686,
    0.22794994711875916
  ],
  "focal_length": 1716.115478515625,
  "principal_point": [
    628.9470825195312,
    609.3314208984375
  ],
  "skew": 0.0,
  "pixel_aspect_ratio": 0.9643391966819763,
  "radial_distortion": [
    0.09263141453266144,
    -0.060330551117658615,
    0.0
  ],
  "tangential_distortion": [
    -0.03872985765337944,
    0.008248725906014442
  ],
  "image_size": [
    1072,
    1920
  ]
}