{
  "orientation": [
    [
      0.9974488019943237,
      -0.0711178109049797,
      0.0061722141690552235
    ],
    [
      0.07121239602565765,
      0.9852969646453857,
      -0.15530186891555786
    ],
    [
      0.004963265266269445,
      0.15534521639347076,
      0.9878478050231934
    ]
  ],
  "position": [
    1.545277714729309,
    -0.733833909034729,
    0.22334371507167816
  ],
  "focal_length": 1716.115478515625,
  "principal_point": [
    628.9470825195312,
    609.3314208984375
  ],
  "skew": 0.0,
  "pixel_aspect_ratio": 0.9643391966819763,
  "radial_distortion": [
    0.09263141453266144,
    -0.060330551117658615,
    0.0
  ],
  "tangential_distortion": [
    -0.03872985765337944,
    0.008248725906014442
  ],
  "image_size": [
    1072,
    1920
  ]
}