{
  "orientation": [
    [
      0.9694685339927673,
      0.06188094615936279,
      -0.23727934062480927
    ],
    [
      -0.043503258377313614,
      0.9956885576248169,
      0.08192500472068787
    ],
    [
      0.24132592976093292,
      -0.06910129636526108,
      0.9679808020591736
    ]
  ],
  "position": [
    0.051020845770835876,
    3.1649487018585205,
    -1.124077558517456
  ],
  "focal_length": 1716.115478515625,
  "principal_point": [
    628.9470825195312,
    609.3314208984375
  ],
  "skew": 0.0,
  "pixel_aspect_ratio": 0.9643391966819763,
  "radial_distortion": [
    0.09263141453266144,
    -0.060330551117658615,
    0.0
  ],
  "tangential_distortion": [
    -0.03872985765337944,
    0.008248725906014442
  ],
  "image_size": [
    1072,
    1920
  ]
}