{
  "orientation": [
    [
      0.9970237612724304,
      -0.050512611865997314,
      0.058242008090019226
    ],
    [
      0.05434344708919525,
      0.9963265061378479,
      -0.06618335098028183
    ],
    [
      -0.05468496307730675,
      0.06915144622325897,
      0.9961062073707581
    ]
  ],
  "position": [
    1.9843833446502686,
    0.5760923624038696,
    0.2733352780342102
  ],
  "focal_length": 1716.115478515625,
  "principal_point": [
    628.9470825195312,
    609.3314208984375
  ],
  "skew": 0.0,
  "pixel_aspect_ratio": 0.9643391966819763,
  "radial_distortion": [
    0.09263141453266144,
    -0.060330551117658615,
    0.0
  ],
  "tangential_distortion": [
    -0.03872985765337944,
    0.008248725906014442
  ],
  "image_size": [
    1072,
    1920
  ]
}