{
  "orientation": [
    [
      0.9987860918045044,
      -0.03659316152334213,
      -0.0329739972949028
    ],
    [
      0.024579115211963654,
      0.9503635168075562,
      -0.3101694583892822
    ],
    [
      0.042687367647886276,
      0.3089824914932251,
      0.9501092433929443
    ]
  ],
  "position": [
    0.7735243439674377,
    -2.8270740509033203,
    0.5773891806602478
  ],
  "focal_length": 1716.115478515625,
  "principal_point": [
    628.9470825195312,
    609.3314208984375
  ],
  "skew": 0.0,
  "pixel_aspect_ratio": 0.9643391966819763,
  "radial_distortion": [
    0.09263141453266144,
    -0.060330551117658615,
    0.0
  ],
  "tangential_distortion": [
    -0.03872985765337944,
    0.008248725906014442
  ],
  "image_size": [
    1072,
    1920
  ]
}