{
  "orientation": [
    [
      0.9975980520248413,
      -0.0026376494206488132,
      -0.06921853125095367
    ],
    [
      0.004829506855458021,
      0.9994915127754211,
      0.031517546623945236
    ],
    [
      0.06910020112991333,
      -0.03177613392472267,
      0.9971035122871399
    ]
  ],
  "position": [
    2.353970527648926,
    2.808835983276367,
    -0.322494775056839
  ],
  "focal_length": 1716.115478515625,
  "principal_point": [
    628.9470825195312,
    609.3314208984375
  ],
  "skew": 0.0,
  "pixel_aspect_ratio": 0.9643391966819763,
  "radial_distortion": [
    0.09263141453266144,
    -0.060330551117658615,
    0.0
  ],
  "tangential_distortion": [
    -0.03872985765337944,
    0.008248725906014442
  ],
  "image_size": [
    1072,
    1920
  ]
}