{
  "orientation": [
    [
      0.8649693727493286,
      0.1772933304309845,
      -0.4694625437259674
    ],
    [
      -0.22608549892902374,
      0.9728667140007019,
      -0.04915037006139755
    ],
    [
      0.4480104148387909,
      0.14865224063396454,
      0.8815833330154419
    ]
  ],
  "position": [
    -4.192130088806152,
    -0.866500735282898,
    -0.4639074206352234
  ],
  "focal_length": 1716.115478515625,
  "principal_point": [
    628.9470825195312,
    609.3314208984375
  ],
  "skew": 0.0,
  "pixel_aspect_ratio": 0.9643391966819763,
  "radial_distortion": [
    0.09263141453266144,
    -0.060330551117658615,
    0.0
  ],
  "tangential_distortion": [
    -0.03872985765337944,
    0.008248725906014442
  ],
  "image_size": [
    1072,
    1920
  ]
}