{
  "orientation": [
    [
      0.9993745684623718,
      -0.033472079783678055,
      -0.011404303833842278
    ],
    [
      0.033369168639183044,
      0.9994016885757446,
      -0.009097895585000515
    ],
    [
      0.011702005751430988,
      0.008711653761565685,
      0.9998936057090759
    ]
  ],
  "position": [
    1.4455152750015259,
    1.068751573562622,
    0.2357042282819748
  ],
  "focal_length": 1716.115478515625,
  "principal_point": [
    628.9470825195312,
    609.3314208984375
  ],
  "skew": 0.0,
  "pixel_aspect_ratio": 0.9643391966819763,
  "radial_distortion": [
    0.09263141453266144,
    -0.060330551117658615,
    0.0
  ],
  "tangential_distortion": [
    -0.03872985765337944,
    0.008248725906014442
  ],
  "image_size": [
    1072,
    1920
  ]
}