{
  "orientation": [
    [
      0.9752744436264038,
      0.02500476874411106,
      -0.21957801282405853
    ],
    [
      -0.07319517433643341,
      0.9740476012229919,
      -0.21418149769306183
    ],
    [
      0.20852388441562653,
      0.22495779395103455,
      0.9517939686775208
    ]
  ],
  "position": [
    -0.5480037927627563,
    -1.9907448291778564,
    0.023969504982233047
  ],
  "focal_length": 1716.115478515625,
  "principal_point": [
    628.9470825195312,
    609.3314208984375
  ],
  "skew": 0.0,
  "pixel_aspect_ratio": 0.9643391966819763,
  "radial_distortion": [
    0.09263141453266144,
    -0.060330551117658615,
    0.0
  ],
  "tangential_distortion": [
    -0.03872985765337944,
    0.008248725906014442
  ],
  "image_size": [
    1072,
    1920
  ]
}