{
  "orientation": [
    [
      0.9883964657783508,
      0.021746337413787842,
      -0.1503312885761261
    ],
    [
      -0.013367502018809319,
      0.9983117580413818,
      0.05652338266372681
    ],
    [
      0.15130667388439178,
      -0.0538579598069191,
      0.9870185256004333
    ]
  ],
  "position": [
    0.1350124627351761,
    1.446695327758789,
    0.1001005619764328
  ],
  "focal_length": 1716.115478515625,
  "principal_point": [
    628.9470825195312,
    609.3314208984375
  ],
  "skew": 0.0,
  "pixel_aspect_ratio": 0.9643391966819763,
  "radial_distortion": [
    0.09263141453266144,
    -0.060330551117658615,
    0.0
  ],
  "tangential_distortion": [
    -0.03872985765337944,
    0.008248725906014442
  ],
  "image_size": [
    1072,
    1920
  ]
}