{
  "orientation": [
    [
      0.9387918710708618,
      0.07789159566164017,
      -0.3355632722377777
    ],
    [
      -0.16288642585277557,
      0.9586978554725647,
      -0.23316600918769836
    ],
    [
      0.3035421371459961,
      0.2735530734062195,
      0.9127052426338196
    ]
  ],
  "position": [
    -2.5648887157440186,
    -2.2510008811950684,
    0.2957807183265686
  ],
  "focal_length": 1716.115478515625,
  "principal_point": [
    628.9470825195312,
    609.3314208984375
  ],
  "skew": 0.0,
  "pixel_aspect_ratio": 0.9643391966819763,
  "radial_distortion": [
    0.09263141453266144,
    -0.060330551117658615,
    0.0
  ],
  "tangential_distortion": [
    -0.03872985765337944,
    0.008248725906014442
  ],
  "image_size": [
    1072,
    1920
  ]
}