{
  "orientation": [
    [
      0.9949480295181274,
      -0.045983605086803436,
      0.08924102038145065
    ],
    [
      0.05190692096948624,
      0.9965193271636963,
      -0.06522935628890991
    ],
    [
      -0.08593092113733292,
      0.06953204423189163,
      0.993871808052063
    ]
  ],
  "position": [
    4.355661869049072,
    0.9736840128898621,
    0.47546249628067017
  ],
  "focal_length": 1716.115478515625,
  "principal_point": [
    628.9470825195312,
    609.3314208984375
  ],
  "skew": 0.0,
  "pixel_aspect_ratio": 0.9643391966819763,
  "radial_distortion": [
    0.09263141453266144,
    -0.060330551117658615,
    0.0
  ],
  "tangential_distortion": [
    -0.03872985765337944,
    0.008248725906014442
  ],
  "image_size": [
    1072,
    1920
  ]
}