{
  "orientation": [
    [
      0.9956220984458923,
      -0.07833776623010635,
      0.05098876729607582
    ],
    [
      0.08243826031684875,
      0.9930479526519775,
      -0.08402233570814133
    ],
    [
      -0.04405216500163078,
      0.0878579244017601,
      0.9951584935188293
    ]
  ],
  "position": [
    1.8553287982940674,
    0.29127779603004456,
    0.20102711021900177
  ],
  "focal_length": 1716.115478515625,
  "principal_point": [
    628.9470825195312,
    609.3314208984375
  ],
  "skew": 0.0,
  "pixel_aspect_ratio": 0.9643391966819763,
  "radial_distortion": [
    0.09263141453266144,
    -0.060330551117658615,
    0.0
  ],
  "tangential_distortion": [
    -0.03872985765337944,
    0.008248725906014442
  ],
  "image_size": [
    1072,
    1920
  ]
}