{
  "orientation": [
    [
      0.9495161771774292,
      0.10328748822212219,
      -0.29622751474380493
    ],
    [
      -0.07380276918411255,
      0.9912899732589722,
      0.10907473415136337
    ],
    [
      0.3049134314060211,
      -0.08170580863952637,
      0.9488687515258789
    ]
  ],
  "position": [
    -1.3025007247924805,
    3.2195842266082764,
    -1.1663233041763306
  ],
  "focal_length": 1716.115478515625,
  "principal_point": [
    628.9470825195312,
    609.3314208984375
  ],
  "skew": 0.0,
  "pixel_aspect_ratio": 0.9643391966819763,
  "radial_distortion": [
    0.09263141453266144,
    -0.060330551117658615,
    0.0
  ],
  "tangential_distortion": [
    -0.03872985765337944,
    0.008248725906014442
  ],
  "image_size": [
    1072,
    1920
  ]
}