{
  "orientation": [
    [
      0.9223783016204834,
      0.09880979359149933,
      -0.3734365999698639
    ],
    [
      -0.1652180254459381,
      0.9747578501701355,
      -0.15016713738441467
    ],
    [
      0.3491722643375397,
      0.2002093642950058,
      0.915420651435852
    ]
  ],
  "position": [
    -2.1927437782287598,
    -1.7768242359161377,
    -0.5578430891036987
  ],
  "focal_length": 1716.115478515625,
  "principal_point": [
    628.9470825195312,
    609.3314208984375
  ],
  "skew": 0.0,
  "pixel_aspect_ratio": 0.9643391966819763,
  "radial_distortion": [
    0.09263141453266144,
    -0.060330551117658615,
    0.0
  ],
  "tangential_distortion": [
    -0.03872985765337944,
    0.008248725906014442
  ],
  "image_size": [
    1072,
    1920
  ]
}