{
  "orientation": [
    [
      0.8125698566436768,
      0.23030191659927368,
      -0.5354356169700623
    ],
    [
      -0.22466206550598145,
      0.9713996052742004,
      0.07687494903802872
    ],
    [
      0.5378263592720032,
      0.05782579630613327,
      0.8410701155662537
    ]
  ],
  "position": [
    -5.24397087097168,
    0.610896110534668,
    -0.44574618339538574
  ],
  "focal_length": 1716.115478515625,
  "principal_point": [
    628.9470825195312,
    609.3314208984375
  ],
  "skew": 0.0,
  "pixel_aspect_ratio": 0.9643391966819763,
  "radial_distortion": [
    0.09263141453266144,
    -0.060330551117658615,
    0.0
  ],
  "tangential_distortion": [
    -0.03872985765337944,
    0.008248725906014442
  ],
  "image_size": [
    1072,
    1920
  ]
}