{
  "orientation": [
    [
      0.878715991973877,
      0.16477179527282715,
      -0.4480050206184387
    ],
    [
      -0.22085094451904297,
      0.972377359867096,
      -0.0755457952618599
    ],
    [
      0.42318210005760193,
      0.16532562673091888,
      0.8908334970474243
    ]
  ],
  "position": [
    -3.7232718467712402,
    -1.1494598388671875,
    -0.5428181886672974
  ],
  "focal_length": 1716.115478515625,
  "principal_point": [
    628.9470825195312,
    609.3314208984375
  ],
  "skew": 0.0,
  "pixel_aspect_ratio": 0.9643391966819763,
  "radial_distortion": [
    0.09263141453266144,
    -0.060330551117658615,
    0.0
  ],
  "tangential_distortion": [
    -0.03872985765337944,
    0.008248725906014442
  ],
  "image_size": [
    1072,
    1920
  ]
}