{
  "orientation": [
    [
      0.9603780508041382,
      0.08003757894039154,
      -0.26696068048477173
    ],
    [
      -0.05663817375898361,
      0.9939371347427368,
      0.09423957020044327
    ],
    [
      0.2728848457336426,
      -0.0753854513168335,
      0.9590885639190674
    ]
  ],
  "position": [
    -0.6538273096084595,
    3.1900322437286377,
    -1.155720591545105
  ],
  "focal_length": 1716.115478515625,
  "principal_point": [
    628.9470825195312,
    609.3314208984375
  ],
  "skew": 0.0,
  "pixel_aspect_ratio": 0.9643391966819763,
  "radial_distortion": [
    0.09263141453266144,
    -0.060330551117658615,
    0.0
  ],
  "tangential_distortion": [
    -0.03872985765337944,
    0.008248725906014442
  ],
  "image_size": [
    1072,
    1920
  ]
}