{
  "orientation": [
    [
      0.8528976440429688,
      0.1910029947757721,
      -0.4858841896057129
    ],
    [
      -0.20231860876083374,
      0.9788705706596375,
      0.029657550156116486
    ],
    [
      0.48128241300582886,
      0.07300855964422226,
      0.8735198974609375
    ]
  ],
  "position": [
    -3.58162522315979,
    -0.4959993362426758,
    0.8268448114395142
  ],
  "focal_length": 1716.115478515625,
  "principal_point": [
    628.9470825195312,
    609.3314208984375
  ],
  "skew": 0.0,
  "pixel_aspect_ratio": 0.9643391966819763,
  "radial_distortion": [
    0.09263141453266144,
    -0.060330551117658615,
    0.0
  ],
  "tangential_distortion": [
    -0.03872985765337944,
    0.008248725906014442
  ],
  "image_size": [
    1072,
    1920
  ]
}