{
  "orientation": [
    [
      0.999793529510498,
      -0.01046760380268097,
      -0.017416588962078094
    ],
    [
      0.010659465566277504,
      0.9998831152915955,
      0.01095991488546133
    ],
    [
      0.017299829050898552,
      -0.011143303476274014,
      0.999788224697113
    ]
  ],
  "position": [
    2.8902363777160645,
    2.4736249446868896,
    -0.1315930038690567
  ],
  "focal_length": 1716.115478515625,
  "principal_point": [
    628.9470825195312,
    609.3314208984375
  ],
  "skew": 0.0,
  "pixel_aspect_ratio": 0.9643391966819763,
  "radial_distortion": [
    0.09263141453266144,
    -0.060330551117658615,
    0.0
  ],
  "tangential_distortion": [
    -0.03872985765337944,
    0.008248725906014442
  ],
  "image_size": [
    1072,
    1920
  ]
}