{
  "orientation": [
    [
      0.9850214719772339,
      0.011902112513780594,
      -0.17202061414718628
    ],
    [
      -0.06515510380268097,
      0.9493456482887268,
      -0.3074047863483429
    ],
    [
      0.15964823961257935,
      0.31400832533836365,
      0.9359012842178345
    ]
  ],
  "position": [
    -0.8237990140914917,
    -2.922942876815796,
    0.48967790603637695
  ],
  "focal_length": 1716.115478515625,
  "principal_point": [
    628.9470825195312,
    609.3314208984375
  ],
  "skew": 0.0,
  "pixel_aspect_ratio": 0.9643391966819763,
  "radial_distortion": [
    0.09263141453266144,
    -0.060330551117658615,
    0.0
  ],
  "tangential_distortion": [
    -0.03872985765337944,
    0.008248725906014442
  ],
  "image_size": [
    1072,
    1920
  ]
}