{
  "orientation": [
    [
      0.9960423707962036,
      -0.07388836145401001,
      0.04939797520637512
    ],
    [
      0.0797111764550209,
      0.988470196723938,
      -0.12873537838459015
    ],
    [
      -0.03931638225913048,
      0.13216345012187958,
      0.9904478788375854
    ]
  ],
  "position": [
    2.0142900943756104,
    -0.41921091079711914,
    0.17603357136249542
  ],
  "focal_length": 1716.115478515625,
  "principal_point": [
    628.9470825195312,
    609.3314208984375
  ],
  "skew": 0.0,
  "pixel_aspect_ratio": 0.9643391966819763,
  "radial_distortion": [
    0.09263141453266144,
    -0.060330551117658615,
    0.0
  ],
  "tangential_distortion": [
    -0.03872985765337944,
    0.008248725906014442
  ],
  "image_size": [
    1072,
    1920
  ]
}