{
  "orientation": [
    [
      0.8643759489059448,
      0.2178383320569992,
      -0.4532115161418915
    ],
    [
      -0.1492391675710678,
      0.9718179106712341,
      0.1824764758348465
    ],
    [
      0.48018941283226013,
      -0.09009137004613876,
      0.8725260496139526
    ]
  ],
  "position": [
    -4.538743019104004,
    2.704017162322998,
    -0.7502370476722717
  ],
  "focal_length": 1716.115478515625,
  "principal_point": [
    628.9470825195312,
    609.3314208984375
  ],
  "skew": 0.0,
  "pixel_aspect_ratio": 0.9643391966819763,
  "radial_distortion": [
    0.09263141453266144,
    -0.060330551117658615,
    0.0
  ],
  "tangential_distortion": [
    -0.03872985765337944,
    0.008248725906014442
  ],
  "image_size": [
    1072,
    1920
  ]
}