{
  "orientation": [
    [
      0.9079248309135437,
      0.12008297443389893,
      -0.4015626311302185
    ],
    [
      -0.20699815452098846,
      0.9615507125854492,
      -0.18047718703746796
    ],
    [
      0.364450603723526,
      0.24698244035243988,
      0.8978727459907532
    ]
  ],
  "position": [
    -3.016589641571045,
    -1.6639765501022339,
    0.3454112410545349
  ],
  "focal_length": 1716.115478515625,
  "principal_point": [
    628.9470825195312,
    609.3314208984375
  ],
  "skew": 0.0,
  "pixel_aspect_ratio": 0.9643391966819763,
  "radial_distortion": [
    0.09263141453266144,
    -0.060330551117658615,
    0.0
  ],
  "tangential_distortion": [
    -0.03872985765337944,
    0.008248725906014442
  ],
  "image_size": [
    1072,
    1920
  ]
}