{
  "orientation": [
    [
      0.923667311668396,
      0.10296238958835602,
      -0.3691036105155945
    ],
    [
      -0.18833474814891815,
      0.9608384370803833,
      -0.20327197015285492
    ],
    [
      0.3337195813655853,
      0.2572707235813141,
      0.9068864583969116
    ]
  ],
  "position": [
    -2.6980249881744385,
    -2.0151190757751465,
    0.2348618507385254
  ],
  "focal_length": 1716.115478515625,
  "principal_point": [
    628.9470825195312,
    609.3314208984375
  ],
  "skew": 0.0,
  "pixel_aspect_ratio": 0.9643391966819763,
  "radial_distortion": [
    0.09263141453266144,
    -0.060330551117658615,
    0.0
  ],
  "tangential_distortion": [
    -0.03872985765337944,
    0.008248725906014442
  ],
  "image_size": [
    1072,
    1920
  ]
}