{
  "orientation": [
    [
      0.977510929107666,
      0.027311310172080994,
      -0.20910868048667908
    ],
    [
      -0.09055455029010773,
      0.9498677849769592,
      -0.2992507517337799
    ],
    [
      0.1904526799917221,
      0.3114566206932068,
      0.9309793710708618
    ]
  ],
  "position": [
    -1.370410680770874,
    -2.8259940147399902,
    0.5112944841384888
  ],
  "focal_length": 1716.115478515625,
  "principal_point": [
    628.9470825195312,
    609.3314208984375
  ],
  "skew": 0.0,
  "pixel_aspect_ratio": 0.9643391966819763,
  "radial_distortion": [
    0.09263141453266144,
    -0.060330551117658615,
    0.0
  ],
  "tangential_distortion": [
    -0.03872985765337944,
    0.008248725906014442
  ],
  "image_size": [
    1072,
    1920
  ]
}