{
  "orientation": [
    [
      0.985441267490387,
      0.03247695788741112,
      -0.16688528656959534
    ],
    [
      -0.02312617562711239,
      0.9980676770210266,
      0.05767263099551201
    ],
    [
      0.16843584179878235,
      -0.05297357589006424,
      0.9842881560325623
    ]
  ],
  "position": [
    1.3718076944351196,
    3.0909817218780518,
    -0.7989513278007507
  ],
  "focal_length": 1716.115478515625,
  "principal_point": [
    628.9470825195312,
    609.3314208984375
  ],
  "skew": 0.0,
  "pixel_aspect_ratio": 0.9643391966819763,
  "radial_distortion": [
    0.09263141453266144,
    -0.060330551117658615,
    0.0
  ],
  "tangential_distortion": [
    -0.03872985765337944,
    0.008248725906014442
  ],
  "image_size": [
    1072,
    1920
  ]
}