{
  "orientation": [
    [
      0.9909087419509888,
      -0.08095111697912216,
      0.10745580494403839
    ],
    [
      0.10657244920730591,
      0.9597870111465454,
      -0.25971367955207825
    ],
    [
      -0.08211057633161545,
      0.2688043713569641,
      0.9596885442733765
    ]
  ],
  "position": [
    2.7684519290924072,
    -2.2475216388702393,
    0.4918632209300995
  ],
  "focal_length": 1716.115478515625,
  "principal_point": [
    628.9470825195312,
    609.3314208984375
  ],
  "skew": 0.0,
  "pixel_aspect_ratio": 0.9643391966819763,
  "radial_distortion": [
    0.09263141453266144,
    -0.060330551117658615,
    0.0
  ],
  "tangential_distortion": [
    -0.03872985765337944,
    0.008248725906014442
  ],
  "image_size": [
    1072,
    1920
  ]
}