{
  "orientation": [
    [
      0.8093372583389282,
      0.2358168363571167,
      -0.5379253029823303
    ],
    [
      -0.2042188197374344,
      0.9716999530792236,
      0.11871780455112457
    ],
    [
      0.5506976246833801,
      0.013771732337772846,
      0.8345912098884583
    ]
  ],
  "position": [
    -5.356289863586426,
    1.0572642087936401,
    -0.5291541218757629
  ],
  "focal_length": 1716.115478515625,
  "principal_point": [
    628.9470825195312,
    609.3314208984375
  ],
  "skew": 0.0,
  "pixel_aspect_ratio": 0.9643391966819763,
  "radial_distortion": [
    0.09263141453266144,
    -0.060330551117658615,
    0.0
  ],
  "tangential_distortion": [
    -0.03872985765337944,
    0.008248725906014442
  ],
  "image_size": [
    1072,
    1920
  ]
}