{
  "orientation": [
    [
      0.9085379242897034,
      0.15095074474811554,
      -0.3895801603794098
    ],
    [
      -0.12684570252895355,
      0.9880961179733276,
      0.0870416909456253
    ],
    [
      0.39808163046836853,
      -0.02966410666704178,
      0.9168702363967896
    ]
  ],
  "position": [
    -2.645939350128174,
    1.2515535354614258,
    0.7258627414703369
  ],
  "focal_length": 1716.115478515625,
  "principal_point": [
    628.9470825195312,
    609.3314208984375
  ],
  "skew": 0.0,
  "pixel_aspect_ratio": 0.9643391966819763,
  "radial_distortion": [
    0.09263141453266144,
    -0.060330551117658615,
    0.0
  ],
  "tangential_distortion": [
    -0.03872985765337944,
    0.008248725906014442
  ],
  "image_size": [
    1072,
    1920
  ]
}