{
  "orientation": [
    [
      0.9823724627494812,
      -0.06894154101610184,
      0.17375659942626953
    ],
    [
      0.09594669938087463,
      0.9836880564689636,
      -0.15215782821178436
    ],
    [
      -0.16043229401111603,
      0.16614703834056854,
      0.9729627966880798
    ]
  ],
  "position": [
    4.593120574951172,
    -0.17158105969429016,
    0.860916256904602
  ],
  "focal_length": 1716.115478515625,
  "principal_point": [
    628.9470825195312,
    609.3314208984375
  ],
  "skew": 0.0,
  "pixel_aspect_ratio": 0.9643391966819763,
  "radial_distortion": [
    0.09263141453266144,
    -0.060330551117658615,
    0.0
  ],
  "tangential_distortion": [
    -0.03872985765337944,
    0.008248725906014442
  ],
  "image_size": [
    1072,
    1920
  ]
}