{
  "orientation": [
    [
      0.840604841709137,
      0.22801856696605682,
      -0.4913156032562256
    ],
    [
      -0.25309842824935913,
      0.9673099517822266,
      0.01589379459619522
    ],
    [
      0.47887858748435974,
      0.11099080741405487,
      0.8708365559577942
    ]
  ],
  "position": [
    -4.484082221984863,
    -0.2702503800392151,
    -0.6077715754508972
  ],
  "focal_length": 1716.115478515625,
  "principal_point": [
    628.9470825195312,
    609.3314208984375
  ],
  "skew": 0.0,
  "pixel_aspect_ratio": 0.9643391966819763,
  "radial_distortion": [
    0.09263141453266144,
    -0.060330551117658615,
    0.0
  ],
  "tangential_distortion": [
    -0.03872985765337944,
    0.008248725906014442
  ],
  "image_size": [
    1072,
    1920
  ]
}