{
  "orientation": [
    [
      0.8568599820137024,
      0.20669347047805786,
      -0.47230157256126404
    ],
    [
      -0.20441469550132751,
      0.9772343039512634,
      0.056813646107912064
    ],
    [
      0.4732922911643982,
      0.04786404222249985,
      0.879604160785675
    ]
  ],
  "position": [
    -3.396652936935425,
    -0.07715737819671631,
    0.7662585377693176
  ],
  "focal_length": 1716.115478515625,
  "principal_point": [
    628.9470825195312,
    609.3314208984375
  ],
  "skew": 0.0,
  "pixel_aspect_ratio": 0.9643391966819763,
  "radial_distortion": [
    0.09263141453266144,
    -0.060330551117658615,
    0.0
  ],
  "tangential_distortion": [
    -0.03872985765337944,
    0.008248725906014442
  ],
  "image_size": [
    1072,
    1920
  ]
}