{
  "orientation": [
    [
      0.8207997679710388,
      0.21773593127727509,
      -0.5280897617340088
    ],
    [
      -0.22934332489967346,
      0.9723307490348816,
      0.04443635046482086
    ],
    [
      0.5231533050537109,
      0.08464052528142929,
      0.8480250835418701
    ]
  ],
  "position": [
    -5.111179828643799,
    0.1054958626627922,
    -0.4155784845352173
  ],
  "focal_length": 1716.115478515625,
  "principal_point": [
    628.9470825195312,
    609.3314208984375
  ],
  "skew": 0.0,
  "pixel_aspect_ratio": 0.9643391966819763,
  "radial_distortion": [
    0.09263141453266144,
    -0.060330551117658615,
    0.0
  ],
  "tangential_distortion": [
    -0.03872985765337944,
    0.008248725906014442
  ],
  "image_size": [
    1072,
    1920
  ]
}