{
  "orientation": [
    [
      0.9687567949295044,
      0.04671243950724602,
      -0.24357378482818604
    ],
    [
      -0.11750700324773788,
      0.9513239860534668,
      -0.2849118113517761
    ],
    [
      0.21840865910053253,
      0.30463188886642456,
      0.9270906448364258
    ]
  ],
  "position": [
    -1.7387176752090454,
    -2.7078733444213867,
    0.46078377962112427
  ],
  "focal_length": 1716.115478515625,
  "principal_point": [
    628.9470825195312,
    609.3314208984375
  ],
  "skew": 0.0,
  "pixel_aspect_ratio": 0.9643391966819763,
  "radial_distortion": [
    0.09263141453266144,
    -0.060330551117658615,
    0.0
  ],
  "tangential_distortion": [
    -0.03872985765337944,
    0.008248725906014442
  ],
  "image_size": [
    1072,
    1920
  ]
}