{
  "orientation": [
    [
      0.9550779461860657,
      0.08343066275119781,
      -0.2843685448169708
    ],
    [
      -0.05982597544789314,
      0.9940778017044067,
      0.09072064608335495
    ],
    [
      0.29025334119796753,
      -0.06963265687227249,
      0.9544130563735962
    ]
  ],
  "position": [
    -1.669886827468872,
    1.5433260202407837,
    0.3061339855194092
  ],
  "focal_length": 1716.115478515625,
  "principal_point": [
    628.9470825195312,
    609.3314208984375
  ],
  "skew": 0.0,
  "pixel_aspect_ratio": 0.9643391966819763,
  "radial_distortion": [
    0.09263141453266144,
    -0.060330551117658615,
    0.0
  ],
  "tangential_distortion": [
    -0.03872985765337944,
    0.008248725906014442
  ],
  "image_size": [
    1072,
    1920
  ]
}