{
  "orientation": [
    [
      0.9969066977500916,
      -0.01715789921581745,
      -0.07669831067323685
    ],
    [
      -0.007900028489530087,
      0.9490609169006348,
      -0.314993679523468
    ],
    [
      0.07819599658250809,
      0.31462523341178894,
      0.9459896087646484
    ]
  ],
  "position": [
    0.26531267166137695,
    -2.9034862518310547,
    0.5580277442932129
  ],
  "focal_length": 1716.115478515625,
  "principal_point": [
    628.9470825195312,
    609.3314208984375
  ],
  "skew": 0.0,
  "pixel_aspect_ratio": 0.9643391966819763,
  "radial_distortion": [
    0.09263141453266144,
    -0.060330551117658615,
    0.0
  ],
  "tangential_distortion": [
    -0.03872985765337944,
    0.008248725906014442
  ],
  "image_size": [
    1072,
    1920
  ]
}