{
  "orientation": [
    [
      0.9637055397033691,
      0.04364267364144325,
      -0.26337605714797974
    ],
    [
      -0.10024036467075348,
      0.9735167026519775,
      -0.20546789467334747
    ],
    [
      0.2474338263273239,
      0.22441145777702332,
      0.942558228969574
    ]
  ],
  "position": [
    -0.9376983046531677,
    -2.0526363849639893,
    -0.16092942655086517
  ],
  "focal_length": 1716.115478515625,
  "principal_point": [
    628.9470825195312,
    609.3314208984375
  ],
  "skew": 0.0,
  "pixel_aspect_ratio": 0.9643391966819763,
  "radial_distortion": [
    0.09263141453266144,
    -0.060330551117658615,
    0.0
  ],
  "tangential_distortion": [
    -0.03872985765337944,
    0.008248725906014442
  ],
  "image_size": [
    1072,
    1920
  ]
}