{
  "orientation": [
    [
      0.8939482569694519,
      0.15769481658935547,
      -0.41951027512550354
    ],
    [
      -0.2348601073026657,
      0.9620640277862549,
      -0.13882923126220703
    ],
    [
      0.38170307874679565,
      0.22263236343860626,
      0.8970716595649719
    ]
  ],
  "position": [
    -3.3563342094421387,
    -0.871838390827179,
    0.6088069677352905
  ],
  "focal_length": 1716.115478515625,
  "principal_point": [
    628.9470825195312,
    609.3314208984375
  ],
  "skew": 0.0,
  "pixel_aspect_ratio": 0.9643391966819763,
  "radial_distortion": [
    0.09263141453266144,
    -0.060330551117658615,
    0.0
  ],
  "tangential_distortion": [
    -0.03872985765337944,
    0.008248725906014442
  ],
  "image_size": [
    1072,
    1920
  ]
}