{
  "orientation": [
    [
      0.8892847299575806,
      0.1711822748184204,
      -0.4241099953651428
    ],
    [
      -0.14955942332744598,
      0.9851744771003723,
      0.08404301851987839
    ],
    [
      0.4322090148925781,
      -0.011308523826301098,
      0.9017025232315063
    ]
  ],
  "position": [
    -2.93404221534729,
    0.9633535146713257,
    0.769888699054718
  ],
  "focal_length": 1716.115478515625,
  "principal_point": [
    628.9470825195312,
    609.3314208984375
  ],
  "skew": 0.0,
  "pixel_aspect_ratio": 0.9643391966819763,
  "radial_distortion": [
    0.09263141453266144,
    -0.060330551117658615,
    0.0
  ],
  "tangential_distortion": [
    -0.03872985765337944,
    0.008248725906014442
  ],
  "image_size": [
    1072,
    1920
  ]
}