{
  "orientation": [
    [
      0.9034745097160339,
      0.1847563236951828,
      -0.3867802321910858
    ],
    [
      -0.128825381398201,
      0.9776602983474731,
      0.16608524322509766
    ],
    [
      0.40882498025894165,
      -0.10022667050361633,
      0.9070924520492554
    ]
  ],
  "position": [
    -3.043433427810669,
    3.1922478675842285,
    -1.1039670705795288
  ],
  "focal_length": 1716.115478515625,
  "principal_point": [
    628.9470825195312,
    609.3314208984375
  ],
  "skew": 0.0,
  "pixel_aspect_ratio": 0.9643391966819763,
  "radial_distortion": [
    0.09263141453266144,
    -0.060330551117658615,
    0.0
  ],
  "tangential_distortion": [
    -0.03872985765337944,
    0.008248725906014442
  ],
  "image_size": [
    1072,
    1920
  ]
}