{
  "orientation": [
    [
      0.9191211462020874,
      0.1617359071969986,
      -0.3592461049556732
    ],
    [
      -0.11394347250461578,
      0.9820082187652588,
      0.15058797597885132
    ],
    [
      0.3771381080150604,
      -0.0974748432636261,
      0.9210132956504822
    ]
  ],
  "position": [
    -2.454008102416992,
    3.282963752746582,
    -1.1127703189849854
  ],
  "focal_length": 1716.115478515625,
  "principal_point": [
    628.9470825195312,
    609.3314208984375
  ],
  "skew": 0.0,
  "pixel_aspect_ratio": 0.9643391966819763,
  "radial_distortion": [
    0.09263141453266144,
    -0.060330551117658615,
    0.0
  ],
  "tangential_distortion": [
    -0.03872985765337944,
    0.008248725906014442
  ],
  "image_size": [
    1072,
    1920
  ]
}