{
  "orientation": [
    [
      0.8770127296447754,
      0.2086142748594284,
      -0.43281495571136475
    ],
    [
      -0.14503911137580872,
      0.9737462997436523,
      0.17544735968112946
    ],
    [
      0.45805278420448303,
      -0.091094471514225,
      0.8842450976371765
    ]
  ],
  "position": [
    -4.1221466064453125,
    2.833101987838745,
    -0.9385077357292175
  ],
  "focal_length": 1716.115478515625,
  "principal_point": [
    628.9470825195312,
    609.3314208984375
  ],
  "skew": 0.0,
  "pixel_aspect_ratio": 0.9643391966819763,
  "radial_distortion": [
    0.09263141453266144,
    -0.060330551117658615,
    0.0
  ],
  "tangential_distortion": [
    -0.03872985765337944,
    0.008248725906014442
  ],
  "image_size": [
    1072,
    1920
  ]
}