{
  "orientation": [
    [
      0.8904915452003479,
      0.1964169591665268,
      -0.41042080521583557
    ],
    [
      -0.13569346070289612,
      0.9756196737289429,
      0.1724921613931656
    ],
    [
      0.43429499864578247,
      -0.09791139513254166,
      0.8954335451126099
    ]
  ],
  "position": [
    -3.6383283138275146,
    3.0414390563964844,
    -1.0117664337158203
  ],
  "focal_length": 1716.115478515625,
  "principal_point": [
    628.9470825195312,
    609.3314208984375
  ],
  "skew": 0.0,
  "pixel_aspect_ratio": 0.9643391966819763,
  "radial_distortion": [
    0.09263141453266144,
    -0.060330551117658615,
    0.0
  ],
  "tangential_distortion": [
    -0.03872985765337944,
    0.008248725906014442
  ],
  "image_size": [
    1072,
    1920
  ]
}