{
  "orientation": [
    [
      0.9934244155883789,
      0.010503794066607952,
      -0.11400701105594635
    ],
    [
      -0.006195133551955223,
      0.9992554187774658,
      0.038081664592027664
    ],
    [
      0.11432212591171265,
      -0.03712496533989906,
      0.992749810218811
    ]
  ],
  "position": [
    0.5798963308334351,
    1.3621084690093994,
    0.11450831592082977
  ],
  "focal_length": 1716.115478515625,
  "principal_point": [
    628.9470825195312,
    609.3314208984375
  ],
  "skew": 0.0,
  "pixel_aspect_ratio": 0.9643391966819763,
  "radial_distortion": [
    0.09263141453266144,
    -0.060330551117658615,
    0.0
  ],
  "tangential_distortion": [
    -0.03872985765337944,
    0.008248725906014442
  ],
  "image_size": [
    1072,
    1920
  ]
}