{
  "orientation": [
    [
      0.86072838306427,
      0.2005908191204071,
      -0.46787816286087036
    ],
    [
      -0.18830539286136627,
      0.9793592691421509,
      0.07346076518297195
    ],
    [
      0.4729563593864441,
      0.024874210357666016,
      0.8807346820831299
    ]
  ],
  "position": [
    -3.344264030456543,
    0.36028867959976196,
    0.8241446614265442
  ],
  "focal_length": 1716.115478515625,
  "principal_point": [
    628.9470825195312,
    609.3314208984375
  ],
  "skew": 0.0,
  "pixel_aspect_ratio": 0.9643391966819763,
  "radial_distortion": [
    0.09263141453266144,
    -0.060330551117658615,
    0.0
  ],
  "tangential_distortion": [
    -0.03872985765337944,
    0.008248725906014442
  ],
  "image_size": [
    1072,
    1920
  ]
}