{
  "orientation": [
    [
      0.8856753706932068,
      0.19043990969657898,
      -0.4234521985054016
    ],
    [
      -0.2432715892791748,
      0.9671418070793152,
      -0.07386257499456406
    ],
    [
      0.3954719305038452,
      0.16843216121196747,
      0.9029023051261902
    ]
  ],
  "position": [
    -3.7628979682922363,
    -0.1114732101559639,
    0.6932023763656616
  ],
  "focal_length": 1716.115478515625,
  "principal_point": [
    628.9470825195312,
    609.3314208984375
  ],
  "skew": 0.0,
  "pixel_aspect_ratio": 0.9643391966819763,
  "radial_distortion": [
    0.09263141453266144,
    -0.060330551117658615,
    0.0
  ],
  "tangential_distortion": [
    -0.03872985765337944,
    0.008248725906014442
  ],
  "image_size": [
    1072,
    1920
  ]
}