{
  "orientation": [
    [
      0.9884353280067444,
      -0.08475475013256073,
      0.12574657797813416
    ],
    [
      0.11362998187541962,
      0.963078498840332,
      -0.2440655529499054
    ],
    [
      -0.10041811317205429,
      0.25553157925605774,
      0.9615715146064758
    ]
  ],
  "position": [
    3.15110445022583,
    -1.9467495679855347,
    0.5254393219947815
  ],
  "focal_length": 1716.115478515625,
  "principal_point": [
    628.9470825195312,
    609.3314208984375
  ],
  "skew": 0.0,
  "pixel_aspect_ratio": 0.9643391966819763,
  "radial_distortion": [
    0.09263141453266144,
    -0.060330551117658615,
    0.0
  ],
  "tangential_distortion": [
    -0.03872985765337944,
    0.008248725906014442
  ],
  "image_size": [
    1072,
    1920
  ]
}