{
  "orientation": [
    [
      0.8995828032493591,
      0.12555567920207977,
      -0.4183139503002167
    ],
    [
      -0.1908946931362152,
      0.9744888544082642,
      -0.11802854388952255
    ],
    [
      0.39282312989234924,
      0.18603035807609558,
      0.900601327419281
    ]
  ],
  "position": [
    -3.0602076053619385,
    -1.535156488418579,
    -0.5879974961280823
  ],
  "focal_length": 1716.115478515625,
  "principal_point": [
    628.9470825195312,
    609.3314208984375
  ],
  "skew": 0.0,
  "pixel_aspect_ratio": 0.9643391966819763,
  "radial_distortion": [
    0.09263141453266144,
    -0.060330551117658615,
    0.0
  ],
  "tangential_distortion": [
    -0.03872985765337944,
    0.008248725906014442
  ],
  "image_size": [
    1072,
    1920
  ]
}