{
  "orientation": [
    [
      0.9660943150520325,
      0.06510303914546967,
      -0.2498467117547989
    ],
    [
      -0.044264066964387894,
      0.9951238632202148,
      0.08814332634210587
    ],
    [
      0.25436681509017944,
      -0.07409553974866867,
      0.9642652273178101
    ]
  ],
  "position": [
    -1.2546966075897217,
    1.565380573272705,
    0.2163221389055252
  ],
  "focal_length": 1716.115478515625,
  "principal_point": [
    628.9470825195312,
    609.3314208984375
  ],
  "skew": 0.0,
  "pixel_aspect_ratio": 0.9643391966819763,
  "radial_distortion": [
    0.09263141453266144,
    -0.060330551117658615,
    0.0
  ],
  "tangential_distortion": [
    -0.03872985765337944,
    0.008248725906014442
  ],
  "image_size": [
    1072,
    1920
  ]
}