{
  "orientation": [
    [
      0.9952582120895386,
      -0.07705624401569366,
      0.05935864523053169
    ],
    [
      0.08324020355939865,
      0.9904475808143616,
      -0.10993044078350067
    ],
    [
      -0.05032080039381981,
      0.11435019969940186,
      0.992165207862854
    ]
  ],
  "position": [
    2.0715253353118896,
    -0.16502365469932556,
    0.1501273661851883
  ],
  "focal_length": 1716.115478515625,
  "principal_point": [
    628.9470825195312,
    609.3314208984375
  ],
  "skew": 0.0,
  "pixel_aspect_ratio": 0.9643391966819763,
  "radial_distortion": [
    0.09263141453266144,
    -0.060330551117658615,
    0.0
  ],
  "tangential_distortion": [
    -0.03872985765337944,
    0.008248725906014442
  ],
  "image_size": [
    1072,
    1920
  ]
}