{
  "orientation": [
    [
      0.9475638270378113,
      0.0630691722035408,
      -0.3132811188697815
    ],
    [
      -0.1265428364276886,
      0.9742497205734253,
      -0.18661285936832428
    ],
    [
      0.29344454407691956,
      0.21647107601165771,
      0.9311447739601135
    ]
  ],
  "position": [
    -1.3581935167312622,
    -1.9909623861312866,
    -0.3501857817173004
  ],
  "focal_length": 1716.115478515625,
  "principal_point": [
    628.9470825195312,
    609.3314208984375
  ],
  "skew": 0.0,
  "pixel_aspect_ratio": 0.9643391966819763,
  "radial_distortion": [
    0.09263141453266144,
    -0.060330551117658615,
    0.0
  ],
  "tangential_distortion": [
    -0.03872985765337944,
    0.008248725906014442
  ],
  "image_size": [
    1072,
    1920
  ]
}