{
  "orientation": [
    [
      0.9966150522232056,
      -0.03795257583260536,
      0.07292528450489044
    ],
    [
      0.04177718982100487,
      0.9977906942367554,
      -0.05165623500943184
    ],
    [
      -0.0708036795258522,
      0.054527994245290756,
      0.995998740196228
    ]
  ],
  "position": [
    4.107685565948486,
    1.3129527568817139,
    0.3549947142601013
  ],
  "focal_length": 1716.115478515625,
  "principal_point": [
    628.9470825195312,
    609.3314208984375
  ],
  "skew": 0.0,
  "pixel_aspect_ratio": 0.9643391966819763,
  "radial_distortion": [
    0.09263141453266144,
    -0.060330551117658615,
    0.0
  ],
  "tangential_distortion": [
    -0.03872985765337944,
    0.008248725906014442
  ],
  "image_size": [
    1072,
    1920
  ]
}