{
  "orientation": [
    [
      0.8914759755134583,
      0.15142309665679932,
      -0.4270147979259491
    ],
    [
      -0.21296194195747375,
      0.971935510635376,
      -0.09994259476661682
    ],
    [
      0.3998972475528717,
      0.1800343245267868,
      0.8987045288085938
    ]
  ],
  "position": [
    -3.3234429359436035,
    -1.3101869821548462,
    -0.5590651035308838
  ],
  "focal_length": 1716.115478515625,
  "principal_point": [
    628.9470825195312,
    609.3314208984375
  ],
  "skew": 0.0,
  "pixel_aspect_ratio": 0.9643391966819763,
  "radial_distortion": [
    0.09263141453266144,
    -0.060330551117658615,
    0.0
  ],
  "tangential_distortion": [
    -0.03872985765337944,
    0.008248725906014442
  ],
  "image_size": [
    1072,
    1920
  ]
}