{
  "orientation": [
    [
      0.9863719940185547,
      -0.08989420533180237,
      0.13780181109905243
    ],
    [
      0.12016210705041885,
      0.9657123684883118,
      -0.2301318496465683
    ],
    [
      -0.11238940060138702,
      0.24355415999889374,
      0.9633535146713257
    ]
  ],
  "position": [
    3.4317257404327393,
    -1.6259244680404663,
    0.6029230952262878
  ],
  "focal_length": 1716.115478515625,
  "principal_point": [
    628.9470825195312,
    609.3314208984375
  ],
  "skew": 0.0,
  "pixel_aspect_ratio": 0.9643391966819763,
  "radial_distortion": [
    0.09263141453266144,
    -0.060330551117658615,
    0.0
  ],
  "tangential_distortion": [
    -0.03872985765337944,
    0.008248725906014442
  ],
  "image_size": [
    1072,
    1920
  ]
}