{
  "orientation": [
    [
      0.8179165124893188,
      0.24624159932136536,
      -0.5199785828590393
    ],
    [
      -0.1916346251964569,
      0.9687733054161072,
      0.15733563899993896
    ],
    [
      0.542483925819397,
      -0.029041513800621033,
      0.8395640254020691
    ]
  ],
  "position": [
    -5.232813358306885,
    1.5963679552078247,
    -0.6860044598579407
  ],
  "focal_length": 1716.115478515625,
  "principal_point": [
    628.9470825195312,
    609.3314208984375
  ],
  "skew": 0.0,
  "pixel_aspect_ratio": 0.9643391966819763,
  "radial_distortion": [
    0.09263141453266144,
    -0.060330551117658615,
    0.0
  ],
  "tangential_distortion": [
    -0.03872985765337944,
    0.008248725906014442
  ],
  "image_size": [
    1072,
    1920
  ]
}