{
  "orientation": [
    [
      0.9343031644821167,
      0.07993288338184357,
      -0.3474022448062897
    ],
    [
      -0.14646491408348083,
      0.9745564460754395,
      -0.16966940462589264
    ],
    [
      0.32500094175338745,
      0.20940490067005157,
      0.9222385883331299
    ]
  ],
  "position": [
    -1.8038212060928345,
    -1.8876953125,
    -0.4501112997531891
  ],
  "focal_length": 1716.115478515625,
  "principal_point": [
    628.9470825195312,
    609.3314208984375
  ],
  "skew": 0.0,
  "pixel_aspect_ratio": 0.9643391966819763,
  "radial_distortion": [
    0.09263141453266144,
    -0.060330551117658615,
    0.0
  ],
  "tangential_distortion": [
    -0.03872985765337944,
    0.008248725906014442
  ],
  "image_size": [
    1072,
    1920
  ]
}