{
  "orientation": [
    [
      0.9833113551139832,
      0.032266922295093536,
      -0.17904631793498993
    ],
    [
      -0.020772771909832954,
      0.9976229071617126,
      0.06570431590080261
    ],
    [
      0.18074078857898712,
      -0.060888513922691345,
      0.9816442131996155
    ]
  ],
  "position": [
    -0.31478461623191833,
    1.4506710767745972,
    0.07801969349384308
  ],
  "focal_length": 1716.115478515625,
  "principal_point": [
    628.9470825195312,
    609.3314208984375
  ],
  "skew": 0.0,
  "pixel_aspect_ratio": 0.9643391966819763,
  "radial_distortion": [
    0.09263141453266144,
    -0.060330551117658615,
    0.0
  ],
  "tangential_distortion": [
    -0.03872985765337944,
    0.008248725906014442
  ],
  "image_size": [
    1072,
    1920
  ]
}