{
  "orientation": [
    [
      0.9112142324447632,
      0.11376418173313141,
      -0.3959120810031891
    ],
    [
      -0.17961634695529938,
      0.9746592044830322,
      -0.1333317756652832
    ],
    [
      0.37071099877357483,
      0.1926060914993286,
      0.9085572361946106
    ]
  ],
  "position": [
    -2.6134696006774902,
    -1.6631501913070679,
    -0.5986683368682861
  ],
  "focal_length": 1716.115478515625,
  "principal_point": [
    628.9470825195312,
    609.3314208984375
  ],
  "skew": 0.0,
  "pixel_aspect_ratio": 0.9643391966819763,
  "radial_distortion": [
    0.09263141453266144,
    -0.060330551117658615,
    0.0
  ],
  "tangential_distortion": [
    -0.03872985765337944,
    0.008248725906014442
  ],
  "image_size": [
    1072,
    1920
  ]
}