{
  "orientation": [
    [
      0.9901806116104126,
      -0.009834722615778446,
      -0.1394474059343338
    ],
    [
      -0.020285088568925858,
      0.9768561124801636,
      -0.21293340623378754
    ],
    [
      0.13831418752670288,
      0.2136712372303009,
      0.9670644998550415
    ]
  ],
  "position": [
    0.22323699295520782,
    -1.6829302310943604,
    0.2542073428630829
  ],
  "focal_length": 1716.115478515625,
  "principal_point": [
    628.9470825195312,
    609.3314208984375
  ],
  "skew": 0.0,
  "pixel_aspect_ratio": 0.9643391966819763,
  "radial_distortion": [
    0.09263141453266144,
    -0.060330551117658615,
    0.0
  ],
  "tangential_distortion": [
    -0.03872985765337944,
    0.008248725906014442
  ],
  "image_size": [
    1072,
    1920
  ]
}