{
  "orientation": [
    [
      0.9409756064414978,
      0.10266924649477005,
      -0.3225274980068207
    ],
    [
      -0.07742666453123093,
      0.9929113984107971,
      0.09017793834209442
    ],
    [
      0.3294997215270996,
      -0.059883009642362595,
      0.9422547221183777
    ]
  ],
  "position": [
    -2.0620248317718506,
    1.5051870346069336,
    0.4798336327075958
  ],
  "focal_length": 1716.115478515625,
  "principal_point": [
    628.9470825195312,
    609.3314208984375
  ],
  "skew": 0.0,
  "pixel_aspect_ratio": 0.9643391966819763,
  "radial_distortion": [
    0.09263141453266144,
    -0.060330551117658615,
    0.0
  ],
  "tangential_distortion": [
    -0.03872985765337944,
    0.008248725906014442
  ],
  "image_size": [
    1072,
    1920
  ]
}