{
  "orientation": [
    [
      0.9995729327201843,
      -0.018401222303509712,
      0.022701861336827278
    ],
    [
      0.01857653632760048,
      0.9997990131378174,
      -0.007535872049629688
    ],
    [
      -0.022558629512786865,
      0.007954375818371773,
      0.9997138977050781
    ]
  ],
  "position": [
    3.364000082015991,
    2.1204113960266113,
    0.05207614228129387
  ],
  "focal_length": 1716.115478515625,
  "principal_point": [
    628.9470825195312,
    609.3314208984375
  ],
  "skew": 0.0,
  "pixel_aspect_ratio": 0.9643391966819763,
  "radial_distortion": [
    0.09263141453266144,
    -0.060330551117658615,
    0.0
  ],
  "tangential_distortion": [
    -0.03872985765337944,
    0.008248725906014442
  ],
  "image_size": [
    1072,
    1920
  ]
}