{
  "orientation": [
    [
      0.8324025273323059,
      0.2512887120246887,
      -0.4939230680465698
    ],
    [
      -0.1892854869365692,
      0.9666032195091248,
      0.17276930809020996
    ],
    [
      0.5208426117897034,
      -0.05032114312052727,
      0.8521682620048523
    ]
  ],
  "position": [
    -5.017873764038086,
    1.961107611656189,
    -0.7898048162460327
  ],
  "focal_length": 1716.115478515625,
  "principal_point": [
    628.9470825195312,
    609.3314208984375
  ],
  "skew": 0.0,
  "pixel_aspect_ratio": 0.9643391966819763,
  "radial_distortion": [
    0.09263141453266144,
    -0.060330551117658615,
    0.0
  ],
  "tangential_distortion": [
    -0.03872985765337944,
    0.008248725906014442
  ],
  "image_size": [
    1072,
    1920
  ]
}