{
  "orientation": [
    [
      0.9929535984992981,
      -0.05578795075416565,
      0.10455061495304108
    ],
    [
      0.063163161277771,
      0.9956420063972473,
      -0.06861041486263275
    ],
    [
      -0.10026735067367554,
      0.07473070919513702,
      0.992150068283081
    ]
  ],
  "position": [
    4.491115093231201,
    0.7799364328384399,
    0.5988816022872925
  ],
  "focal_length": 1716.115478515625,
  "principal_point": [
    628.9470825195312,
    609.3314208984375
  ],
  "skew": 0.0,
  "pixel_aspect_ratio": 0.9643391966819763,
  "radial_distortion": [
    0.09263141453266144,
    -0.060330551117658615,
    0.0
  ],
  "tangential_distortion": [
    -0.03872985765337944,
    0.008248725906014442
  ],
  "image_size": [
    1072,
    1920
  ]
}