{
  "orientation": [
    [
      0.9986754655838013,
      -0.0422222800552845,
      0.029403958469629288
    ],
    [
      0.04280059412121773,
      0.9988967180252075,
      -0.019324103370308876
    ],
    [
      -0.02855560928583145,
      0.020557014271616936,
      0.9993808269500732
    ]
  ],
  "position": [
    1.7413711547851562,
    1.0653196573257446,
    0.28960534930229187
  ],
  "focal_length": 1716.115478515625,
  "principal_point": [
    628.9470825195312,
    609.3314208984375
  ],
  "skew": 0.0,
  "pixel_aspect_ratio": 0.9643391966819763,
  "radial_distortion": [
    0.09263141453266144,
    -0.060330551117658615,
    0.0
  ],
  "tangential_distortion": [
    -0.03872985765337944,
    0.008248725906014442
  ],
  "image_size": [
    1072,
    1920
  ]
}