{
  "orientation": [
    [
      0.9918912649154663,
      -0.0032310010865330696,
      -0.1270485371351242
    ],
    [
      -0.03718552738428116,
      0.948549747467041,
      -0.31443703174591064
    ],
    [
      0.12152779847383499,
      0.31661170721054077,
      0.9407380223274231
    ]
  ],
  "position": [
    -0.3026137948036194,
    -2.9631400108337402,
    0.529986560344696
  ],
  "focal_length": 1716.115478515625,
  "principal_point": [
    628.9470825195312,
    609.3314208984375
  ],
  "skew": 0.0,
  "pixel_aspect_ratio": 0.9643391966819763,
  "radial_distortion": [
    0.09263141453266144,
    -0.060330551117658615,
    0.0
  ],
  "tangential_distortion": [
    -0.03872985765337944,
    0.008248725906014442
  ],
  "image_size": [
    1072,
    1920
  ]
}