{
  "orientation": [
    [
      0.8514145612716675,
      0.23194627463817596,
      -0.47041910886764526
    ],
    [
      -0.1637820154428482,
      0.9696268439292908,
      0.18165703117847443
    ],
    [
      0.49826565384864807,
      -0.07761926203966141,
      0.8635430335998535
    ]
  ],
  "position": [
    -4.850035667419434,
    2.4201018810272217,
    -0.7182669043540955
  ],
  "focal_length": 1716.115478515625,
  "principal_point": [
    628.9470825195312,
    609.3314208984375
  ],
  "skew": 0.0,
  "pixel_aspect_ratio": 0.9643391966819763,
  "radial_distortion": [
    0.09263141453266144,
    -0.060330551117658615,
    0.0
  ],
  "tangential_distortion": [
    -0.03872985765337944,
    0.008248725906014442
  ],
  "image_size": [
    1072,
    1920
  ]
}