{
  "orientation": [
    [
      0.872368574142456,
      0.18991777300834656,
      -0.45044898986816406
    ],
    [
      -0.17230138182640076,
      0.9817705154418945,
      0.08024293184280396
    ],
    [
      0.4574770927429199,
      0.007611569948494434,
      0.889188826084137
    ]
  ],
  "position": [
    -3.1523282527923584,
    0.661453366279602,
    0.7876259684562683
  ],
  "focal_length": 1716.115478515625,
  "principal_point": [
    628.9470825195312,
    609.3314208984375
  ],
  "skew": 0.0,
  "pixel_aspect_ratio": 0.9643391966819763,
  "radial_distortion": [
    0.09263141453266144,
    -0.060330551117658615,
    0.0
  ],
  "tangential_distortion": [
    -0.03872985765337944,
    0.008248725906014442
  ],
  "image_size": [
    1072,
    1920
  ]
}