{
  "orientation": [
    [
      0.9358901977539062,
      0.128177210688591,
      -0.32814642786979675
    ],
    [
      -0.08946375548839569,
      0.9873993396759033,
      0.13053269684314728
    ],
    [
      0.34074288606643677,
      -0.09280705451965332,
      0.9355645775794983
    ]
  ],
  "position": [
    -1.885420799255371,
    3.3147575855255127,
    -1.0889325141906738
  ],
  "focal_length": 1716.115478515625,
  "principal_point": [
    628.9470825195312,
    609.3314208984375
  ],
  "skew": 0.0,
  "pixel_aspect_ratio": 0.9643391966819763,
  "radial_distortion": [
    0.09263141453266144,
    -0.060330551117658615,
    0.0
  ],
  "tangential_distortion": [
    -0.03872985765337944,
    0.008248725906014442
  ],
  "image_size": [
    1072,
    1920
  ]
}