{
  "orientation": [
    [
      0.9838314056396484,
      -0.06998660415410995,
      0.16485635936260223
    ],
    [
      0.09190616011619568,
      0.9873339533805847,
      -0.129324808716774
    ],
    [
      -0.1537172794342041,
      0.14238512516021729,
      0.9778023958206177
    ]
  ],
  "position": [
    4.639675140380859,
    0.0986315906047821,
    0.8890584111213684
  ],
  "focal_length": 1716.115478515625,
  "principal_point": [
    628.9470825195312,
    609.3314208984375
  ],
  "skew": 0.0,
  "pixel_aspect_ratio": 0.9643391966819763,
  "radial_distortion": [
    0.09263141453266144,
    -0.060330551117658615,
    0.0
  ],
  "tangential_distortion": [
    -0.03872985765337944,
    0.008248725906014442
  ],
  "image_size": [
    1072,
    1920
  ]
}