{
  "orientation": [
    [
      0.998153030872345,
      -0.03619193285703659,
      -0.04879213869571686
    ],
    [
      0.026324711740016937,
      0.9815236330032349,
      -0.18952128291130066
    ],
    [
      0.054749779403209686,
      0.1878868043422699,
      0.980663537979126
    ]
  ],
  "position": [
    1.1270607709884644,
    -1.2776633501052856,
    0.23260420560836792
  ],
  "focal_length": 1716.115478515625,
  "principal_point": [
    628.9470825195312,
    609.3314208984375
  ],
  "skew": 0.0,
  "pixel_aspect_ratio": 0.9643391966819763,
  "radial_distortion": [
    0.09263141453266144,
    -0.060330551117658615,
    0.0
  ],
  "tangential_distortion": [
    -0.03872985765337944,
    0.008248725906014442
  ],
  "image_size": [
    1072,
    1920
  ]
}