{
  "orientation": [
    [
      0.9842376112937927,
      0.0074470266699790955,
      -0.17669428884983063
    ],
    [
      -0.04651616886258125,
      0.9748345613479614,
      -0.21802258491516113
    ],
    [
      0.17062407732009888,
      0.2228051722049713,
      0.959815263748169
    ]
  ],
  "position": [
    -0.16893580555915833,
    -1.8825396299362183,
    0.18048518896102905
  ],
  "focal_length": 1716.115478515625,
  "principal_point": [
    628.9470825195312,
    609.3314208984375
  ],
  "skew": 0.0,
  "pixel_aspect_ratio": 0.9643391966819763,
  "radial_distortion": [
    0.09263141453266144,
    -0.060330551117658615,
    0.0
  ],
  "tangential_distortion": [
    -0.03872985765337944,
    0.008248725906014442
  ],
  "image_size": [
    1072,
    1920
  ]
}