{
  "orientation": [
    [
      0.8918730020523071,
      0.17184363305568695,
      -0.4183686673641205
    ],
    [
      -0.16856089234352112,
      0.9846584796905518,
      0.045109476894140244
    ],
    [
      0.41970205307006836,
      0.03028867207467556,
      0.9071564078330994
    ]
  ],
  "position": [
    -3.5898427963256836,
    1.4050153493881226,
    0.5322040319442749
  ],
  "focal_length": 1716.115478515625,
  "principal_point": [
    628.9470825195312,
    609.3314208984375
  ],
  "skew": 0.0,
  "pixel_aspect_ratio": 0.9643391966819763,
  "radial_distortion": [
    0.09263141453266144,
    -0.060330551117658615,
    0.0
  ],
  "tangential_distortion": [
    -0.03872985765337944,
    0.008248725906014442
  ],
  "image_size": [
    1072,
    1920
  ]
}