{
  "orientation": [
    [
      0.9865942597389221,
      -0.05538410693407059,
      0.15350696444511414
    ],
    [
      0.07043295353651047,
      0.9930402636528015,
      -0.09439372271299362
    ],
    [
      -0.14721070230007172,
      0.10394025593996048,
      0.9836286902427673
    ]
  ],
  "position": [
    4.787648677825928,
    0.48418301343917847,
    0.8735791444778442
  ],
  "focal_length": 1716.115478515625,
  "principal_point": [
    628.9470825195312,
    609.3314208984375
  ],
  "skew": 0.0,
  "pixel_aspect_ratio": 0.9643391966819763,
  "radial_distortion": [
    0.09263141453266144,
    -0.060330551117658615,
    0.0
  ],
  "tangential_distortion": [
    -0.03872985765337944,
    0.008248725906014442
  ],
  "image_size": [
    1072,
    1920
  ]
}