{
  "orientation": [
    [
      0.9958752989768982,
      -0.020783599466085434,
      -0.08832016587257385
    ],
    [
      0.0026516972575336695,
      0.9796624183654785,
      -0.2006354033946991
    ],
    [
      0.0906938686966896,
      0.19957365095615387,
      0.9756766557693481
    ]
  ],
  "position": [
    0.716117262840271,
    -1.4866995811462402,
    0.246198371052742
  ],
  "focal_length": 1716.115478515625,
  "principal_point": [
    628.9470825195312,
    609.3314208984375
  ],
  "skew": 0.0,
  "pixel_aspect_ratio": 0.9643391966819763,
  "radial_distortion": [
    0.09263141453266144,
    -0.060330551117658615,
    0.0
  ],
  "tangential_distortion": [
    -0.03872985765337944,
    0.008248725906014442
  ],
  "image_size": [
    1072,
    1920
  ]
}