{
  "orientation": [
    [
      0.9756041765213013,
      0.04699404910206795,
      -0.21444830298423767
    ],
    [
      -0.030835554003715515,
      0.9964698553085327,
      0.07808341830968857
    ],
    [
      0.217360720038414,
      -0.06956587731838226,
      0.973609209060669
    ]
  ],
  "position": [
    -0.7864164113998413,
    1.504418134689331,
    0.11068760603666306
  ],
  "focal_length": 1716.115478515625,
  "principal_point": [
    628.9470825195312,
    609.3314208984375
  ],
  "skew": 0.0,
  "pixel_aspect_ratio": 0.9643391966819763,
  "radial_distortion": [
    0.09263141453266144,
    -0.060330551117658615,
    0.0
  ],
  "tangential_distortion": [
    -0.03872985765337944,
    0.008248725906014442
  ],
  "image_size": [
    1072,
    1920
  ]
}