{
  "orientation": [
    [
      0.8517909049987793,
      0.1645704209804535,
      -0.4973618984222412
    ],
    [
      -0.18426278233528137,
      0.9828298091888428,
      0.009633529931306839
    ],
    [
      0.4904074966907501,
      0.08343953639268875,
      0.8674896955490112
    ]
  ],
  "position": [
    -3.8266279697418213,
    -0.7488384246826172,
    0.9322040677070618
  ],
  "focal_length": 1716.115478515625,
  "principal_point": [
    628.9470825195312,
    609.3314208984375
  ],
  "skew": 0.0,
  "pixel_aspect_ratio": 0.9643391966819763,
  "radial_distortion": [
    0.09263141453266144,
    -0.060330551117658615,
    0.0
  ],
  "tangential_distortion": [
    -0.03872985765337944,
    0.008248725906014442
  ],
  "image_size": [
    1072,
    1920
  ]
}