{
  "orientation": [
    [
      0.9986373782157898,
      -0.051455363631248474,
      0.008699470199644566
    ],
    [
      0.051710620522499084,
      0.9532618522644043,
      -0.2976875305175781
    ],
    [
      0.00702474731951952,
      0.29773175716400146,
      0.9546236991882324
    ]
  ],
  "position": [
    1.346588134765625,
    -2.7172348499298096,
    0.5131465792655945
  ],
  "focal_length": 1716.115478515625,
  "principal_point": [
    628.9470825195312,
    609.3314208984375
  ],
  "skew": 0.0,
  "pixel_aspect_ratio": 0.9643391966819763,
  "radial_distortion": [
    0.09263141453266144,
    -0.060330551117658615,
    0.0
  ],
  "tangential_distortion": [
    -0.03872985765337944,
    0.008248725906014442
  ],
  "image_size": [
    1072,
    1920
  ]
}