{
  "orientation": [
    [
      0.8535746932029724,
      0.19791963696479797,
      -0.4819108545780182
    ],
    [
      -0.23789888620376587,
      0.9710275530815125,
      -0.022574830800294876
    ],
    [
      0.46348071098327637,
      0.13391536474227905,
      0.8759294152259827
    ]
  ],
  "position": [
    -4.474050521850586,
    -0.5683330297470093,
    -0.4670233130455017
  ],
  "focal_length": 1716.115478515625,
  "principal_point": [
    628.9470825195312,
    609.3314208984375
  ],
  "skew": 0.0,
  "pixel_aspect_ratio": 0.9643391966819763,
  "radial_distortion": [
    0.09263141453266144,
    -0.060330551117658615,
    0.0
  ],
  "tangential_distortion": [
    -0.03872985765337944,
    0.008248725906014442
  ],
  "image_size": [
    1072,
    1920
  ]
}