{
  "orientation": [
    [
      0.9781777858734131,
      0.047818873077631,
      -0.20219193398952484
    ],
    [
      -0.034489087760448456,
      0.9970241189002991,
      0.06894493103027344
    ],
    [
      0.20488710701465607,
      -0.06046698987483978,
      0.9769160747528076
    ]
  ],
  "position": [
    0.7634466886520386,
    3.1393325328826904,
    -0.9903924465179443
  ],
  "focal_length": 1716.115478515625,
  "principal_point": [
    628.9470825195312,
    609.3314208984375
  ],
  "skew": 0.0,
  "pixel_aspect_ratio": 0.9643391966819763,
  "radial_distortion": [
    0.09263141453266144,
    -0.060330551117658615,
    0.0
  ],
  "tangential_distortion": [
    -0.03872985765337944,
    0.008248725906014442
  ],
  "image_size": [
    1072,
    1920
  ]
}