{
  "orientation": [
    [
      0.9836686849594116,
      -0.08080341666936874,
      0.1608315259218216
    ],
    [
      0.11352209746837616,
      0.971944272518158,
      -0.2060026228427887
    ],
    [
      -0.13967356085777283,
      0.22089624404907227,
      0.9652441143989563
    ]
  ],
  "position": [
    4.101180076599121,
    -0.8778025507926941,
    0.8308506011962891
  ],
  "focal_length": 1716.115478515625,
  "principal_point": [
    628.9470825195312,
    609.3314208984375
  ],
  "skew": 0.0,
  "pixel_aspect_ratio": 0.9643391966819763,
  "radial_distortion": [
    0.09263141453266144,
    -0.060330551117658615,
    0.0
  ],
  "tangential_distortion": [
    -0.03872985765337944,
    0.008248725906014442
  ],
  "image_size": [
    1072,
    1920
  ]
}