{
  "orientation": [
    [
      0.8815947771072388,
      0.19117237627506256,
      -0.431559681892395
    ],
    [
      -0.23119348287582397,
      0.9720136523246765,
      -0.041701771318912506
    ],
    [
      0.4115096926689148,
      0.1365378499031067,
      0.9011199474334717
    ]
  ],
  "position": [
    -3.9439713954925537,
    0.218154177069664,
    0.7166996598243713
  ],
  "focal_length": 1716.115478515625,
  "principal_point": [
    628.9470825195312,
    609.3314208984375
  ],
  "skew": 0.0,
  "pixel_aspect_ratio": 0.9643391966819763,
  "radial_distortion": [
    0.09263141453266144,
    -0.060330551117658615,
    0.0
  ],
  "tangential_distortion": [
    -0.03872985765337944,
    0.008248725906014442
  ],
  "image_size": [
    1072,
    1920
  ]
}