{
  "orientation": [
    [
      0.9963824152946472,
      -0.002880017040297389,
      -0.08493391424417496
    ],
    [
      0.005197967402637005,
      0.9996196627616882,
      0.02708272449672222
    ],
    [
      0.0848236158490181,
      -0.027426233515143394,
      0.9960184693336487
    ]
  ],
  "position": [
    0.8834565281867981,
    1.3759088516235352,
    0.20342187583446503
  ],
  "focal_length": 1716.115478515625,
  "principal_point": [
    628.9470825195312,
    609.3314208984375
  ],
  "skew": 0.0,
  "pixel_aspect_ratio": 0.9643391966819763,
  "radial_distortion": [
    0.09263141453266144,
    -0.060330551117658615,
    0.0
  ],
  "tangential_distortion": [
    -0.03872985765337944,
    0.008248725906014442
  ],
  "image_size": [
    1072,
    1920
  ]
}