{
  "orientation": [
    [
      0.9259363412857056,
      0.12134235352277756,
      -0.35765621066093445
    ],
    [
      -0.0943661779165268,
      0.9912768602371216,
      0.09200677275657654
    ],
    [
      0.3657006323337555,
      -0.05144175887107849,
      0.9293098449707031
    ]
  ],
  "position": [
    -2.3957464694976807,
    1.477622628211975,
    0.6787307262420654
  ],
  "focal_length": 1716.115478515625,
  "principal_point": [
    628.9470825195312,
    609.3314208984375
  ],
  "skew": 0.0,
  "pixel_aspect_ratio": 0.9643391966819763,
  "radial_distortion": [
    0.09263141453266144,
    -0.060330551117658615,
    0.0
  ],
  "tangential_distortion": [
    -0.03872985765337944,
    0.008248725906014442
  ],
  "image_size": [
    1072,
    1920
  ]
}