{
  "orientation": [
    [
      0.9982423186302185,
      -0.029814595356583595,
      0.05121832340955734
    ],
    [
      0.031404800713062286,
      0.999040424823761,
      -0.03052845411002636
    ],
    [
      -0.050258979201316833,
      0.03208329528570175,
      0.9982207417488098
    ]
  ],
  "position": [
    3.7508881092071533,
    1.7212644815444946,
    0.2166999876499176
  ],
  "focal_length": 1716.115478515625,
  "principal_point": [
    628.9470825195312,
    609.3314208984375
  ],
  "skew": 0.0,
  "pixel_aspect_ratio": 0.9643391966819763,
  "radial_distortion": [
    0.09263141453266144,
    -0.060330551117658615,
    0.0
  ],
  "tangential_distortion": [
    -0.03872985765337944,
    0.008248725906014442
  ],
  "image_size": [
    1072,
    1920
  ]
}