{
  "orientation": [
    [
      0.9970110654830933,
      -0.05753469467163086,
      0.05156266689300537
    ],
    [
      0.06978847831487656,
      0.9569933414459229,
      -0.28159067034721375
    ],
    [
      -0.033143896609544754,
      0.2843474745750427,
      0.958148181438446
    ]
  ],
  "position": [
    1.9897348880767822,
    -2.56554913520813,
    0.44515305757522583
  ],
  "focal_length": 1716.115478515625,
  "principal_point": [
    628.9470825195312,
    609.3314208984375
  ],
  "skew": 0.0,
  "pixel_aspect_ratio": 0.9643391966819763,
  "radial_distortion": [
    0.09263141453266144,
    -0.060330551117658615,
    0.0
  ],
  "tangential_distortion": [
    -0.03872985765337944,
    0.008248725906014442
  ],
  "image_size": [
    1072,
    1920
  ]
}