{
  "orientation": [
    [
      0.8831947445869446,
      0.17828468978405,
      -0.43379905819892883
    ],
    [
      -0.17416419088840485,
      0.9834666848182678,
      0.04959934577345848
    ],
    [
      0.43546974658966064,
      0.03174638748168945,
      0.8996434211730957
    ]
  ],
  "position": [
    -3.8865482807159424,
    1.2807468175888062,
    0.5901029706001282
  ],
  "focal_length": 1716.115478515625,
  "principal_point": [
    628.9470825195312,
    609.3314208984375
  ],
  "skew": 0.0,
  "pixel_aspect_ratio": 0.9643391966819763,
  "radial_distortion": [
    0.09263141453266144,
    -0.060330551117658615,
    0.0
  ],
  "tangential_distortion": [
    -0.03872985765337944,
    0.008248725906014442
  ],
  "image_size": [
    1072,
    1920
  ]
}