{
  "orientation": [
    [
      0.8875719904899597,
      0.1757185161113739,
      -0.4258390963077545
    ],
    [
      -0.2431037425994873,
      0.9638599157333374,
      -0.10897084325551987
    ],
    [
      0.3913010358810425,
      0.2002425491809845,
      0.8982129096984863
    ]
  ],
  "position": [
    -3.5750045776367188,
    -0.48681339621543884,
    0.659051775932312
  ],
  "focal_length": 1716.115478515625,
  "principal_point": [
    628.9470825195312,
    609.3314208984375
  ],
  "skew": 0.0,
  "pixel_aspect_ratio": 0.9643391966819763,
  "radial_distortion": [
    0.09263141453266144,
    -0.060330551117658615,
    0.0
  ],
  "tangential_distortion": [
    -0.03872985765337944,
    0.008248725906014442
  ],
  "image_size": [
    1072,
    1920
  ]
}