{
  "orientation": [
    [
      0.9985476136207581,
      -0.0523085817694664,
      -0.012903440743684769
    ],
    [
      0.04922964423894882,
      0.9831706881523132,
      -0.17593136429786682
    ],
    [
      0.021889004856348038,
      0.1750406175851822,
      0.9843178391456604
    ]
  ],
  "position": [
    1.4362529516220093,
    -1.0596928596496582,
    0.24347767233848572
  ],
  "focal_length": 1716.115478515625,
  "principal_point": [
    628.9470825195312,
    609.3314208984375
  ],
  "skew": 0.0,
  "pixel_aspect_ratio": 0.9643391966819763,
  "radial_distortion": [
    0.09263141453266144,
    -0.060330551117658615,
    0.0
  ],
  "tangential_distortion": [
    -0.03872985765337944,
    0.008248725906014442
  ],
  "image_size": [
    1072,
    1920
  ]
}