{
  "orientation": [
    [
      0.9939123392105103,
      -0.07182081043720245,
      0.08354692161083221
    ],
    [
      0.09216395765542984,
      0.9574996829032898,
      -0.27331337332725525
    ],
    [
      -0.06036655977368355,
      0.27934956550598145,
      0.9582899808883667
    ]
  ],
  "position": [
    2.3961338996887207,
    -2.4666459560394287,
    0.48605257272720337
  ],
  "focal_length": 1716.115478515625,
  "principal_point": [
    628.9470825195312,
    609.3314208984375
  ],
  "skew": 0.0,
  "pixel_aspect_ratio": 0.9643391966819763,
  "radial_distortion": [
    0.09263141453266144,
    -0.060330551117658615,
    0.0
  ],
  "tangential_distortion": [
    -0.03872985765337944,
    0.008248725906014442
  ],
  "image_size": [
    1072,
    1920
  ]
}