{
  "orientation": [
    [
      0.9849178194999695,
      -0.08352398872375488,
      0.15152764320373535
    ],
    [
      0.11630057543516159,
      0.9680008888244629,
      -0.22237007319927216
    ],
    [
      -0.12810565531253815,
      0.23663900792598724,
      0.9631152153015137
    ]
  ],
  "position": [
    3.8184354305267334,
    -1.2762846946716309,
    0.7377504706382751
  ],
  "focal_length": 1716.115478515625,
  "principal_point": [
    628.9470825195312,
    609.3314208984375
  ],
  "skew": 0.0,
  "pixel_aspect_ratio": 0.9643391966819763,
  "radial_distortion": [
    0.09263141453266144,
    -0.060330551117658615,
    0.0
  ],
  "tangential_distortion": [
    -0.03872985765337944,
    0.008248725906014442
  ],
  "image_size": [
    1072,
    1920
  ]
}