{
  "orientation": [
    [
      0.9825378656387329,
      -0.07323707640171051,
      0.1710427701473236
    ],
    [
      0.10387475043535233,
      0.9785897731781006,
      -0.17768551409244537
    ],
    [
      -0.15436753630638123,
      0.19234977662563324,
      0.9691089987754822
    ]
  ],
  "position": [
    4.401495933532715,
    -0.4749520421028137,
    0.8438753485679626
  ],
  "focal_length": 1716.115478515625,
  "principal_point": [
    628.9470825195312,
    609.3314208984375
  ],
  "skew": 0.0,
  "pixel_aspect_ratio": 0.9643391966819763,
  "radial_distortion": [
    0.09263141453266144,
    -0.060330551117658615,
    0.0
  ],
  "tangential_distortion": [
    -0.03872985765337944,
    0.008248725906014442
  ],
  "image_size": [
    1072,
    1920
  ]
}