{
  "orientation": [
    [
      0.8307405710220337,
      0.13697992265224457,
      -0.5395429730415344
    ],
    [
      -0.12161442637443542,
      0.9904978275299072,
      0.06421785056591034
    ],
    [
      0.5432127118110657,
      0.01226783450692892,
      0.8395054936408997
    ]
  ],
  "position": [
    -4.862473964691162,
    0.2254088819026947,
    0.6789932250976562
  ],
  "focal_length": 1716.115478515625,
  "principal_point": [
    628.9470825195312,
    609.3314208984375
  ],
  "skew": 0.0,
  "pixel_aspect_ratio": 0.9643391966819763,
  "radial_distortion": [
    0.09263141453266144,
    -0.060330551117658615,
    0.0
  ],
  "tangential_distortion": [
    -0.03872985765337944,
    0.008248725906014442
  ],
  "image_size": [
    1072,
    1920
  ]
}