{
  "orientation": [
    [
      0.9569165706634521,
      0.10733436793088913,
      -0.2697961926460266
    ],
    [
      -0.06280037760734558,
      0.9836816191673279,
      0.16860181093215942
    ],
    [
      0.2834903299808502,
      -0.14439456164836884,
      0.9480419158935547
    ]
  ],
  "position": [
    -1.7966278791427612,
    2.670294761657715,
    1.5781943798065186
  ],
  "focal_length": 1716.115478515625,
  "principal_point": [
    628.9470825195312,
    609.3314208984375
  ],
  "skew": 0.0,
  "pixel_aspect_ratio": 0.9643391966819763,
  "radial_distortion": [
    0.09263141453266144,
    -0.060330551117658615,
    0.0
  ],
  "tangential_distortion": [
    -0.03872985765337944,
    0.008248725906014442
  ],
  "image_size": [
    1072,
    1920
  ]
}