{
  "orientation": [
    [
      0.9792973399162292,
      -0.06234843656420708,
      0.1925860494375229
    ],
    [
      0.06970741599798203,
      0.9970647096633911,
      -0.03166826814413071
    ],
    [
      -0.1900462806224823,
      0.04443732649087906,
      0.9807689785957336
    ]
  ],
  "position": [
    5.33994722366333,
    -0.5312066674232483,
    0.32593345642089844
  ],
  "focal_length": 1716.115478515625,
  "principal_point": [
    628.9470825195312,
    609.3314208984375
  ],
  "skew": 0.0,
  "pixel_aspect_ratio": 0.9643391966819763,
  "radial_distortion": [
    0.09263141453266144,
    -0.060330551117658615,
    0.0
  ],
  "tangential_distortion": [
    -0.03872985765337944,
    0.008248725906014442
  ],
  "image_size": [
    1072,
    1920
  ]
}