{
  "orientation": [
    [
      0.9938868284225464,
      0.03804464265704155,
      -0.10364146530628204
    ],
    [
      -0.05267005413770676,
      0.988427460193634,
      -0.14225678145885468
    ],
    [
      0.09702996164560318,
      0.1468459516763687,
      0.9843888878822327
    ]
  ],
  "position": [
    1.0204063653945923,
    -1.1942933797836304,
    -0.02246040664613247
  ],
  "focal_length": 1716.115478515625,
  "principal_point": [
    628.9470825195312,
    609.3314208984375
  ],
  "skew": 0.0,
  "pixel_aspect_ratio": 0.9643391966819763,
  "radial_distortion": [
    0.09263141453266144,
    -0.060330551117658615,
    0.0
  ],
  "tangential_distortion": [
    -0.03872985765337944,
    0.008248725906014442
  ],
  "image_size": [
    1072,
    1920
  ]
}