{
  "orientation": [
    [
      0.9816122651100159,
      -0.06573256105184555,
      0.17921096086502075
    ],
    [
      0.07501407712697983,
      0.9961434602737427,
      -0.04550877958536148
    ],
    [
      -0.175528421998024,
      0.05811532214283943,
      0.982757568359375
    ]
  ],
  "position": [
    5.135500907897949,
    -0.8945580720901489,
    0.23985983431339264
  ],
  "focal_length": 1716.115478515625,
  "principal_point": [
    628.9470825195312,
    609.3314208984375
  ],
  "skew": 0.0,
  "pixel_aspect_ratio": 0.9643391966819763,
  "radial_distortion": [
    0.09263141453266144,
    -0.060330551117658615,
    0.0
  ],
  "tangential_distortion": [
    -0.03872985765337944,
    0.008248725906014442
  ],
  "image_size": [
    1072,
    1920
  ]
}