{
  "orientation": [
    [
      0.7872815728187561,
      0.2510613799095154,
      -0.5631659030914307
    ],
    [
      -0.2071903944015503,
      0.9679583311080933,
      0.14187608659267426
    ],
    [
      0.580740749835968,
      0.004986134823411703,
      0.8140732645988464
    ]
  ],
  "position": [
    -4.948288440704346,
    -0.0022225924767553806,
    1.4940937757492065
  ],
  "focal_length": 1716.115478515625,
  "principal_point": [
    628.9470825195312,
    609.3314208984375
  ],
  "skew": 0.0,
  "pixel_aspect_ratio": 0.9643391966819763,
  "radial_distortion": [
    0.09263141453266144,
    -0.060330551117658615,
    0.0
  ],
  "tangential_distortion": [
    -0.03872985765337944,
    0.008248725906014442
  ],
  "image_size": [
    1072,
    1920
  ]
}