{
  "orientation": [
    [
      0.8610100746154785,
      0.2647491693496704,
      -0.4342459440231323
    ],
    [
      -0.2949855327606201,
      0.9554988741874695,
      -0.00234424602240324
    ],
    [
      0.4143008589744568,
      0.13011468946933746,
      0.9007912874221802
    ]
  ],
  "position": [
    -2.4679458141326904,
    -1.8371003866195679,
    0.7841495871543884
  ],
  "focal_length": 1716.115478515625,
  "principal_point": [
    628.9470825195312,
    609.3314208984375
  ],
  "skew": 0.0,
  "pixel_aspect_ratio": 0.9643391966819763,
  "radial_distortion": [
    0.09263141453266144,
    -0.060330551117658615,
    0.0
  ],
  "tangential_distortion": [
    -0.03872985765337944,
    0.008248725906014442
  ],
  "image_size": [
    1072,
    1920
  ]
}