{
  "orientation": [
    [
      0.9986869692802429,
      0.01610945165157318,
      -0.04862907528877258
    ],
    [
      -0.02162451297044754,
      0.9931177496910095,
      -0.11510679125785828
    ],
    [
      0.046440087258815765,
      0.1160072311758995,
      0.9921621084213257
    ]
  ],
  "position": [
    1.730290412902832,
    -0.8455187678337097,
    -0.21965745091438293
  ],
  "focal_length": 1716.115478515625,
  "principal_point": [
    628.9470825195312,
    609.3314208984375
  ],
  "skew": 0.0,
  "pixel_aspect_ratio": 0.9643391966819763,
  "radial_distortion": [
    0.09263141453266144,
    -0.060330551117658615,
    0.0
  ],
  "tangential_distortion": [
    -0.03872985765337944,
    0.008248725906014442
  ],
  "image_size": [
    1072,
    1920
  ]
}