{
  "orientation": [
    [
      0.868964433670044,
      0.07894254475831985,
      -0.4885374903678894
    ],
    [
      -0.12967775762081146,
      0.9890221953392029,
      -0.0708429291844368
    ],
    [
      0.4775819182395935,
      0.12491243332624435,
      0.8696622252464294
    ]
  ],
  "position": [
    -4.267460346221924,
    -1.7009214162826538,
    0.7917628884315491
  ],
  "focal_length": 1716.115478515625,
  "principal_point": [
    628.9470825195312,
    609.3314208984375
  ],
  "skew": 0.0,
  "pixel_aspect_ratio": 0.9643391966819763,
  "radial_distortion": [
    0.09263141453266144,
    -0.060330551117658615,
    0.0
  ],
  "tangential_distortion": [
    -0.03872985765337944,
    0.008248725906014442
  ],
  "image_size": [
    1072,
    1920
  ]
}