{
  "orientation": [
    [
      0.9480690360069275,
      0.1179148480296135,
      -0.2954000234603882
    ],
    [
      -0.16332903504371643,
      0.9774240851402283,
      -0.13403654098510742
    ],
    [
      0.2729262113571167,
      0.17532329261302948,
      0.9459244012832642
    ]
  ],
  "position": [
    -1.1997896432876587,
    -1.5813665390014648,
    0.4155038893222809
  ],
  "focal_length": 1716.115478515625,
  "principal_point": [
    628.9470825195312,
    609.3314208984375
  ],
  "skew": 0.0,
  "pixel_aspect_ratio": 0.9643391966819763,
  "radial_distortion": [
    0.09263141453266144,
    -0.060330551117658615,
    0.0
  ],
  "tangential_distortion": [
    -0.03872985765337944,
    0.008248725906014442
  ],
  "image_size": [
    1072,
    1920
  ]
}