{
  "orientation": [
    [
      0.8295837640762329,
      0.11230210959911346,
      -0.5469726324081421
    ],
    [
      -0.11176211386919022,
      0.9931394457817078,
      0.03439956158399582
    ],
    [
      0.5470831990242004,
      0.0325934998691082,
      0.8364434242248535
    ]
  ],
  "position": [
    -5.007420539855957,
    -0.24917252361774445,
    0.8189371824264526
  ],
  "focal_length": 1716.115478515625,
  "principal_point": [
    628.9470825195312,
    609.3314208984375
  ],
  "skew": 0.0,
  "pixel_aspect_ratio": 0.9643391966819763,
  "radial_distortion": [
    0.09263141453266144,
    -0.060330551117658615,
    0.0
  ],
  "tangential_distortion": [
    -0.03872985765337944,
    0.008248725906014442
  ],
  "image_size": [
    1072,
    1920
  ]
}