{
  "orientation": [
    [
      0.8599295616149902,
      0.17006085813045502,
      -0.4812488257884979
    ],
    [
      -0.20183692872524261,
      0.9793103933334351,
      -0.014593641273677349
    ],
    [
      0.46881017088890076,
      0.10968329012393951,
      0.8764625191688538
    ]
  ],
  "position": [
    -3.520845413208008,
    -1.0099595785140991,
    0.8533003330230713
  ],
  "focal_length": 1716.115478515625,
  "principal_point": [
    628.9470825195312,
    609.3314208984375
  ],
  "skew": 0.0,
  "pixel_aspect_ratio": 0.9643391966819763,
  "radial_distortion": [
    0.09263141453266144,
    -0.060330551117658615,
    0.0
  ],
  "tangential_distortion": [
    -0.03872985765337944,
    0.008248725906014442
  ],
  "image_size": [
    1072,
    1920
  ]
}