{
  "orientation": [
    [
      0.9509835243225098,
      0.07711021602153778,
      -0.299473375082016
    ],
    [
      -0.024266524240374565,
      0.9840344190597534,
      0.1763163059949875
    ],
    [
      0.3082878887653351,
      -0.16040673851966858,
      0.9376717209815979
    ]
  ],
  "position": [
    -0.9712729454040527,
    2.9831104278564453,
    -0.6235755085945129
  ],
  "focal_length": 1716.115478515625,
  "principal_point": [
    628.9470825195312,
    609.3314208984375
  ],
  "skew": 0.0,
  "pixel_aspect_ratio": 0.9643391966819763,
  "radial_distortion": [
    0.09263141453266144,
    -0.060330551117658615,
    0.0
  ],
  "tangential_distortion": [
    -0.03872985765337944,
    0.008248725906014442
  ],
  "image_size": [
    1072,
    1920
  ]
}