{
  "orientation": [
    [
      0.9699282646179199,
      0.05101890116930008,
      -0.2379835993051529
    ],
    [
      -0.08680970221757889,
      0.985991358757019,
      -0.1424257457256317
    ],
    [
      0.22738337516784668,
      0.15880203247070312,
      0.9607698321342468
    ]
  ],
  "position": [
    -1.1358460187911987,
    -2.535301685333252,
    0.37210574746131897
  ],
  "focal_length": 1716.115478515625,
  "principal_point": [
    628.9470825195312,
    609.3314208984375
  ],
  "skew": 0.0,
  "pixel_aspect_ratio": 0.9643391966819763,
  "radial_distortion": [
    0.09263141453266144,
    -0.060330551117658615,
    0.0
  ],
  "tangential_distortion": [
    -0.03872985765337944,
    0.008248725906014442
  ],
  "image_size": [
    1072,
    1920
  ]
}