{
  "orientation": [
    [
      0.9241503477096558,
      0.1034427359700203,
      -0.3677577078342438
    ],
    [
      -0.03931501507759094,
      0.9832842946052551,
      0.17778180539608002
    ],
    [
      0.38000062108039856,
      -0.14983871579170227,
      0.9127693772315979
    ]
  ],
  "position": [
    -2.0889153480529785,
    2.9496638774871826,
    -0.4281233549118042
  ],
  "focal_length": 1716.115478515625,
  "principal_point": [
    628.9470825195312,
    609.3314208984375
  ],
  "skew": 0.0,
  "pixel_aspect_ratio": 0.9643391966819763,
  "radial_distortion": [
    0.09263141453266144,
    -0.060330551117658615,
    0.0
  ],
  "tangential_distortion": [
    -0.03872985765337944,
    0.008248725906014442
  ],
  "image_size": [
    1072,
    1920
  ]
}