{
  "orientation": [
    [
      0.9998782873153687,
      0.01411882508546114,
      -0.00663414504379034
    ],
    [
      -0.013984227553009987,
      0.9997038841247559,
      0.019915008917450905
    ],
    [
      0.006913356948643923,
      -0.01981981098651886,
      0.9997796416282654
    ]
  ],
  "position": [
    2.6357524394989014,
    1.1674975156784058,
    -0.37770509719848633
  ],
  "focal_length": 1716.115478515625,
  "principal_point": [
    628.9470825195312,
    609.3314208984375
  ],
  "skew": 0.0,
  "pixel_aspect_ratio": 0.9643391966819763,
  "radial_distortion": [
    0.09263141453266144,
    -0.060330551117658615,
    0.0
  ],
  "tangential_distortion": [
    -0.03872985765337944,
    0.008248725906014442
  ],
  "image_size": [
    1072,
    1920
  ]
}