{
  "orientation": [
    [
      0.9802820086479187,
      0.06382615864276886,
      -0.18701183795928955
    ],
    [
      -0.09329564869403839,
      0.9837682247161865,
      -0.15328387916088104
    ],
    [
      0.17419278621673584,
      0.16770881414413452,
      0.9703249931335449
    ]
  ],
  "position": [
    0.1021689921617508,
    -1.4245812892913818,
    0.18308408558368683
  ],
  "focal_length": 1716.115478515625,
  "principal_point": [
    628.9470825195312,
    609.3314208984375
  ],
  "skew": 0.0,
  "pixel_aspect_ratio": 0.9643391966819763,
  "radial_distortion": [
    0.09263141453266144,
    -0.060330551117658615,
    0.0
  ],
  "tangential_distortion": [
    -0.03872985765337944,
    0.008248725906014442
  ],
  "image_size": [
    1072,
    1920
  ]
}