{
  "orientation": [
    [
      0.9348424673080444,
      0.1330428123474121,
      -0.3291947543621063
    ],
    [
      -0.18576061725616455,
      0.9733978509902954,
      -0.1341252475976944
    ],
    [
      0.30259305238723755,
      0.18653738498687744,
      0.9346877932548523
    ]
  ],
  "position": [
    -1.620071530342102,
    -1.6517481803894043,
    0.56215900182724
  ],
  "focal_length": 1716.115478515625,
  "principal_point": [
    628.9470825195312,
    609.3314208984375
  ],
  "skew": 0.0,
  "pixel_aspect_ratio": 0.9643391966819763,
  "radial_distortion": [
    0.09263141453266144,
    -0.060330551117658615,
    0.0
  ],
  "tangential_distortion": [
    -0.03872985765337944,
    0.008248725906014442
  ],
  "image_size": [
    1072,
    1920
  ]
}