{
  "orientation": [
    [
      0.8161836266517639,
      0.28292787075042725,
      -0.5037817358970642
    ],
    [
      -0.29831382632255554,
      0.9530535340309143,
      0.05194024741649628
    ],
    [
      0.4948263466358185,
      0.10789228975772858,
      0.8622680306434631
    ]
  ],
  "position": [
    -3.7534797191619873,
    -1.4053035974502563,
    1.1760939359664917
  ],
  "focal_length": 1716.115478515625,
  "principal_point": [
    628.9470825195312,
    609.3314208984375
  ],
  "skew": 0.0,
  "pixel_aspect_ratio": 0.9643391966819763,
  "radial_distortion": [
    0.09263141453266144,
    -0.060330551117658615,
    0.0
  ],
  "tangential_distortion": [
    -0.03872985765337944,
    0.008248725906014442
  ],
  "image_size": [
    1072,
    1920
  ]
}