{
  "orientation": [
    [
      0.9083683490753174,
      0.11401087045669556,
      -0.40232881903648376
    ],
    [
      -0.046072255820035934,
      0.9835444092750549,
      0.17469336092472076
    ],
    [
      0.4156252145767212,
      -0.14014971256256104,
      0.8986732959747314
    ]
  ],
  "position": [
    -2.624269962310791,
    2.880101203918457,
    -0.24943482875823975
  ],
  "focal_length": 1716.115478515625,
  "principal_point": [
    628.9470825195312,
    609.3314208984375
  ],
  "skew": 0.0,
  "pixel_aspect_ratio": 0.9643391966819763,
  "radial_distortion": [
    0.09263141453266144,
    -0.060330551117658615,
    0.0
  ],
  "tangential_distortion": [
    -0.03872985765337944,
    0.008248725906014442
  ],
  "image_size": [
    1072,
    1920
  ]
}