{
  "orientation": [
    [
      0.8511971831321716,
      0.08725528419017792,
      -0.5175421237945557
    ],
    [
      -0.12875999510288239,
      0.99066561460495,
      -0.0447486974298954
    ],
    [
      0.5088066458702087,
      0.10472869127988815,
      0.8544867634773254
    ]
  ],
  "position": [
    -4.636344909667969,
    -1.338268756866455,
    0.8594813346862793
  ],
  "focal_length": 1716.115478515625,
  "principal_point": [
    628.9470825195312,
    609.3314208984375
  ],
  "skew": 0.0,
  "pixel_aspect_ratio": 0.9643391966819763,
  "radial_distortion": [
    0.09263141453266144,
    -0.060330551117658615,
    0.0
  ],
  "tangential_distortion": [
    -0.03872985765337944,
    0.008248725906014442
  ],
  "image_size": [
    1072,
    1920
  ]
}