{
  "orientation": [
    [
      0.8940911293029785,
      0.08103189617395401,
      -0.4404938817024231
    ],
    [
      -0.1400146633386612,
      0.984773576259613,
      -0.10303845256567001
    ],
    [
      0.4254373013973236,
      0.15380136668682098,
      0.8918229937553406
    ]
  ],
  "position": [
    -3.703835964202881,
    -2.037435531616211,
    0.7696411609649658
  ],
  "focal_length": 1716.115478515625,
  "principal_point": [
    628.9470825195312,
    609.3314208984375
  ],
  "skew": 0.0,
  "pixel_aspect_ratio": 0.9643391966819763,
  "radial_distortion": [
    0.09263141453266144,
    -0.060330551117658615,
    0.0
  ],
  "tangential_distortion": [
    -0.03872985765337944,
    0.008248725906014442
  ],
  "image_size": [
    1072,
    1920
  ]
}