{
  "orientation": [
    [
      0.9944380521774292,
      0.0017583116423338652,
      -0.10530853271484375
    ],
    [
      -0.01757676526904106,
      0.9886096715927124,
      -0.1494724154472351
    ],
    [
      0.10384620726108551,
      0.15049202740192413,
      0.9831419587135315
    ]
  ],
  "position": [
    0.7133142352104187,
    -2.499582290649414,
    0.28648173809051514
  ],
  "focal_length": 1716.115478515625,
  "principal_point": [
    628.9470825195312,
    609.3314208984375
  ],
  "skew": 0.0,
  "pixel_aspect_ratio": 0.9643391966819763,
  "radial_distortion": [
    0.09263141453266144,
    -0.060330551117658615,
    0.0
  ],
  "tangential_distortion": [
    -0.03872985765337944,
    0.008248725906014442
  ],
  "image_size": [
    1072,
    1920
  ]
}