{
  "orientation": [
    [
      0.975730299949646,
      -0.03251078352332115,
      0.2165488749742508
    ],
    [
      0.034072160720825195,
      0.9994133114814758,
      -0.003479723120108247
    ],
    [
      -0.21630869805812836,
      0.010773559100925922,
      0.976265549659729
    ]
  ],
  "position": [
    5.697935104370117,
    0.773856520652771,
    0.8024933934211731
  ],
  "focal_length": 1716.115478515625,
  "principal_point": [
    628.9470825195312,
    609.3314208984375
  ],
  "skew": 0.0,
  "pixel_aspect_ratio": 0.9643391966819763,
  "radial_distortion": [
    0.09263141453266144,
    -0.060330551117658615,
    0.0
  ],
  "tangential_distortion": [
    -0.03872985765337944,
    0.008248725906014442
  ],
  "image_size": [
    1072,
    1920
  ]
}