{
  "orientation": [
    [
      0.9776197671890259,
      -0.05375391244888306,
      0.20339630544185638
    ],
    [
      0.0604495033621788,
      0.9978101849555969,
      -0.026846259832382202
    ],
    [
      -0.2015078216791153,
      0.03854064270853996,
      0.9787283539772034
    ]
  ],
  "position": [
    5.584280014038086,
    -0.14023709297180176,
    0.49547290802001953
  ],
  "focal_length": 1716.115478515625,
  "principal_point": [
    628.9470825195312,
    609.3314208984375
  ],
  "skew": 0.0,
  "pixel_aspect_ratio": 0.9643391966819763,
  "radial_distortion": [
    0.09263141453266144,
    -0.060330551117658615,
    0.0
  ],
  "tangential_distortion": [
    -0.03872985765337944,
    0.008248725906014442
  ],
  "image_size": [
    1072,
    1920
  ]
}