{
  "orientation": [
    [
      0.9970676898956299,
      0.019958479329943657,
      -0.07387635856866837
    ],
    [
      -0.01383003406226635,
      0.9964904189109802,
      0.08255621790885925
    ],
    [
      0.07526478171348572,
      -0.08129242807626724,
      0.9938444495201111
    ]
  ],
  "position": [
    2.219102382659912,
    1.8783808946609497,
    -0.5573052167892456
  ],
  "focal_length": 1716.115478515625,
  "principal_point": [
    628.9470825195312,
    609.3314208984375
  ],
  "skew": 0.0,
  "pixel_aspect_ratio": 0.9643391966819763,
  "radial_distortion": [
    0.09263141453266144,
    -0.060330551117658615,
    0.0
  ],
  "tangential_distortion": [
    -0.03872985765337944,
    0.008248725906014442
  ],
  "image_size": [
    1072,
    1920
  ]
}