{
  "orientation": [
    [
      0.9847736358642578,
      -0.018759747967123985,
      0.17282627522945404
    ],
    [
      0.007121413480490446,
      0.9976791739463806,
      0.06771672517061234
    ],
    [
      -0.17369553446769714,
      -0.0654548779129982,
      0.9826217889785767
    ]
  ],
  "position": [
    5.098440170288086,
    1.9190266132354736,
    0.8423041701316833
  ],
  "focal_length": 1716.115478515625,
  "principal_point": [
    628.9470825195312,
    609.3314208984375
  ],
  "skew": 0.0,
  "pixel_aspect_ratio": 0.9643391966819763,
  "radial_distortion": [
    0.09263141453266144,
    -0.060330551117658615,
    0.0
  ],
  "tangential_distortion": [
    -0.03872985765337944,
    0.008248725906014442
  ],
  "image_size": [
    1072,
    1920
  ]
}