{
  "orientation": [
    [
      0.9890848398208618,
      0.05647857487201691,
      -0.13609325885772705
    ],
    [
      -0.07776210457086563,
      0.9846054315567017,
      -0.15654119849205017
    ],
    [
      0.1251569390296936,
      0.165415421128273,
      0.9782502055168152
    ]
  ],
  "position": [
    0.6784440875053406,
    -1.4164860248565674,
    0.07880207896232605
  ],
  "focal_length": 1716.115478515625,
  "principal_point": [
    628.9470825195312,
    609.3314208984375
  ],
  "skew": 0.0,
  "pixel_aspect_ratio": 0.9643391966819763,
  "radial_distortion": [
    0.09263141453266144,
    -0.060330551117658615,
    0.0
  ],
  "tangential_distortion": [
    -0.03872985765337944,
    0.008248725906014442
  ],
  "image_size": [
    1072,
    1920
  ]
}