{
  "orientation": [
    [
      0.8928847312927246,
      0.11820331960916519,
      -0.434493750333786
    ],
    [
      -0.049818381667137146,
      0.9849382638931274,
      0.1655740737915039
    ],
    [
      0.447520911693573,
      -0.12619277834892273,
      0.885325014591217
    ]
  ],
  "position": [
    -3.193758726119995,
    2.7191648483276367,
    -0.031054338440299034
  ],
  "focal_length": 1716.115478515625,
  "principal_point": [
    628.9470825195312,
    609.3314208984375
  ],
  "skew": 0.0,
  "pixel_aspect_ratio": 0.9643391966819763,
  "radial_distortion": [
    0.09263141453266144,
    -0.060330551117658615,
    0.0
  ],
  "tangential_distortion": [
    -0.03872985765337944,
    0.008248725906014442
  ],
  "image_size": [
    1072,
    1920
  ]
}