{
  "orientation": [
    [
      0.9999786615371704,
      0.006430207751691341,
      0.001156314741820097
    ],
    [
      -0.006524591241031885,
      0.9920333623886108,
      0.12580636143684387
    ],
    [
      -0.00033814177731983364,
      -0.12581121921539307,
      0.9920541644096375
    ]
  ],
  "position": [
    2.288403272628784,
    2.982172966003418,
    1.2372403144836426
  ],
  "focal_length": 1716.115478515625,
  "principal_point": [
    628.9470825195312,
    609.3314208984375
  ],
  "skew": 0.0,
  "pixel_aspect_ratio": 0.9643391966819763,
  "radial_distortion": [
    0.09263141453266144,
    -0.060330551117658615,
    0.0
  ],
  "tangential_distortion": [
    -0.03872985765337944,
    0.008248725906014442
  ],
  "image_size": [
    1072,
    1920
  ]
}