{
  "orientation": [
    [
      0.9993513226509094,
      0.00103440519887954,
      0.035998839884996414
    ],
    [
      -0.00526446383446455,
      0.9930458664894104,
      0.1176103726029396
    ],
    [
      -0.035626839846372604,
      -0.11772359162569046,
      0.9924071431159973
    ]
  ],
  "position": [
    2.936105251312256,
    2.9175021648406982,
    1.207507610321045
  ],
  "focal_length": 1716.115478515625,
  "principal_point": [
    628.9470825195312,
    609.3314208984375
  ],
  "skew": 0.0,
  "pixel_aspect_ratio": 0.9643391966819763,
  "radial_distortion": [
    0.09263141453266144,
    -0.060330551117658615,
    0.0
  ],
  "tangential_distortion": [
    -0.03872985765337944,
    0.008248725906014442
  ],
  "image_size": [
    1072,
    1920
  ]
}