{
  "orientation": [
    [
      0.9133292436599731,
      0.1736629754304886,
      -0.36833521723747253
    ],
    [
      -0.11139709502458572,
      0.9765547513961792,
      0.18420498073101044
    ],
    [
      0.39168909192085266,
      -0.12720832228660583,
      0.9112616181373596
    ]
  ],
  "position": [
    -2.708932638168335,
    2.399543046951294,
    1.7251070737838745
  ],
  "focal_length": 1716.115478515625,
  "principal_point": [
    628.9470825195312,
    609.3314208984375
  ],
  "skew": 0.0,
  "pixel_aspect_ratio": 0.9643391966819763,
  "radial_distortion": [
    0.09263141453266144,
    -0.060330551117658615,
    0.0
  ],
  "tangential_distortion": [
    -0.03872985765337944,
    0.008248725906014442
  ],
  "image_size": [
    1072,
    1920
  ]
}