{
  "orientation": [
    [
      0.9845209121704102,
      -0.059753578156232834,
      0.1647668480873108
    ],
    [
      0.07078787684440613,
      0.995567262172699,
      -0.06192652881145477
    ],
    [
      -0.16033615171909332,
      0.07263145595788956,
      0.9843866229057312
    ]
  ],
  "position": [
    4.907480239868164,
    -1.2161861658096313,
    0.18699754774570465
  ],
  "focal_length": 1716.115478515625,
  "principal_point": [
    628.9470825195312,
    609.3314208984375
  ],
  "skew": 0.0,
  "pixel_aspect_ratio": 0.9643391966819763,
  "radial_distortion": [
    0.09263141453266144,
    -0.060330551117658615,
    0.0
  ],
  "tangential_distortion": [
    -0.03872985765337944,
    0.008248725906014442
  ],
  "image_size": [
    1072,
    1920
  ]
}