{
  "orientation": [
    [
      0.8045710325241089,
      0.24594271183013916,
      -0.5405346155166626
    ],
    [
      -0.1971902698278427,
      0.9692092537879944,
      0.1474768966436386
    ],
    [
      0.5601620078086853,
      -0.012067469768226147,
      0.8282951712608337
    ]
  ],
  "position": [
    -4.612739086151123,
    0.578498125076294,
    1.448752522468567
  ],
  "focal_length": 1716.115478515625,
  "principal_point": [
    628.9470825195312,
    609.3314208984375
  ],
  "skew": 0.0,
  "pixel_aspect_ratio": 0.9643391966819763,
  "radial_distortion": [
    0.09263141453266144,
    -0.060330551117658615,
    0.0
  ],
  "tangential_distortion": [
    -0.03872985765337944,
    0.008248725906014442
  ],
  "image_size": [
    1072,
    1920
  ]
}