{
  "orientation": [
    [
      0.8665489554405212,
      0.1454077959060669,
      -0.4774405360221863
    ],
    [
      -0.19537796080112457,
      0.9791040420532227,
      -0.05641583725810051
    ],
    [
      0.45926064252853394,
      0.14216844737529755,
      0.8768510818481445
    ]
  ],
  "position": [
    -3.493439197540283,
    -1.2735849618911743,
    0.9866955876350403
  ],
  "focal_length": 1716.115478515625,
  "principal_point": [
    628.9470825195312,
    609.3314208984375
  ],
  "skew": 0.0,
  "pixel_aspect_ratio": 0.9643391966819763,
  "radial_distortion": [
    0.09263141453266144,
    -0.060330551117658615,
    0.0
  ],
  "tangential_distortion": [
    -0.03872985765337944,
    0.008248725906014442
  ],
  "image_size": [
    1072,
    1920
  ]
}