{
  "orientation": [
    [
      0.9762450456619263,
      -0.014386649243533611,
      0.21619126200675964
    ],
    [
      0.00896410271525383,
      0.9996206760406494,
      0.026041898876428604
    ],
    [
      -0.21648390591144562,
      -0.02348531410098076,
      0.9760036468505859
    ]
  ],
  "position": [
    5.67362642288208,
    1.3447086811065674,
    0.923854410648346
  ],
  "focal_length": 1716.115478515625,
  "principal_point": [
    628.9470825195312,
    609.3314208984375
  ],
  "skew": 0.0,
  "pixel_aspect_ratio": 0.9643391966819763,
  "radial_distortion": [
    0.09263141453266144,
    -0.060330551117658615,
    0.0
  ],
  "tangential_distortion": [
    -0.03872985765337944,
    0.008248725906014442
  ],
  "image_size": [
    1072,
    1920
  ]
}