{
  "orientation": [
    [
      0.9961840510368347,
      -0.03919089585542679,
      0.07798320800065994
    ],
    [
      0.04795524477958679,
      0.9923349618911743,
      -0.11389320343732834
    ],
    [
      -0.07292187958955765,
      0.11719830334186554,
      0.9904276728630066
    ]
  ],
  "position": [
    3.651076555252075,
    -1.9401063919067383,
    0.16847555339336395
  ],
  "focal_length": 1716.115478515625,
  "principal_point": [
    628.9470825195312,
    609.3314208984375
  ],
  "skew": 0.0,
  "pixel_aspect_ratio": 0.9643391966819763,
  "radial_distortion": [
    0.09263141453266144,
    -0.060330551117658615,
    0.0
  ],
  "tangential_distortion": [
    -0.03872985765337944,
    0.008248725906014442
  ],
  "image_size": [
    1072,
    1920
  ]
}