{
  "orientation": [
    [
      0.9974902272224426,
      -0.0035146758891642094,
      0.07071737945079803
    ],
    [
      -0.00402655778452754,
      0.9943350553512573,
      0.10621458292007446
    ],
    [
      -0.0706900805234909,
      -0.10623275488615036,
      0.9918253421783447
    ]
  ],
  "position": [
    3.542649269104004,
    2.7853829860687256,
    1.1092840433120728
  ],
  "focal_length": 1716.115478515625,
  "principal_point": [
    628.9470825195312,
    609.3314208984375
  ],
  "skew": 0.0,
  "pixel_aspect_ratio": 0.9643391966819763,
  "radial_distortion": [
    0.09263141453266144,
    -0.060330551117658615,
    0.0
  ],
  "tangential_distortion": [
    -0.03872985765337944,
    0.008248725906014442
  ],
  "image_size": [
    1072,
    1920
  ]
}