{
  "orientation": [
    [
      0.9765574336051941,
      0.0493839755654335,
      -0.2095155566930771
    ],
    [
      -0.016035450622439384,
      0.9873131513595581,
      0.157973513007164
    ],
    [
      0.21465882658958435,
      -0.15091054141521454,
      0.9649599194526672
    ]
  ],
  "position": [
    0.5315709114074707,
    2.7126598358154297,
    -0.795725405216217
  ],
  "focal_length": 1716.115478515625,
  "principal_point": [
    628.9470825195312,
    609.3314208984375
  ],
  "skew": 0.0,
  "pixel_aspect_ratio": 0.9643391966819763,
  "radial_distortion": [
    0.09263141453266144,
    -0.060330551117658615,
    0.0
  ],
  "tangential_distortion": [
    -0.03872985765337944,
    0.008248725906014442
  ],
  "image_size": [
    1072,
    1920
  ]
}