{
  "orientation": [
    [
      0.9994792938232422,
      0.01204068586230278,
      -0.029936136677861214
    ],
    [
      -0.01065012626349926,
      0.99887615442276,
      0.046184126287698746
    ],
    [
      0.030458582565188408,
      -0.04584125429391861,
      0.9984842538833618
    ]
  ],
  "position": [
    2.4584858417510986,
    1.4607542753219604,
    -0.4257822632789612
  ],
  "focal_length": 1716.115478515625,
  "principal_point": [
    628.9470825195312,
    609.3314208984375
  ],
  "skew": 0.0,
  "pixel_aspect_ratio": 0.9643391966819763,
  "radial_distortion": [
    0.09263141453266144,
    -0.060330551117658615,
    0.0
  ],
  "tangential_distortion": [
    -0.03872985765337944,
    0.008248725906014442
  ],
  "image_size": [
    1072,
    1920
  ]
}