{
  "orientation": [
    [
      0.9838832020759583,
      0.05855507403612137,
      -0.1689530611038208
    ],
    [
      -0.031786851584911346,
      0.9870880246162415,
      0.1569930762052536
    ],
    [
      0.17596428096294403,
      -0.14909236133098602,
      0.9730406403541565
    ]
  ],
  "position": [
    -0.5429432988166809,
    2.968566656112671,
    1.5341659784317017
  ],
  "focal_length": 1716.115478515625,
  "principal_point": [
    628.9470825195312,
    609.3314208984375
  ],
  "skew": 0.0,
  "pixel_aspect_ratio": 0.9643391966819763,
  "radial_distortion": [
    0.09263141453266144,
    -0.060330551117658615,
    0.0
  ],
  "tangential_distortion": [
    -0.03872985765337944,
    0.008248725906014442
  ],
  "image_size": [
    1072,
    1920
  ]
}