{
  "orientation": [
    [
      0.9998624920845032,
      0.014131163246929646,
      0.008681369945406914
    ],
    [
      -0.013917452655732632,
      0.999610185623169,
      -0.024203164502978325
    ],
    [
      -0.00902000442147255,
      0.024079013615846634,
      0.9996693730354309
    ]
  ],
  "position": [
    2.7254090309143066,
    0.592408299446106,
    -0.29561713337898254
  ],
  "focal_length": 1716.115478515625,
  "principal_point": [
    628.9470825195312,
    609.3314208984375
  ],
  "skew": 0.0,
  "pixel_aspect_ratio": 0.9643391966819763,
  "radial_distortion": [
    0.09263141453266144,
    -0.060330551117658615,
    0.0
  ],
  "tangential_distortion": [
    -0.03872985765337944,
    0.008248725906014442
  ],
  "image_size": [
    1072,
    1920
  ]
}