{
  "orientation": [
    [
      0.7870678901672363,
      0.26738911867141724,
      -0.5559021234512329
    ],
    [
      -0.26523762941360474,
      0.9603064656257629,
      0.08637397736310959
    ],
    [
      0.5569318532943726,
      0.07946398109197617,
      0.8267480731010437
    ]
  ],
  "position": [
    -4.571550369262695,
    -1.0088117122650146,
    1.4479997158050537
  ],
  "focal_length": 1716.115478515625,
  "principal_point": [
    628.9470825195312,
    609.3314208984375
  ],
  "skew": 0.0,
  "pixel_aspect_ratio": 0.9643391966819763,
  "radial_distortion": [
    0.09263141453266144,
    -0.060330551117658615,
    0.0
  ],
  "tangential_distortion": [
    -0.03872985765337944,
    0.008248725906014442
  ],
  "image_size": [
    1072,
    1920
  ]
}