{
  "orientation": [
    [
      0.9771314263343811,
      -0.05013149231672287,
      0.20664212107658386
    ],
    [
      0.05504310876131058,
      0.9983201622962952,
      -0.01808476261794567
    ],
    [
      -0.2053883820772171,
      0.029045414179563522,
      0.9782494306564331
    ]
  ],
  "position": [
    5.607488632202148,
    0.30504506826400757,
    0.6555494070053101
  ],
  "focal_length": 1716.115478515625,
  "principal_point": [
    628.9470825195312,
    609.3314208984375
  ],
  "skew": 0.0,
  "pixel_aspect_ratio": 0.9643391966819763,
  "radial_distortion": [
    0.09263141453266144,
    -0.060330551117658615,
    0.0
  ],
  "tangential_distortion": [
    -0.03872985765337944,
    0.008248725906014442
  ],
  "image_size": [
    1072,
    1920
  ]
}