{
  "orientation": [
    [
      0.9996885061264038,
      0.019601674750447273,
      -0.015448272228240967
    ],
    [
      -0.021063856780529022,
      0.9946637749671936,
      -0.10099640488624573
    ],
    [
      0.013386137783527374,
      0.10129035264253616,
      0.9947668313980103
    ]
  ],
  "position": [
    2.1907272338867188,
    -0.6889412999153137,
    -0.2713235914707184
  ],
  "focal_length": 1716.115478515625,
  "principal_point": [
    628.9470825195312,
    609.3314208984375
  ],
  "skew": 0.0,
  "pixel_aspect_ratio": 0.9643391966819763,
  "radial_distortion": [
    0.09263141453266144,
    -0.060330551117658615,
    0.0
  ],
  "tangential_distortion": [
    -0.03872985765337944,
    0.008248725906014442
  ],
  "image_size": [
    1072,
    1920
  ]
}