{
  "orientation": [
    [
      0.9967310428619385,
      0.019113294780254364,
      -0.07849772274494171
    ],
    [
      -0.028851039707660675,
      0.9917551279067993,
      -0.12485736608505249
    ],
    [
      0.07546408474445343,
      0.12671396136283875,
      0.9890645742416382
    ]
  ],
  "position": [
    1.2917617559432983,
    -0.9666035175323486,
    -0.1236155554652214
  ],
  "focal_length": 1716.115478515625,
  "principal_point": [
    628.9470825195312,
    609.3314208984375
  ],
  "skew": 0.0,
  "pixel_aspect_ratio": 0.9643391966819763,
  "radial_distortion": [
    0.09263141453266144,
    -0.060330551117658615,
    0.0
  ],
  "tangential_distortion": [
    -0.03872985765337944,
    0.008248725906014442
  ],
  "image_size": [
    1072,
    1920
  ]
}