{
  "orientation": [
    [
      0.9893893003463745,
      0.015039976686239243,
      -0.14450816810131073
    ],
    [
      -0.03707321360707283,
      0.9878361225128174,
      -0.15101435780525208
    ],
    [
      0.14047913253307343,
      0.15476936101913452,
      0.9779120683670044
    ]
  ],
  "position": [
    0.08838323503732681,
    -2.5894410610198975,
    0.2984657883644104
  ],
  "focal_length": 1716.115478515625,
  "principal_point": [
    628.9470825195312,
    609.3314208984375
  ],
  "skew": 0.0,
  "pixel_aspect_ratio": 0.9643391966819763,
  "radial_distortion": [
    0.09263141453266144,
    -0.060330551117658615,
    0.0
  ],
  "tangential_distortion": [
    -0.03872985765337944,
    0.008248725906014442
  ],
  "image_size": [
    1072,
    1920
  ]
}