{
  "orientation": [
    [
      0.8855108022689819,
      0.2094622701406479,
      -0.4147242307662964
    ],
    [
      -0.14245668053627014,
      0.9720215201377869,
      0.18676243722438812
    ],
    [
      0.44224056601524353,
      -0.10629992187023163,
      0.8905748724937439
    ]
  ],
  "position": [
    -3.069636821746826,
    2.16458797454834,
    1.6291524171829224
  ],
  "focal_length": 1716.115478515625,
  "principal_point": [
    628.9470825195312,
    609.3314208984375
  ],
  "skew": 0.0,
  "pixel_aspect_ratio": 0.9643391966819763,
  "radial_distortion": [
    0.09263141453266144,
    -0.060330551117658615,
    0.0
  ],
  "tangential_distortion": [
    -0.03872985765337944,
    0.008248725906014442
  ],
  "image_size": [
    1072,
    1920
  ]
}