{
  "orientation": [
    [
      0.9885604977607727,
      -0.05689308047294617,
      0.13968297839164734
    ],
    [
      0.06772853434085846,
      0.9949495792388916,
      -0.07408205419778824
    ],
    [
      -0.13476276397705078,
      0.0826951190829277,
      0.9874211549758911
    ]
  ],
  "position": [
    4.472643852233887,
    -1.4257885217666626,
    0.15549440681934357
  ],
  "focal_length": 1716.115478515625,
  "principal_point": [
    628.9470825195312,
    609.3314208984375
  ],
  "skew": 0.0,
  "pixel_aspect_ratio": 0.9643391966819763,
  "radial_distortion": [
    0.09263141453266144,
    -0.060330551117658615,
    0.0
  ],
  "tangential_distortion": [
    -0.03872985765337944,
    0.008248725906014442
  ],
  "image_size": [
    1072,
    1920
  ]
}