{
  "orientation": [
    [
      0.9983795285224915,
      0.012737183831632137,
      -0.05546286702156067
    ],
    [
      -0.009048398584127426,
      0.9977614283561707,
      0.06625936180353165
    ],
    [
      0.05618266761302948,
      -0.06565014272928238,
      0.9962598085403442
    ]
  ],
  "position": [
    2.3097872734069824,
    1.6924940347671509,
    -0.47671499848365784
  ],
  "focal_length": 1716.115478515625,
  "principal_point": [
    628.9470825195312,
    609.3314208984375
  ],
  "skew": 0.0,
  "pixel_aspect_ratio": 0.9643391966819763,
  "radial_distortion": [
    0.09263141453266144,
    -0.060330551117658615,
    0.0
  ],
  "tangential_distortion": [
    -0.03872985765337944,
    0.008248725906014442
  ],
  "image_size": [
    1072,
    1920
  ]
}