{
  "orientation": [
    [
      0.9993147850036621,
      0.014270346611738205,
      -0.03415219113230705
    ],
    [
      -0.00963718630373478,
      0.9911801815032959,
      0.13217021524906158
    ],
    [
      0.035737089812755585,
      -0.13175050914287567,
      0.9906384944915771
    ]
  ],
  "position": [
    1.633471131324768,
    2.986544132232666,
    1.2161678075790405
  ],
  "focal_length": 1716.115478515625,
  "principal_point": [
    628.9470825195312,
    609.3314208984375
  ],
  "skew": 0.0,
  "pixel_aspect_ratio": 0.9643391966819763,
  "radial_distortion": [
    0.09263141453266144,
    -0.060330551117658615,
    0.0
  ],
  "tangential_distortion": [
    -0.03872985765337944,
    0.008248725906014442
  ],
  "image_size": [
    1072,
    1920
  ]
}