{
  "orientation": [
    [
      0.9219173789024353,
      0.14410313963890076,
      -0.35958680510520935
    ],
    [
      -0.2037188559770584,
      0.9698670506477356,
      -0.13362854719161987
    ],
    [
      0.3294951021671295,
      0.19644908607006073,
      0.9234937429428101
    ]
  ],
  "position": [
    -2.039186954498291,
    -1.7086230516433716,
    0.7275951504707336
  ],
  "focal_length": 1716.115478515625,
  "principal_point": [
    628.9470825195312,
    609.3314208984375
  ],
  "skew": 0.0,
  "pixel_aspect_ratio": 0.9643391966819763,
  "radial_distortion": [
    0.09263141453266144,
    -0.060330551117658615,
    0.0
  ],
  "tangential_distortion": [
    -0.03872985765337944,
    0.008248725906014442
  ],
  "image_size": [
    1072,
    1920
  ]
}