{
  "orientation": [
    [
      0.9820027947425842,
      0.042203307151794434,
      -0.184090718626976
    ],
    [
      -0.014824497513473034,
      0.9889306426048279,
      0.14763616025447845
    ],
    [
      0.18828368186950684,
      -0.14225006103515625,
      0.9717583060264587
    ]
  ],
  "position": [
    0.9156443476676941,
    2.567127227783203,
    -0.809387743473053
  ],
  "focal_length": 1716.115478515625,
  "principal_point": [
    628.9470825195312,
    609.3314208984375
  ],
  "skew": 0.0,
  "pixel_aspect_ratio": 0.9643391966819763,
  "radial_distortion": [
    0.09263141453266144,
    -0.060330551117658615,
    0.0
  ],
  "tangential_distortion": [
    -0.03872985765337944,
    0.008248725906014442
  ],
  "image_size": [
    1072,
    1920
  ]
}