{
  "orientation": [
    [
      0.8797985911369324,
      0.13787424564361572,
      -0.4549122452735901
    ],
    [
      -0.1972343623638153,
      0.9766247272491455,
      -0.08545631915330887
    ],
    [
      0.4324963092803955,
      0.16490867733955383,
      0.886426568031311
    ]
  ],
  "position": [
    -3.1871585845947266,
    -1.4638760089874268,
    0.9639609456062317
  ],
  "focal_length": 1716.115478515625,
  "principal_point": [
    628.9470825195312,
    609.3314208984375
  ],
  "skew": 0.0,
  "pixel_aspect_ratio": 0.9643391966819763,
  "radial_distortion": [
    0.09263141453266144,
    -0.060330551117658615,
    0.0
  ],
  "tangential_distortion": [
    -0.03872985765337944,
    0.008248725906014442
  ],
  "image_size": [
    1072,
    1920
  ]
}