{
  "orientation": [
    [
      0.8671891689300537,
      0.13199648261070251,
      -0.480166494846344
    ],
    [
      -0.08191556483507156,
      0.9889069199562073,
      0.12390691041946411
    ],
    [
      0.4911952614784241,
      -0.06811761856079102,
      0.868381917476654
    ]
  ],
  "position": [
    -4.106489658355713,
    1.9276515245437622,
    0.2305394858121872
  ],
  "focal_length": 1716.115478515625,
  "principal_point": [
    628.9470825195312,
    609.3314208984375
  ],
  "skew": 0.0,
  "pixel_aspect_ratio": 0.9643391966819763,
  "radial_distortion": [
    0.09263141453266144,
    -0.060330551117658615,
    0.0
  ],
  "tangential_distortion": [
    -0.03872985765337944,
    0.008248725906014442
  ],
  "image_size": [
    1072,
    1920
  ]
}