{
  "orientation": [
    [
      0.7984171509742737,
      0.26126527786254883,
      -0.5424670577049255
    ],
    [
      -0.20957782864570618,
      0.9652022123336792,
      0.15640269219875336
    ],
    [
      0.5644530057907104,
      -0.011185528710484505,
      0.8253894448280334
    ]
  ],
  "position": [
    -4.69440221786499,
    0.3263835310935974,
    1.3642420768737793
  ],
  "focal_length": 1716.115478515625,
  "principal_point": [
    628.9470825195312,
    609.3314208984375
  ],
  "skew": 0.0,
  "pixel_aspect_ratio": 0.9643391966819763,
  "radial_distortion": [
    0.09263141453266144,
    -0.060330551117658615,
    0.0
  ],
  "tangential_distortion": [
    -0.03872985765337944,
    0.008248725906014442
  ],
  "image_size": [
    1072,
    1920
  ]
}