{
  "orientation": [
    [
      0.9182999134063721,
      0.07919536530971527,
      -0.38788315653800964
    ],
    [
      -0.14056888222694397,
      0.9811696410179138,
      -0.13246338069438934
    ],
    [
      0.37008869647979736,
      0.1761654168367386,
      0.912140429019928
    ]
  ],
  "position": [
    -3.1105024814605713,
    -2.3128271102905273,
    0.7553995251655579
  ],
  "focal_length": 1716.115478515625,
  "principal_point": [
    628.9470825195312,
    609.3314208984375
  ],
  "skew": 0.0,
  "pixel_aspect_ratio": 0.9643391966819763,
  "radial_distortion": [
    0.09263141453266144,
    -0.060330551117658615,
    0.0
  ],
  "tangential_distortion": [
    -0.03872985765337944,
    0.008248725906014442
  ],
  "image_size": [
    1072,
    1920
  ]
}