{
  "orientation": [
    [
      0.8792707920074463,
      0.1234457865357399,
      -0.4600478708744049
    ],
    [
      -0.06103093549609184,
      0.9870699048042297,
      0.14821696281433105
    ],
    [
      0.4723961651325226,
      -0.10224569588899612,
      0.8754357099533081
    ]
  ],
  "position": [
    -3.700794219970703,
    2.41672682762146,
    0.14399264752864838
  ],
  "focal_length": 1716.115478515625,
  "principal_point": [
    628.9470825195312,
    609.3314208984375
  ],
  "skew": 0.0,
  "pixel_aspect_ratio": 0.9643391966819763,
  "radial_distortion": [
    0.09263141453266144,
    -0.060330551117658615,
    0.0
  ],
  "tangential_distortion": [
    -0.03872985765337944,
    0.008248725906014442
  ],
  "image_size": [
    1072,
    1920
  ]
}