{
  "orientation": [
    [
      0.7826506495475769,
      0.27022436261177063,
      -0.5607466101646423
    ],
    [
      -0.25029635429382324,
      0.9614375829696655,
      0.11397168785333633
    ],
    [
      0.5699207782745361,
      0.051152825355529785,
      0.8201059103012085
    ]
  ],
  "position": [
    -4.7524566650390625,
    -0.7089990377426147,
    1.380480170249939
  ],
  "focal_length": 1716.115478515625,
  "principal_point": [
    628.9470825195312,
    609.3314208984375
  ],
  "skew": 0.0,
  "pixel_aspect_ratio": 0.9643391966819763,
  "radial_distortion": [
    0.09263141453266144,
    -0.060330551117658615,
    0.0
  ],
  "tangential_distortion": [
    -0.03872985765337944,
    0.008248725906014442
  ],
  "image_size": [
    1072,
    1920
  ]
}