{
  "orientation": [
    [
      0.8834095597267151,
      0.23495471477508545,
      -0.4054427146911621
    ],
    [
      -0.28138062357902527,
      0.9578403830528259,
      -0.05802354961633682
    ],
    [
      0.37471649050712585,
      0.1653422862291336,
      0.912277102470398
    ]
  ],
  "position": [
    -1.9108721017837524,
    -2.2678847312927246,
    0.7868343591690063
  ],
  "focal_length": 1716.115478515625,
  "principal_point": [
    628.9470825195312,
    609.3314208984375
  ],
  "skew": 0.0,
  "pixel_aspect_ratio": 0.9643391966819763,
  "radial_distortion": [
    0.09263141453266144,
    -0.060330551117658615,
    0.0
  ],
  "tangential_distortion": [
    -0.03872985765337944,
    0.008248725906014442
  ],
  "image_size": [
    1072,
    1920
  ]
}