{
  "orientation": [
    [
      0.9722545146942139,
      0.08240138739347458,
      -0.21893182396888733
    ],
    [
      -0.04694660007953644,
      0.9855955839157104,
      0.16247250139713287
    ],
    [
      0.2291662096977234,
      -0.14768652617931366,
      0.9621182680130005
    ]
  ],
  "position": [
    -1.1861307621002197,
    2.828911066055298,
    1.5315648317337036
  ],
  "focal_length": 1716.115478515625,
  "principal_point": [
    628.9470825195312,
    609.3314208984375
  ],
  "skew": 0.0,
  "pixel_aspect_ratio": 0.9643391966819763,
  "radial_distortion": [
    0.09263141453266144,
    -0.060330551117658615,
    0.0
  ],
  "tangential_distortion": [
    -0.03872985765337944,
    0.008248725906014442
  ],
  "image_size": [
    1072,
    1920
  ]
}