{
  "orientation": [
    [
      0.9901336431503296,
      0.03583110496401787,
      -0.1354674994945526
    ],
    [
      -0.018664449453353882,
      0.9918636679649353,
      0.12592889368534088
    ],
    [
      0.13887746632099152,
      -0.12215801328420639,
      0.9827463626861572
    ]
  ],
  "position": [
    1.6010249853134155,
    2.2856011390686035,
    -0.7961644530296326
  ],
  "focal_length": 1716.115478515625,
  "principal_point": [
    628.9470825195312,
    609.3314208984375
  ],
  "skew": 0.0,
  "pixel_aspect_ratio": 0.9643391966819763,
  "radial_distortion": [
    0.09263141453266144,
    -0.060330551117658615,
    0.0
  ],
  "tangential_distortion": [
    -0.03872985765337944,
    0.008248725906014442
  ],
  "image_size": [
    1072,
    1920
  ]
}