{
  "orientation": [
    [
      0.8553709387779236,
      0.213346928358078,
      -0.472042053937912
    ],
    [
      -0.15374964475631714,
      0.9747480154037476,
      0.1619485467672348
    ],
    [
      0.4946732819080353,
      -0.06594977527856827,
      0.8665730953216553
    ]
  ],
  "position": [
    -3.6032867431640625,
    1.704764485359192,
    1.6592329740524292
  ],
  "focal_length": 1716.115478515625,
  "principal_point": [
    628.9470825195312,
    609.3314208984375
  ],
  "skew": 0.0,
  "pixel_aspect_ratio": 0.9643391966819763,
  "radial_distortion": [
    0.09263141453266144,
    -0.060330551117658615,
    0.0
  ],
  "tangential_distortion": [
    -0.03872985765337944,
    0.008248725906014442
  ],
  "image_size": [
    1072,
    1920
  ]
}