{
  "orientation": [
    [
      0.99210524559021,
      -0.016514567658305168,
      0.12431579828262329
    ],
    [
      0.005307019222527742,
      0.9959321022033691,
      0.08995047956705093
    ],
    [
      -0.12529557943344116,
      -0.08858060091733932,
      0.9881570935249329
    ]
  ],
  "position": [
    4.411322116851807,
    2.48877215385437,
    1.115120530128479
  ],
  "focal_length": 1716.115478515625,
  "principal_point": [
    628.9470825195312,
    609.3314208984375
  ],
  "skew": 0.0,
  "pixel_aspect_ratio": 0.9643391966819763,
  "radial_distortion": [
    0.09263141453266144,
    -0.060330551117658615,
    0.0
  ],
  "tangential_distortion": [
    -0.03872985765337944,
    0.008248725906014442
  ],
  "image_size": [
    1072,
    1920
  ]
}