{
  "orientation": [
    [
      0.9999364018440247,
      -0.007401537615805864,
      -0.008510508574545383
    ],
    [
      0.006943616550415754,
      0.998589813709259,
      -0.05263204127550125
    ],
    [
      0.00888806488364935,
      0.05256960168480873,
      0.9985777139663696
    ]
  ],
  "position": [
    2.242098569869995,
    -0.012449752539396286,
    -0.33020225167274475
  ],
  "focal_length": 1716.115478515625,
  "principal_point": [
    628.9470825195312,
    609.3314208984375
  ],
  "skew": 0.0,
  "pixel_aspect_ratio": 0.9643391966819763,
  "radial_distortion": [
    0.09263141453266144,
    -0.060330551117658615,
    0.0
  ],
  "tangential_distortion": [
    -0.03872985765337944,
    0.008248725906014442
  ],
  "image_size": [
    1072,
    1920
  ]
}