{
  "orientation": [
    [
      0.9389125108718872,
      0.07417217642068863,
      -0.33606815338134766
    ],
    [
      -0.12416663765907288,
      0.9837373495101929,
      -0.12978221476078033
    ],
    [
      0.320976585149765,
      0.16358259320259094,
      0.9328530430793762
    ]
  ],
  "position": [
    -2.4460277557373047,
    -2.2922868728637695,
    0.5725160241127014
  ],
  "focal_length": 1716.115478515625,
  "principal_point": [
    628.9470825195312,
    609.3314208984375
  ],
  "skew": 0.0,
  "pixel_aspect_ratio": 0.9643391966819763,
  "radial_distortion": [
    0.09263141453266144,
    -0.060330551117658615,
    0.0
  ],
  "tangential_distortion": [
    -0.03872985765337944,
    0.008248725906014442
  ],
  "image_size": [
    1072,
    1920
  ]
}