{
  "orientation": [
    [
      0.9687687158584595,
      0.05194438248872757,
      -0.24246439337730408
    ],
    [
      -0.01280972734093666,
      0.9869906306266785,
      0.16026665270328522
    ],
    [
      0.24763503670692444,
      -0.15215542912483215,
      0.9568310379981995
    ]
  ],
  "position": [
    0.002949970541521907,
    2.7581348419189453,
    -0.8004996180534363
  ],
  "focal_length": 1716.115478515625,
  "principal_point": [
    628.9470825195312,
    609.3314208984375
  ],
  "skew": 0.0,
  "pixel_aspect_ratio": 0.9643391966819763,
  "radial_distortion": [
    0.09263141453266144,
    -0.060330551117658615,
    0.0
  ],
  "tangential_distortion": [
    -0.03872985765337944,
    0.008248725906014442
  ],
  "image_size": [
    1072,
    1920
  ]
}