{
  "orientation": [
    [
      0.8461588025093079,
      0.14848901331424713,
      -0.5118264555931091
    ],
    [
      -0.10121212899684906,
      0.9876955151557922,
      0.11922088265419006
    ],
    [
      0.5232316851615906,
      -0.04907675459980965,
      0.850776195526123
    ]
  ],
  "position": [
    -4.63100528717041,
    1.3220603466033936,
    0.449147492647171
  ],
  "focal_length": 1716.115478515625,
  "principal_point": [
    628.9470825195312,
    609.3314208984375
  ],
  "skew": 0.0,
  "pixel_aspect_ratio": 0.9643391966819763,
  "radial_distortion": [
    0.09263141453266144,
    -0.060330551117658615,
    0.0
  ],
  "tangential_distortion": [
    -0.03872985765337944,
    0.008248725906014442
  ],
  "image_size": [
    1072,
    1920
  ]
}