{
  "orientation": [
    [
      0.9984496831893921,
      -0.035915423184633255,
      0.04252470284700394
    ],
    [
      0.040938761085271835,
      0.9914559721946716,
      -0.12385110557079315
    ],
    [
      -0.03771320357918739,
      0.12540000677108765,
      0.9913892149925232
    ]
  ],
  "position": [
    3.086575508117676,
    -2.100310802459717,
    0.16954593360424042
  ],
  "focal_length": 1716.115478515625,
  "principal_point": [
    628.9470825195312,
    609.3314208984375
  ],
  "skew": 0.0,
  "pixel_aspect_ratio": 0.9643391966819763,
  "radial_distortion": [
    0.09263141453266144,
    -0.060330551117658615,
    0.0
  ],
  "tangential_distortion": [
    -0.03872985765337944,
    0.008248725906014442
  ],
  "image_size": [
    1072,
    1920
  ]
}