{
  "orientation": [
    [
      0.99214768409729,
      0.03472631424665451,
      -0.12015444785356522
    ],
    [
      -0.01660769246518612,
      0.9887534976005554,
      0.14862938225269318
    ],
    [
      0.12396448105573654,
      -0.14546680450439453,
      0.9815661907196045
    ]
  ],
  "position": [
    0.14249582588672638,
    3.009474277496338,
    1.446408748626709
  ],
  "focal_length": 1716.115478515625,
  "principal_point": [
    628.9470825195312,
    609.3314208984375
  ],
  "skew": 0.0,
  "pixel_aspect_ratio": 0.9643391966819763,
  "radial_distortion": [
    0.09263141453266144,
    -0.060330551117658615,
    0.0
  ],
  "tangential_distortion": [
    -0.03872985765337944,
    0.008248725906014442
  ],
  "image_size": [
    1072,
    1920
  ]
}