{
  "orientation": [
    [
      0.992309033870697,
      -0.04478598013520241,
      0.11539924144744873
    ],
    [
      0.05654618516564369,
      0.9933047294616699,
      -0.10073866695165634
    ],
    [
      -0.1101149320602417,
      0.10648927837610245,
      0.9881977438926697
    ]
  ],
  "position": [
    4.14750862121582,
    -1.760353446006775,
    0.17309299111366272
  ],
  "focal_length": 1716.115478515625,
  "principal_point": [
    628.9470825195312,
    609.3314208984375
  ],
  "skew": 0.0,
  "pixel_aspect_ratio": 0.9643391966819763,
  "radial_distortion": [
    0.09263141453266144,
    -0.060330551117658615,
    0.0
  ],
  "tangential_distortion": [
    -0.03872985765337944,
    0.008248725906014442
  ],
  "image_size": [
    1072,
    1920
  ]
}