{
  "orientation": [
    [
      0.8374221324920654,
      0.14965498447418213,
      -0.5256686806678772
    ],
    [
      -0.11778337508440018,
      0.9885981678962708,
      0.09381238371133804
    ],
    [
      0.5337145924568176,
      -0.016645533964037895,
      0.8455008268356323
    ]
  ],
  "position": [
    -4.776442050933838,
    0.6652483344078064,
    0.4917215406894684
  ],
  "focal_length": 1716.115478515625,
  "principal_point": [
    628.9470825195312,
    609.3314208984375
  ],
  "skew": 0.0,
  "pixel_aspect_ratio": 0.9643391966819763,
  "radial_distortion": [
    0.09263141453266144,
    -0.060330551117658615,
    0.0
  ],
  "tangential_distortion": [
    -0.03872985765337944,
    0.008248725906014442
  ],
  "image_size": [
    1072,
    1920
  ]
}