{
  "orientation": [
    [
      0.9995441436767578,
      -0.027718616649508476,
      0.011964820325374603
    ],
    [
      0.029081271961331367,
      0.9904232621192932,
      -0.1349666863679886
    ],
    [
      -0.008109146729111671,
      0.13525311648845673,
      0.9907779097557068
    ]
  ],
  "position": [
    2.589263916015625,
    -2.254692792892456,
    0.18239112198352814
  ],
  "focal_length": 1716.115478515625,
  "principal_point": [
    628.9470825195312,
    609.3314208984375
  ],
  "skew": 0.0,
  "pixel_aspect_ratio": 0.9643391966819763,
  "radial_distortion": [
    0.09263141453266144,
    -0.060330551117658615,
    0.0
  ],
  "tangential_distortion": [
    -0.03872985765337944,
    0.008248725906014442
  ],
  "image_size": [
    1072,
    1920
  ]
}