{
  "orientation": [
    [
      0.9371106624603271,
      0.1383524239063263,
      -0.3204406499862671
    ],
    [
      -0.08489018678665161,
      0.9808597564697266,
      0.1752362698316574
    ],
    [
      0.33855172991752625,
      -0.1370135098695755,
      0.9309189319610596
    ]
  ],
  "position": [
    -2.302985429763794,
    2.520585298538208,
    1.6588813066482544
  ],
  "focal_length": 1716.115478515625,
  "principal_point": [
    628.9470825195312,
    609.3314208984375
  ],
  "skew": 0.0,
  "pixel_aspect_ratio": 0.9643391966819763,
  "radial_distortion": [
    0.09263141453266144,
    -0.060330551117658615,
    0.0
  ],
  "tangential_distortion": [
    -0.03872985765337944,
    0.008248725906014442
  ],
  "image_size": [
    1072,
    1920
  ]
}