{
  "orientation": [
    [
      0.9605383276939392,
      0.09985072910785675,
      -0.259607195854187
    ],
    [
      -0.14252901077270508,
      0.9781861305236816,
      -0.15112055838108063
    ],
    [
      0.23885466158390045,
      0.18215864896774292,
      0.9538168907165527
    ]
  ],
  "position": [
    -0.7591323256492615,
    -1.7520945072174072,
    0.275663286447525
  ],
  "focal_length": 1716.115478515625,
  "principal_point": [
    628.9470825195312,
    609.3314208984375
  ],
  "skew": 0.0,
  "pixel_aspect_ratio": 0.9643391966819763,
  "radial_distortion": [
    0.09263141453266144,
    -0.060330551117658615,
    0.0
  ],
  "tangential_distortion": [
    -0.03872985765337944,
    0.008248725906014442
  ],
  "image_size": [
    1072,
    1920
  ]
}