{
  "orientation": [
    [
      0.9999903440475464,
      0.004318336024880409,
      -0.000831651093903929
    ],
    [
      -0.004327841568738222,
      0.9999211430549622,
      -0.011788725852966309
    ],
    [
      0.0007806778303347528,
      0.01179221086204052,
      0.9999301433563232
    ]
  ],
  "position": [
    2.619121551513672,
    0.774665892124176,
    -0.3300947844982147
  ],
  "focal_length": 1716.115478515625,
  "principal_point": [
    628.9470825195312,
    609.3314208984375
  ],
  "skew": 0.0,
  "pixel_aspect_ratio": 0.9643391966819763,
  "radial_distortion": [
    0.09263141453266144,
    -0.060330551117658615,
    0.0
  ],
  "tangential_distortion": [
    -0.03872985765337944,
    0.008248725906014442
  ],
  "image_size": [
    1072,
    1920
  ]
}