{
  "orientation": [
    [
      0.7833645939826965,
      0.2710394263267517,
      -0.5593546032905579
    ],
    [
      -0.23634786903858185,
      0.9622101187705994,
      0.13524574041366577
    ],
    [
      0.5748735666275024,
      0.026255538687109947,
      0.8178209066390991
    ]
  ],
  "position": [
    -4.809267997741699,
    -0.3617357313632965,
    1.3489594459533691
  ],
  "focal_length": 1716.115478515625,
  "principal_point": [
    628.9470825195312,
    609.3314208984375
  ],
  "skew": 0.0,
  "pixel_aspect_ratio": 0.9643391966819763,
  "radial_distortion": [
    0.09263141453266144,
    -0.060330551117658615,
    0.0
  ],
  "tangential_distortion": [
    -0.03872985765337944,
    0.008248725906014442
  ],
  "image_size": [
    1072,
    1920
  ]
}