{
  "orientation": [
    [
      0.9998782873153687,
      -0.004861127119511366,
      -0.0148233063519001
    ],
    [
      0.003813084913417697,
      0.9975447058677673,
      -0.06992845982313156
    ],
    [
      0.015126842074096203,
      0.06986343115568161,
      0.9974418878555298
    ]
  ],
  "position": [
    2.0914969444274902,
    -0.2729510962963104,
    -0.3062797486782074
  ],
  "focal_length": 1716.115478515625,
  "principal_point": [
    628.9470825195312,
    609.3314208984375
  ],
  "skew": 0.0,
  "pixel_aspect_ratio": 0.9643391966819763,
  "radial_distortion": [
    0.09263141453266144,
    -0.060330551117658615,
    0.0
  ],
  "tangential_distortion": [
    -0.03872985765337944,
    0.008248725906014442
  ],
  "image_size": [
    1072,
    1920
  ]
}