{
  "orientation": [
    [
      0.8190193176269531,
      0.24119998514652252,
      -0.5206053256988525
    ],
    [
      -0.18764904141426086,
      0.9700533747673035,
      0.15422172844409943
    ],
    [
      0.5422132611274719,
      -0.02861948311328888,
      0.8397533893585205
    ]
  ],
  "position": [
    -4.286121368408203,
    1.012091040611267,
    1.528134822845459
  ],
  "focal_length": 1716.115478515625,
  "principal_point": [
    628.9470825195312,
    609.3314208984375
  ],
  "skew": 0.0,
  "pixel_aspect_ratio": 0.9643391966819763,
  "radial_distortion": [
    0.09263141453266144,
    -0.060330551117658615,
    0.0
  ],
  "tangential_distortion": [
    -0.03872985765337944,
    0.008248725906014442
  ],
  "image_size": [
    1072,
    1920
  ]
}