{
  "orientation": [
    [
      0.995211124420166,
      0.024034583941102028,
      -0.09474766254425049
    ],
    [
      -0.014405447989702225,
      0.9947788119316101,
      0.10103289783000946
    ],
    [
      0.09668125212192535,
      -0.09918418526649475,
      0.9903611540794373
    ]
  ],
  "position": [
    2.0572893619537354,
    2.0388126373291016,
    -0.6690135598182678
  ],
  "focal_length": 1716.115478515625,
  "principal_point": [
    628.9470825195312,
    609.3314208984375
  ],
  "skew": 0.0,
  "pixel_aspect_ratio": 0.9643391966819763,
  "radial_distortion": [
    0.09263141453266144,
    -0.060330551117658615,
    0.0
  ],
  "tangential_distortion": [
    -0.03872985765337944,
    0.008248725906014442
  ],
  "image_size": [
    1072,
    1920
  ]
}