{
  "orientation": [
    [
      0.9927155375480652,
      0.027772892266511917,
      -0.11723710596561432
    ],
    [
      -0.014415412209928036,
      0.9934583306312561,
      0.11328161507844925
    ],
    [
      0.11961634457111359,
      -0.11076639592647552,
      0.9866218566894531
    ]
  ],
  "position": [
    1.8335800170898438,
    2.154628276824951,
    -0.7382417917251587
  ],
  "focal_length": 1716.115478515625,
  "principal_point": [
    628.9470825195312,
    609.3314208984375
  ],
  "skew": 0.0,
  "pixel_aspect_ratio": 0.9643391966819763,
  "radial_distortion": [
    0.09263141453266144,
    -0.060330551117658615,
    0.0
  ],
  "tangential_distortion": [
    -0.03872985765337944,
    0.008248725906014442
  ],
  "image_size": [
    1072,
    1920
  ]
}