{
  "orientation": [
    [
      0.8562429547309875,
      0.13963566720485687,
      -0.4973427951335907
    ],
    [
      -0.08791124075651169,
      0.9881176352500916,
      0.12607616186141968
    ],
    [
      0.5090379118919373,
      -0.0642298087477684,
      0.858344316482544
    ]
  ],
  "position": [
    -4.360188007354736,
    1.7822763919830322,
    0.4097122251987457
  ],
  "focal_length": 1716.115478515625,
  "principal_point": [
    628.9470825195312,
    609.3314208984375
  ],
  "skew": 0.0,
  "pixel_aspect_ratio": 0.9643391966819763,
  "radial_distortion": [
    0.09263141453266144,
    -0.060330551117658615,
    0.0
  ],
  "tangential_distortion": [
    -0.03872985765337944,
    0.008248725906014442
  ],
  "image_size": [
    1072,
    1920
  ]
}