{
  "orientation": [
    [
      0.9999977350234985,
      -0.00044081726809963584,
      -0.0020913579501211643
    ],
    [
      0.00035452962038107216,
      0.9991557598114014,
      -0.04108157008886337
    ],
    [
      0.0021077017299830914,
      0.04108073562383652,
      0.9991536140441895
    ]
  ],
  "position": [
    2.463918924331665,
    0.2651350498199463,
    -0.31000977754592896
  ],
  "focal_length": 1716.115478515625,
  "principal_point": [
    628.9470825195312,
    609.3314208984375
  ],
  "skew": 0.0,
  "pixel_aspect_ratio": 0.9643391966819763,
  "radial_distortion": [
    0.09263141453266144,
    -0.060330551117658615,
    0.0
  ],
  "tangential_distortion": [
    -0.03872985765337944,
    0.008248725906014442
  ],
  "image_size": [
    1072,
    1920
  ]
}