{
  "orientation": [
    [
      0.8358684182167053,
      0.2914915978908539,
      -0.4651414752006531
    ],
    [
      -0.3092072308063507,
      0.9501619338989258,
      0.03978928178548813
    ],
    [
      0.45355796813964844,
      0.11056650429964066,
      0.8843416571617126
    ]
  ],
  "position": [
    -3.1602885723114014,
    -1.4204806089401245,
    0.9797977209091187
  ],
  "focal_length": 1716.115478515625,
  "principal_point": [
    628.9470825195312,
    609.3314208984375
  ],
  "skew": 0.0,
  "pixel_aspect_ratio": 0.9643391966819763,
  "radial_distortion": [
    0.09263141453266144,
    -0.060330551117658615,
    0.0
  ],
  "tangential_distortion": [
    -0.03872985765337944,
    0.008248725906014442
  ],
  "image_size": [
    1072,
    1920
  ]
}