{
  "orientation": [
    [
      0.9881410598754883,
      -0.015008198097348213,
      0.15281344950199127
    ],
    [
      0.002816175576299429,
      0.9968157410621643,
      0.07968951016664505
    ],
    [
      -0.15352284908294678,
      -0.07831413298845291,
      0.9850368499755859
    ]
  ],
  "position": [
    4.823711395263672,
    2.2078588008880615,
    0.9729955196380615
  ],
  "focal_length": 1716.115478515625,
  "principal_point": [
    628.9470825195312,
    609.3314208984375
  ],
  "skew": 0.0,
  "pixel_aspect_ratio": 0.9643391966819763,
  "radial_distortion": [
    0.09263141453266144,
    -0.060330551117658615,
    0.0
  ],
  "tangential_distortion": [
    -0.03872985765337944,
    0.008248725906014442
  ],
  "image_size": [
    1072,
    1920
  ]
}