{
  "orientation": [
    [
      0.999751627445221,
      -0.014911025762557983,
      -0.016562536358833313
    ],
    [
      0.012351155281066895,
      0.9893339276313782,
      -0.14514057338237762
    ],
    [
      0.018550075590610504,
      0.14489994943141937,
      0.98927241563797
    ]
  ],
  "position": [
    2.061502456665039,
    -2.4217536449432373,
    0.19056354463100433
  ],
  "focal_length": 1716.115478515625,
  "principal_point": [
    628.9470825195312,
    609.3314208984375
  ],
  "skew": 0.0,
  "pixel_aspect_ratio": 0.9643391966819763,
  "radial_distortion": [
    0.09263141453266144,
    -0.060330551117658615,
    0.0
  ],
  "tangential_distortion": [
    -0.03872985765337944,
    0.008248725906014442
  ],
  "image_size": [
    1072,
    1920
  ]
}