{
  "orientation": [
    [
      0.9819591641426086,
      0.03308850899338722,
      -0.18617558479309082
    ],
    [
      -0.06138196960091591,
      0.9870313405990601,
      -0.1483287513256073
    ],
    [
      0.17885315418243408,
      0.15708060562610626,
      0.9712554812431335
    ]
  ],
  "position": [
    -0.5339139103889465,
    -2.5971059799194336,
    0.33142367005348206
  ],
  "focal_length": 1716.115478515625,
  "principal_point": [
    628.9470825195312,
    609.3314208984375
  ],
  "skew": 0.0,
  "pixel_aspect_ratio": 0.9643391966819763,
  "radial_distortion": [
    0.09263141453266144,
    -0.060330551117658615,
    0.0
  ],
  "tangential_distortion": [
    -0.03872985765337944,
    0.008248725906014442
  ],
  "image_size": [
    1072,
    1920
  ]
}