{
  "orientation": [
    [
      0.9970710873603821,
      0.02181670442223549,
      -0.07330287247896194
    ],
    [
      -0.011327279731631279,
      0.9900052547454834,
      0.14057496190071106
    ],
    [
      0.07563711702823639,
      -0.13933290541172028,
      0.987352728843689
    ]
  ],
  "position": [
    0.8908786177635193,
    3.008512496948242,
    1.315005898475647
  ],
  "focal_length": 1716.115478515625,
  "principal_point": [
    628.9470825195312,
    609.3314208984375
  ],
  "skew": 0.0,
  "pixel_aspect_ratio": 0.9643391966819763,
  "radial_distortion": [
    0.09263141453266144,
    -0.060330551117658615,
    0.0
  ],
  "tangential_distortion": [
    -0.03872985765337944,
    0.008248725906014442
  ],
  "image_size": [
    1072,
    1920
  ]
}