{
  "orientation": [
    [
      0.9030643105506897,
      0.14992932975292206,
      -0.40248727798461914
    ],
    [
      -0.20870868861675262,
      0.9722022414207458,
      -0.10612943023443222
    ],
    [
      0.37538713216781616,
      0.17984429001808167,
      0.9092527627944946
    ]
  ],
  "position": [
    -2.511162757873535,
    -1.495131254196167,
    0.813065767288208
  ],
  "focal_length": 1716.115478515625,
  "principal_point": [
    628.9470825195312,
    609.3314208984375
  ],
  "skew": 0.0,
  "pixel_aspect_ratio": 0.9643391966819763,
  "radial_distortion": [
    0.09263141453266144,
    -0.060330551117658615,
    0.0
  ],
  "tangential_distortion": [
    -0.03872985765337944,
    0.008248725906014442
  ],
  "image_size": [
    1072,
    1920
  ]
}