{
  "orientation": [
    [
      0.986397385597229,
      0.03978317230939865,
      -0.15949150919914246
    ],
    [
      -0.017676839604973793,
      0.99031662940979,
      0.13769729435443878
    ],
    [
      0.16342513263225555,
      -0.13300493359565735,
      0.9775489568710327
    ]
  ],
  "position": [
    1.2816771268844604,
    2.428741931915283,
    -0.8130760788917542
  ],
  "focal_length": 1716.115478515625,
  "principal_point": [
    628.9470825195312,
    609.3314208984375
  ],
  "skew": 0.0,
  "pixel_aspect_ratio": 0.9643391966819763,
  "radial_distortion": [
    0.09263141453266144,
    -0.060330551117658615,
    0.0
  ],
  "tangential_distortion": [
    -0.03872985765337944,
    0.008248725906014442
  ],
  "image_size": [
    1072,
    1920
  ]
}