{
  "orientation": [
    [
      0.9382045865058899,
      0.09006945788860321,
      -0.3341551423072815
    ],
    [
      -0.03051190823316574,
      0.9833072423934937,
      0.17937637865543365
    ],
    [
      0.34473350644111633,
      -0.15809603035449982,
      0.9252915382385254
    ]
  ],
  "position": [
    -1.5131709575653076,
    3.009894609451294,
    -0.5218274593353271
  ],
  "focal_length": 1716.115478515625,
  "principal_point": [
    628.9470825195312,
    609.3314208984375
  ],
  "skew": 0.0,
  "pixel_aspect_ratio": 0.9643391966819763,
  "radial_distortion": [
    0.09263141453266144,
    -0.060330551117658615,
    0.0
  ],
  "tangential_distortion": [
    -0.03872985765337944,
    0.008248725906014442
  ],
  "image_size": [
    1072,
    1920
  ]
}