{
  "orientation": [
    [
      0.7965120673179626,
      0.2668240964412689,
      -0.542561948299408
    ],
    [
      -0.2854369282722473,
      0.9570071697235107,
      0.05160446837544441
    ],
    [
      0.5330049991607666,
      0.11376363039016724,
      0.8384292125701904
    ]
  ],
  "position": [
    -4.280648231506348,
    -1.511574625968933,
    1.3505542278289795
  ],
  "focal_length": 1716.115478515625,
  "principal_point": [
    628.9470825195312,
    609.3314208984375
  ],
  "skew": 0.0,
  "pixel_aspect_ratio": 0.9643391966819763,
  "radial_distortion": [
    0.09263141453266144,
    -0.060330551117658615,
    0.0
  ],
  "tangential_distortion": [
    -0.03872985765337944,
    0.008248725906014442
  ],
  "image_size": [
    1072,
    1920
  ]
}