{
  "orientation": [
    [
      0.8468492031097412,
      0.12755559384822845,
      -0.5163100361824036
    ],
    [
      -0.14243946969509125,
      0.9897435903549194,
      0.01088993065059185
    ],
    [
      0.5124036073684692,
      0.06432079523801804,
      0.8563324809074402
    ]
  ],
  "position": [
    -4.4759521484375,
    -0.7170464396476746,
    0.6307270526885986
  ],
  "focal_length": 1716.115478515625,
  "principal_point": [
    628.9470825195312,
    609.3314208984375
  ],
  "skew": 0.0,
  "pixel_aspect_ratio": 0.9643391966819763,
  "radial_distortion": [
    0.09263141453266144,
    -0.060330551117658615,
    0.0
  ],
  "tangential_distortion": [
    -0.03872985765337944,
    0.008248725906014442
  ],
  "image_size": [
    1072,
    1920
  ]
}