{
  "orientation": [
    [
      0.9976615309715271,
      -0.011138668283820152,
      -0.06743444502353668
    ],
    [
      0.0012639928609132767,
      0.9894691705703735,
      -0.1447380781173706
    ],
    [
      0.06833649426698685,
      0.14431437849998474,
      0.9871694445610046
    ]
  ],
  "position": [
    1.2907618284225464,
    -2.415411949157715,
    0.25247862935066223
  ],
  "focal_length": 1716.115478515625,
  "principal_point": [
    628.9470825195312,
    609.3314208984375
  ],
  "skew": 0.0,
  "pixel_aspect_ratio": 0.9643391966819763,
  "radial_distortion": [
    0.09263141453266144,
    -0.060330551117658615,
    0.0
  ],
  "tangential_distortion": [
    -0.03872985765337944,
    0.008248725906014442
  ],
  "image_size": [
    1072,
    1920
  ]
}