{
  "orientation": [
    [
      0.9617902636528015,
      0.062344878911972046,
      -0.2665943503379822
    ],
    [
      -0.016617722809314728,
      0.9852261543273926,
      0.1704501360654831
    ],
    [
      0.2732824385166168,
      -0.15950709581375122,
      0.9486169815063477
    ]
  ],
  "position": [
    -0.438393771648407,
    2.9246444702148438,
    -0.6747527718544006
  ],
  "focal_length": 1716.115478515625,
  "principal_point": [
    628.9470825195312,
    609.3314208984375
  ],
  "skew": 0.0,
  "pixel_aspect_ratio": 0.9643391966819763,
  "radial_distortion": [
    0.09263141453266144,
    -0.060330551117658615,
    0.0
  ],
  "tangential_distortion": [
    -0.03872985765337944,
    0.008248725906014442
  ],
  "image_size": [
    1072,
    1920
  ]
}