{
  "orientation": [
    [
      0.970749020576477,
      0.07721911370754242,
      -0.22734013199806213
    ],
    [
      -0.11429788172245026,
      0.9813219308853149,
      -0.15473619103431702
    ],
    [
      0.21114526689052582,
      0.17619450390338898,
      0.961443305015564
    ]
  ],
  "position": [
    -0.3762845993041992,
    -1.6278010606765747,
    0.22741104662418365
  ],
  "focal_length": 1716.115478515625,
  "principal_point": [
    628.9470825195312,
    609.3314208984375
  ],
  "skew": 0.0,
  "pixel_aspect_ratio": 0.9643391966819763,
  "radial_distortion": [
    0.09263141453266144,
    -0.060330551117658615,
    0.0
  ],
  "tangential_distortion": [
    -0.03872985765337944,
    0.008248725906014442
  ],
  "image_size": [
    1072,
    1920
  ]
}