{
  "orientation": [
    [
      0.9546067714691162,
      0.06458286941051483,
      -0.2907833456993103
    ],
    [
      -0.10817574709653854,
      0.9847270846366882,
      -0.13642045855522156
    ],
    [
      0.27753183245658875,
      0.1616836041212082,
      0.9470134377479553
    ]
  ],
  "position": [
    -1.7775739431381226,
    -2.4124717712402344,
    0.4630970358848572
  ],
  "focal_length": 1716.115478515625,
  "principal_point": [
    628.9470825195312,
    609.3314208984375
  ],
  "skew": 0.0,
  "pixel_aspect_ratio": 0.9643391966819763,
  "radial_distortion": [
    0.09263141453266144,
    -0.060330551117658615,
    0.0
  ],
  "tangential_distortion": [
    -0.03872985765337944,
    0.008248725906014442
  ],
  "image_size": [
    1072,
    1920
  ]
}