{
  "orientation": [
    [
      0.8351749777793884,
      0.2246914505958557,
      -0.5019925236701965
    ],
    [
      -0.17216897010803223,
      0.9736759066581726,
      0.14937561750411987
    ],
    [
      0.5223414897918701,
      -0.03832723945379257,
      0.8518746495246887
    ]
  ],
  "position": [
    -3.9902684688568115,
    1.251946210861206,
    1.5784629583358765
  ],
  "focal_length": 1716.115478515625,
  "principal_point": [
    628.9470825195312,
    609.3314208984375
  ],
  "skew": 0.0,
  "pixel_aspect_ratio": 0.9643391966819763,
  "radial_distortion": [
    0.09263141453266144,
    -0.060330551117658615,
    0.0
  ],
  "tangential_distortion": [
    -0.03872985765337944,
    0.008248725906014442
  ],
  "image_size": [
    1072,
    1920
  ]
}