{
  "orientation": [
    [
      0.9951587319374084,
      -0.009906190447509289,
      0.09778045862913132
    ],
    [
      0.00043214441393502057,
      0.9953386783599854,
      0.0964401513338089
    ],
    [
      -0.09828002750873566,
      -0.09593100100755692,
      0.9905242323875427
    ]
  ],
  "position": [
    4.020994186401367,
    2.6444668769836426,
    1.0976935625076294
  ],
  "focal_length": 1716.115478515625,
  "principal_point": [
    628.9470825195312,
    609.3314208984375
  ],
  "skew": 0.0,
  "pixel_aspect_ratio": 0.9643391966819763,
  "radial_distortion": [
    0.09263141453266144,
    -0.060330551117658615,
    0.0
  ],
  "tangential_distortion": [
    -0.03872985765337944,
    0.008248725906014442
  ],
  "image_size": [
    1072,
    1920
  ]
}