{
  "orientation": [
    [
      0.9616528749465942,
      0.161220520734787,
      -0.221882164478302
    ],
    [
      -0.1955566257238388,
      0.9702770113945007,
      -0.14254876971244812
    ],
    [
      0.19230537116527557,
      0.1804729700088501,
      0.9645974040031433
    ]
  ],
  "position": [
    0.20207996666431427,
    -2.6772537231445312,
    0.5677344799041748
  ],
  "focal_length": 1716.115478515625,
  "principal_point": [
    628.9470825195312,
    609.3314208984375
  ],
  "skew": 0.0,
  "pixel_aspect_ratio": 0.9643391966819763,
  "radial_distortion": [
    0.09263141453266144,
    -0.060330551117658615,
    0.0
  ],
  "tangential_distortion": [
    -0.03872985765337944,
    0.008248725906014442
  ],
  "image_size": [
    1072,
    1920
  ]
}