{
  "orientation": [
    [
      0.9875016212463379,
      -0.09578251093626022,
      0.12516489624977112
    ],
    [
      0.09458800405263901,
      0.9953963756561279,
      0.01546564046293497
    ],
    [
      -0.1260700225830078,
      -0.0034332466311752796,
      0.9920154213905334
    ]
  ],
  "position": [
    4.270572662353516,
    1.2634856700897217,
    0.5917631983757019
  ],
  "focal_length": 1716.115478515625,
  "principal_point": [
    628.9470825195312,
    609.3314208984375
  ],
  "skew": 0.0,
  "pixel_aspect_ratio": 0.9643391966819763,
  "radial_distortion": [
    0.09263141453266144,
    -0.060330551117658615,
    0.0
  ],
  "tangential_distortion": [
    -0.03872985765337944,
    0.008248725906014442
  ],
  "image_size": [
    1072,
    1920
  ]
}