{
  "orientation": [
    [
      0.9657972455024719,
      -0.09898906946182251,
      0.23965983092784882
    ],
    [
      0.11308068037033081,
      0.9925321936607361,
      -0.04574471339583397
    ],
    [
      -0.23334187269210815,
      0.07128101587295532,
      0.9697785973548889
    ]
  ],
  "position": [
    5.008547782897949,
    -0.04980954900383949,
    0.8694803714752197
  ],
  "focal_length": 1716.115478515625,
  "principal_point": [
    628.9470825195312,
    609.3314208984375
  ],
  "skew": 0.0,
  "pixel_aspect_ratio": 0.9643391966819763,
  "radial_distortion": [
    0.09263141453266144,
    -0.060330551117658615,
    0.0
  ],
  "tangential_distortion": [
    -0.03872985765337944,
    0.008248725906014442
  ],
  "image_size": [
    1072,
    1920
  ]
}