{
  "orientation": [
    [
      0.9636731147766113,
      -0.11171457916498184,
      0.2425982803106308
    ],
    [
      0.13620810210704803,
      0.9868874549865723,
      -0.08660560101270676
    ],
    [
      -0.22974209487438202,
      0.11650334298610687,
      0.9662533402442932
    ]
  ],
  "position": [
    4.734499454498291,
    -0.8198104500770569,
    1.0462807416915894
  ],
  "focal_length": 1716.115478515625,
  "principal_point": [
    628.9470825195312,
    609.3314208984375
  ],
  "skew": 0.0,
  "pixel_aspect_ratio": 0.9643391966819763,
  "radial_distortion": [
    0.09263141453266144,
    -0.060330551117658615,
    0.0
  ],
  "tangential_distortion": [
    -0.03872985765337944,
    0.008248725906014442
  ],
  "image_size": [
    1072,
    1920
  ]
}