{
  "orientation": [
    [
      0.987925112247467,
      0.017123378813266754,
      -0.15398293733596802
    ],
    [
      -0.002295628422871232,
      0.9953824281692505,
      0.09596129506826401
    ],
    [
      0.15491509437561035,
      -0.09444908797740936,
      0.9834026098251343
    ]
  ],
  "position": [
    0.04834335669875145,
    1.856323480606079,
    0.2442913055419922
  ],
  "focal_length": 1716.115478515625,
  "principal_point": [
    628.9470825195312,
    609.3314208984375
  ],
  "skew": 0.0,
  "pixel_aspect_ratio": 0.9643391966819763,
  "radial_distortion": [
    0.09263141453266144,
    -0.060330551117658615,
    0.0
  ],
  "tangential_distortion": [
    -0.03872985765337944,
    0.008248725906014442
  ],
  "image_size": [
    1072,
    1920
  ]
}