{
  "orientation": [
    [
      0.9817291498184204,
      0.03918761759996414,
      -0.186204731464386
    ],
    [
      -0.019140668213367462,
      0.9939379692077637,
      0.10826313495635986
    ],
    [
      0.18931853771209717,
      -0.10272099077701569,
      0.976527988910675
    ]
  ],
  "position": [
    -0.34653306007385254,
    1.8218921422958374,
    0.21835239231586456
  ],
  "focal_length": 1716.115478515625,
  "principal_point": [
    628.9470825195312,
    609.3314208984375
  ],
  "skew": 0.0,
  "pixel_aspect_ratio": 0.9643391966819763,
  "radial_distortion": [
    0.09263141453266144,
    -0.060330551117658615,
    0.0
  ],
  "tangential_distortion": [
    -0.03872985765337944,
    0.008248725906014442
  ],
  "image_size": [
    1072,
    1920
  ]
}