{
  "orientation": [
    [
      0.9760527610778809,
      0.057861391454935074,
      -0.20969757437705994
    ],
    [
      -0.033480674028396606,
      0.9924483299255371,
      0.11800584197044373
    ],
    [
      0.21494197845458984,
      -0.10815911740064621,
      0.9706191420555115
    ]
  ],
  "position": [
    -0.6522320508956909,
    1.7753956317901611,
    0.18989692628383636
  ],
  "focal_length": 1716.115478515625,
  "principal_point": [
    628.9470825195312,
    609.3314208984375
  ],
  "skew": 0.0,
  "pixel_aspect_ratio": 0.9643391966819763,
  "radial_distortion": [
    0.09263141453266144,
    -0.060330551117658615,
    0.0
  ],
  "tangential_distortion": [
    -0.03872985765337944,
    0.008248725906014442
  ],
  "image_size": [
    1072,
    1920
  ]
}