{
  "orientation": [
    [
      0.9817806482315063,
      -0.09987525641918182,
      0.16165298223495483
    ],
    [
      0.10019514709711075,
      0.9949485063552856,
      0.0061928085051476955
    ],
    [
      -0.16145490109920502,
      0.010116864927113056,
      0.9868282079696655
    ]
  ],
  "position": [
    4.53438663482666,
    1.0258005857467651,
    0.6720824241638184
  ],
  "focal_length": 1716.115478515625,
  "principal_point": [
    628.9470825195312,
    609.3314208984375
  ],
  "skew": 0.0,
  "pixel_aspect_ratio": 0.9643391966819763,
  "radial_distortion": [
    0.09263141453266144,
    -0.060330551117658615,
    0.0
  ],
  "tangential_distortion": [
    -0.03872985765337944,
    0.008248725906014442
  ],
  "image_size": [
    1072,
    1920
  ]
}