{
  "orientation": [
    [
      0.9995668530464172,
      -0.00269553204998374,
      0.029306450858712196
    ],
    [
      0.0069755674339830875,
      0.9891205430030823,
      -0.14694170653820038
    ],
    [
      -0.028591526672244072,
      0.14708247780799866,
      0.9887109398841858
    ]
  ],
  "position": [
    2.31278920173645,
    -2.6910927295684814,
    0.5297213792800903
  ],
  "focal_length": 1716.115478515625,
  "principal_point": [
    628.9470825195312,
    609.3314208984375
  ],
  "skew": 0.0,
  "pixel_aspect_ratio": 0.9643391966819763,
  "radial_distortion": [
    0.09263141453266144,
    -0.060330551117658615,
    0.0
  ],
  "tangential_distortion": [
    -0.03872985765337944,
    0.008248725906014442
  ],
  "image_size": [
    1072,
    1920
  ]
}