{
  "orientation": [
    [
      0.992607831954956,
      -0.005988131742924452,
      -0.12121804058551788
    ],
    [
      0.016135042533278465,
      0.9964271783828735,
      0.08290046453475952
    ],
    [
      0.12028853595256805,
      -0.08424350619316101,
      0.9891580939292908
    ]
  ],
  "position": [
    0.534507691860199,
    1.890384316444397,
    0.2785585820674896
  ],
  "focal_length": 1716.115478515625,
  "principal_point": [
    628.9470825195312,
    609.3314208984375
  ],
  "skew": 0.0,
  "pixel_aspect_ratio": 0.9643391966819763,
  "radial_distortion": [
    0.09263141453266144,
    -0.060330551117658615,
    0.0
  ],
  "tangential_distortion": [
    -0.03872985765337944,
    0.008248725906014442
  ],
  "image_size": [
    1072,
    1920
  ]
}