{
  "orientation": [
    [
      0.978782594203949,
      0.1380898356437683,
      -0.15137968957424164
    ],
    [
      -0.15981465578079224,
      0.9768463969230652,
      -0.14223340153694153
    ],
    [
      0.12823371589183807,
      0.1634082794189453,
      0.9781890511512756
    ]
  ],
  "position": [
    0.8982662558555603,
    -2.6449294090270996,
    0.46907833218574524
  ],
  "focal_length": 1716.115478515625,
  "principal_point": [
    628.9470825195312,
    609.3314208984375
  ],
  "skew": 0.0,
  "pixel_aspect_ratio": 0.9643391966819763,
  "radial_distortion": [
    0.09263141453266144,
    -0.060330551117658615,
    0.0
  ],
  "tangential_distortion": [
    -0.03872985765337944,
    0.008248725906014442
  ],
  "image_size": [
    1072,
    1920
  ]
}