{
  "orientation": [
    [
      0.9916455149650574,
      -0.09306430071592331,
      0.08932069689035416
    ],
    [
      0.09172503650188446,
      0.9956032633781433,
      0.01899215579032898
    ],
    [
      -0.09069546312093735,
      -0.010640542954206467,
      0.9958218336105347
    ]
  ],
  "position": [
    3.9459002017974854,
    1.4740239381790161,
    0.5531204342842102
  ],
  "focal_length": 1716.115478515625,
  "principal_point": [
    628.9470825195312,
    609.3314208984375
  ],
  "skew": 0.0,
  "pixel_aspect_ratio": 0.9643391966819763,
  "radial_distortion": [
    0.09263141453266144,
    -0.060330551117658615,
    0.0
  ],
  "tangential_distortion": [
    -0.03872985765337944,
    0.008248725906014442
  ],
  "image_size": [
    1072,
    1920
  ]
}