{
  "orientation": [
    [
      0.9694388508796692,
      -0.11099105328321457,
      0.2187904268503189
    ],
    [
      0.12035811692476273,
      0.9922796487808228,
      -0.029917562380433083
    ],
    [
      -0.2137807011604309,
      0.05533645302057266,
      0.975313127040863
    ]
  ],
  "position": [
    4.805059432983398,
    0.28101563453674316,
    0.749932587146759
  ],
  "focal_length": 1716.115478515625,
  "principal_point": [
    628.9470825195312,
    609.3314208984375
  ],
  "skew": 0.0,
  "pixel_aspect_ratio": 0.9643391966819763,
  "radial_distortion": [
    0.09263141453266144,
    -0.060330551117658615,
    0.0
  ],
  "tangential_distortion": [
    -0.03872985765337944,
    0.008248725906014442
  ],
  "image_size": [
    1072,
    1920
  ]
}