{
  "orientation": [
    [
      0.9086041450500488,
      0.221294566988945,
      -0.35421353578567505
    ],
    [
      -0.2675153911113739,
      0.9596474766731262,
      -0.08667319267988205
    ],
    [
      0.32073983550071716,
      0.17350919544696808,
      0.931139349937439
    ]
  ],
  "position": [
    -1.1256262063980103,
    -2.429408550262451,
    0.6325289011001587
  ],
  "focal_length": 1716.115478515625,
  "principal_point": [
    628.9470825195312,
    609.3314208984375
  ],
  "skew": 0.0,
  "pixel_aspect_ratio": 0.9643391966819763,
  "radial_distortion": [
    0.09263141453266144,
    -0.060330551117658615,
    0.0
  ],
  "tangential_distortion": [
    -0.03872985765337944,
    0.008248725906014442
  ],
  "image_size": [
    1072,
    1920
  ]
}