{
  "orientation": [
    [
      0.9958165287971497,
      -0.02560392953455448,
      -0.08771456032991409
    ],
    [
      0.03178361430764198,
      0.9970548152923584,
      0.06979602575302124
    ],
    [
      0.08566916733980179,
      -0.07229191809892654,
      0.993697464466095
    ]
  ],
  "position": [
    1.1019141674041748,
    1.9429463148117065,
    0.351564884185791
  ],
  "focal_length": 1716.115478515625,
  "principal_point": [
    628.9470825195312,
    609.3314208984375
  ],
  "skew": 0.0,
  "pixel_aspect_ratio": 0.9643391966819763,
  "radial_distortion": [
    0.09263141453266144,
    -0.060330551117658615,
    0.0
  ],
  "tangential_distortion": [
    -0.03872985765337944,
    0.008248725906014442
  ],
  "image_size": [
    1072,
    1920
  ]
}