{
  "orientation": [
    [
      0.9961503744125366,
      -0.04334317520260811,
      0.07619576156139374
    ],
    [
      0.05415298044681549,
      0.9877896904945374,
      -0.14607860147953033
    ],
    [
      -0.0689338743686676,
      0.1496424823999405,
      0.9863342642784119
    ]
  ],
  "position": [
    2.685969591140747,
    -2.6543874740600586,
    0.6356857419013977
  ],
  "focal_length": 1716.115478515625,
  "principal_point": [
    628.9470825195312,
    609.3314208984375
  ],
  "skew": 0.0,
  "pixel_aspect_ratio": 0.9643391966819763,
  "radial_distortion": [
    0.09263141453266144,
    -0.060330551117658615,
    0.0
  ],
  "tangential_distortion": [
    -0.03872985765337944,
    0.008248725906014442
  ],
  "image_size": [
    1072,
    1920
  ]
}