{
  "orientation": [
    [
      0.9893872141838074,
      -0.05904762074351311,
      0.13276413083076477
    ],
    [
      0.07727093994617462,
      0.9876087307929993,
      -0.13659515976905823
    ],
    [
      -0.12305339425802231,
      0.14540430903434753,
      0.9816901087760925
    ]
  ],
  "position": [
    3.2455179691314697,
    -2.458470344543457,
    0.7234389781951904
  ],
  "focal_length": 1716.115478515625,
  "principal_point": [
    628.9470825195312,
    609.3314208984375
  ],
  "skew": 0.0,
  "pixel_aspect_ratio": 0.9643391966819763,
  "radial_distortion": [
    0.09263141453266144,
    -0.060330551117658615,
    0.0
  ],
  "tangential_distortion": [
    -0.03872985765337944,
    0.008248725906014442
  ],
  "image_size": [
    1072,
    1920
  ]
}