{
  "orientation": [
    [
      0.9921444654464722,
      0.0999932736158371,
      -0.0751710832118988
    ],
    [
      -0.11084064841270447,
      0.9812538027763367,
      -0.15765582025051117
    ],
    [
      0.057997386902570724,
      0.1647493690252304,
      0.9846288561820984
    ]
  ],
  "position": [
    1.6082783937454224,
    -2.757049083709717,
    0.49486061930656433
  ],
  "focal_length": 1716.115478515625,
  "principal_point": [
    628.9470825195312,
    609.3314208984375
  ],
  "skew": 0.0,
  "pixel_aspect_ratio": 0.9643391966819763,
  "radial_distortion": [
    0.09263141453266144,
    -0.060330551117658615,
    0.0
  ],
  "tangential_distortion": [
    -0.03872985765337944,
    0.008248725906014442
  ],
  "image_size": [
    1072,
    1920
  ]
}