{
  "orientation": [
    [
      0.9976610541343689,
      -0.06796739250421524,
      0.0072710467502474785
    ],
    [
      0.06767731159925461,
      0.9971064925193787,
      0.0346185639500618
    ],
    [
      -0.009602941572666168,
      -0.0340455062687397,
      0.9993741512298584
    ]
  ],
  "position": [
    2.7338287830352783,
    1.8831658363342285,
    0.4520137906074524
  ],
  "focal_length": 1716.115478515625,
  "principal_point": [
    628.9470825195312,
    609.3314208984375
  ],
  "skew": 0.0,
  "pixel_aspect_ratio": 0.9643391966819763,
  "radial_distortion": [
    0.09263141453266144,
    -0.060330551117658615,
    0.0
  ],
  "tangential_distortion": [
    -0.03872985765337944,
    0.008248725906014442
  ],
  "image_size": [
    1072,
    1920
  ]
}