{
  "orientation": [
    [
      0.9656504988670349,
      -0.11634422093629837,
      0.23234260082244873
    ],
    [
      0.1423821598291397,
      0.9848901629447937,
      -0.09858342260122299
    ],
    [
      -0.21736232936382294,
      0.12827858328819275,
      0.9676250219345093
    ]
  ],
  "position": [
    4.45912504196167,
    -1.1996272802352905,
    1.0576163530349731
  ],
  "focal_length": 1716.115478515625,
  "principal_point": [
    628.9470825195312,
    609.3314208984375
  ],
  "skew": 0.0,
  "pixel_aspect_ratio": 0.9643391966819763,
  "radial_distortion": [
    0.09263141453266144,
    -0.060330551117658615,
    0.0
  ],
  "tangential_distortion": [
    -0.03872985765337944,
    0.008248725906014442
  ],
  "image_size": [
    1072,
    1920
  ]
}