{
  "orientation": [
    [
      0.9980251789093018,
      -0.05889434739947319,
      -0.021844306960701942
    ],
    [
      0.0598263256251812,
      0.9972031116485596,
      0.044796694070100784
    ],
    [
      0.0191449373960495,
      -0.046015094965696335,
      0.9987572431564331
    ]
  ],
  "position": [
    2.194072961807251,
    1.9503540992736816,
    0.4543166160583496
  ],
  "focal_length": 1716.115478515625,
  "principal_point": [
    628.9470825195312,
    609.3314208984375
  ],
  "skew": 0.0,
  "pixel_aspect_ratio": 0.9643391966819763,
  "radial_distortion": [
    0.09263141453266144,
    -0.060330551117658615,
    0.0
  ],
  "tangential_distortion": [
    -0.03872985765337944,
    0.008248725906014442
  ],
  "image_size": [
    1072,
    1920
  ]
}