{
  "orientation": [
    [
      0.9964020848274231,
      -0.07859727740287781,
      0.03170741721987724
    ],
    [
      0.0778043121099472,
      0.9966421127319336,
      0.025513868778944016
    ],
    [
      -0.03360626846551895,
      -0.022955099120736122,
      0.9991714954376221
    ]
  ],
  "position": [
    3.1912567615509033,
    1.77167809009552,
    0.46194005012512207
  ],
  "focal_length": 1716.115478515625,
  "principal_point": [
    628.9470825195312,
    609.3314208984375
  ],
  "skew": 0.0,
  "pixel_aspect_ratio": 0.9643391966819763,
  "radial_distortion": [
    0.09263141453266144,
    -0.060330551117658615,
    0.0
  ],
  "tangential_distortion": [
    -0.03872985765337944,
    0.008248725906014442
  ],
  "image_size": [
    1072,
    1920
  ]
}