{
  "orientation": [
    [
      0.9944835901260376,
      -0.08726861327886581,
      0.058194492012262344
    ],
    [
      0.08604984730482101,
      0.9960221648216248,
      0.0231347493827343
    ],
    [
      -0.05998194217681885,
      -0.017999501898884773,
      0.9980371594429016
    ]
  ],
  "position": [
    3.5731756687164307,
    1.6791123151779175,
    0.546846330165863
  ],
  "focal_length": 1716.115478515625,
  "principal_point": [
    628.9470825195312,
    609.3314208984375
  ],
  "skew": 0.0,
  "pixel_aspect_ratio": 0.9643391966819763,
  "radial_distortion": [
    0.09263141453266144,
    -0.060330551117658615,
    0.0
  ],
  "tangential_distortion": [
    -0.03872985765337944,
    0.008248725906014442
  ],
  "image_size": [
    1072,
    1920
  ]
}