{
  "orientation": [
    [
      0.9834784269332886,
      -0.08321528881788254,
      0.16076500713825226
    ],
    [
      0.10401327908039093,
      0.9866121411323547,
      -0.12560944259166718
    ],
    [
      -0.14816008508205414,
      0.140255868434906,
      0.9789672493934631
    ]
  ],
  "position": [
    3.5208184719085693,
    -2.191398859024048,
    0.8291006684303284
  ],
  "focal_length": 1716.115478515625,
  "principal_point": [
    628.9470825195312,
    609.3314208984375
  ],
  "skew": 0.0,
  "pixel_aspect_ratio": 0.9643391966819763,
  "radial_distortion": [
    0.09263141453266144,
    -0.060330551117658615,
    0.0
  ],
  "tangential_distortion": [
    -0.03872985765337944,
    0.008248725906014442
  ],
  "image_size": [
    1072,
    1920
  ]
}