{
  "orientation": [
    [
      0.9374926090240479,
      0.21157409250736237,
      -0.2763042747974396
    ],
    [
      -0.24999073147773743,
      0.9617777466773987,
      -0.11175072938203812
    ],
    [
      0.24209973216056824,
      0.17383898794651031,
      0.9545510411262512
    ]
  ],
  "position": [
    -0.17617928981781006,
    -2.5440452098846436,
    0.47896161675453186
  ],
  "focal_length": 1716.115478515625,
  "principal_point": [
    628.9470825195312,
    609.3314208984375
  ],
  "skew": 0.0,
  "pixel_aspect_ratio": 0.9643391966819763,
  "radial_distortion": [
    0.09263141453266144,
    -0.060330551117658615,
    0.0
  ],
  "tangential_distortion": [
    -0.03872985765337944,
    0.008248725906014442
  ],
  "image_size": [
    1072,
    1920
  ]
}