{
  "orientation": [
    [
      0.9755120277404785,
      -0.1063210517168045,
      0.192541241645813
    ],
    [
      0.11029928922653198,
      0.9938477873802185,
      -0.010030758567154408
    ],
    [
      -0.19029021263122559,
      0.031022287905216217,
      0.9812375903129578
    ]
  ],
  "position": [
    4.699178695678711,
    0.6807065010070801,
    0.7189640998840332
  ],
  "focal_length": 1716.115478515625,
  "principal_point": [
    628.9470825195312,
    609.3314208984375
  ],
  "skew": 0.0,
  "pixel_aspect_ratio": 0.9643391966819763,
  "radial_distortion": [
    0.09263141453266144,
    -0.060330551117658615,
    0.0
  ],
  "tangential_distortion": [
    -0.03872985765337944,
    0.008248725906014442
  ],
  "image_size": [
    1072,
    1920
  ]
}