{
  "orientation": [
    [
      0.9753381609916687,
      -0.09618628770112991,
      0.19865474104881287
    ],
    [
      0.12133700400590897,
      0.9855054020881653,
      -0.11855998635292053
    ],
    [
      -0.1843714714050293,
      0.1397402435541153,
      0.9728719592094421
    ]
  ],
  "position": [
    3.9225914478302,
    -1.944644570350647,
    0.949224054813385
  ],
  "focal_length": 1716.115478515625,
  "principal_point": [
    628.9470825195312,
    609.3314208984375
  ],
  "skew": 0.0,
  "pixel_aspect_ratio": 0.9643391966819763,
  "radial_distortion": [
    0.09263141453266144,
    -0.060330551117658615,
    0.0
  ],
  "tangential_distortion": [
    -0.03872985765337944,
    0.008248725906014442
  ],
  "image_size": [
    1072,
    1920
  ]
}