{
  "orientation": [
    [
      0.9987068176269531,
      0.03932559862732887,
      -0.032221220433712006
    ],
    [
      -0.04365416243672371,
      0.9881687164306641,
      -0.14702673256397247
    ],
    [
      0.02605808712542057,
      0.14824318885803223,
      0.9886075854301453
    ]
  ],
  "position": [
    1.799651026725769,
    -2.7057347297668457,
    0.4748538136482239
  ],
  "focal_length": 1716.115478515625,
  "principal_point": [
    628.9470825195312,
    609.3314208984375
  ],
  "skew": 0.0,
  "pixel_aspect_ratio": 0.9643391966819763,
  "radial_distortion": [
    0.09263141453266144,
    -0.060330551117658615,
    0.0
  ],
  "tangential_distortion": [
    -0.03872985765337944,
    0.008248725906014442
  ],
  "image_size": [
    1072,
    1920
  ]
}