{
  "orientation": [
    [
      0.9976727366447449,
      -0.044622089713811874,
      -0.051555536687374115
    ],
    [
      0.04747719317674637,
      0.9973264932632446,
      0.055549975484609604
    ],
    [
      0.048938944935798645,
      -0.057868409901857376,
      0.9971239566802979
    ]
  ],
  "position": [
    1.6570931673049927,
    1.9540716409683228,
    0.4073372185230255
  ],
  "focal_length": 1716.115478515625,
  "principal_point": [
    628.9470825195312,
    609.3314208984375
  ],
  "skew": 0.0,
  "pixel_aspect_ratio": 0.9643391966819763,
  "radial_distortion": [
    0.09263141453266144,
    -0.060330551117658615,
    0.0
  ],
  "tangential_distortion": [
    -0.03872985765337944,
    0.008248725906014442
  ],
  "image_size": [
    1072,
    1920
  ]
}