{
  "orientation": [
    [
      0.969724178314209,
      -0.11226889491081238,
      0.216865673661232
    ],
    [
      0.13799798488616943,
      0.9845978021621704,
      -0.10734885185956955
    ],
    [
      -0.20147351920604706,
      0.13402579724788666,
      0.9702811241149902
    ]
  ],
  "position": [
    4.1724982261657715,
    -1.5645626783370972,
    1.0349023342132568
  ],
  "focal_length": 1716.115478515625,
  "principal_point": [
    628.9470825195312,
    609.3314208984375
  ],
  "skew": 0.0,
  "pixel_aspect_ratio": 0.9643391966819763,
  "radial_distortion": [
    0.09263141453266144,
    -0.060330551117658615,
    0.0
  ],
  "tangential_distortion": [
    -0.03872985765337944,
    0.008248725906014442
  ],
  "image_size": [
    1072,
    1920
  ]
}