{
  "orientation": [
    [
      0.9633527994155884,
      -0.11201661080121994,
      0.24372856318950653
    ],
    [
      0.13254855573177338,
      0.9887378215789795,
      -0.06948704272508621
    ],
    [
      -0.23319993913173676,
      0.09924641251564026,
      0.9673510193824768
    ]
  ],
  "position": [
    4.868305206298828,
    -0.5046128630638123,
    0.9317324161529541
  ],
  "focal_length": 1716.115478515625,
  "principal_point": [
    628.9470825195312,
    609.3314208984375
  ],
  "skew": 0.0,
  "pixel_aspect_ratio": 0.9643391966819763,
  "radial_distortion": [
    0.09263141453266144,
    -0.060330551117658615,
    0.0
  ],
  "tangential_distortion": [
    -0.03872985765337944,
    0.008248725906014442
  ],
  "image_size": [
    1072,
    1920
  ]
}