{
  "orientation": [
    [
      0.9958509206771851,
      0.08027981966733932,
      -0.04284905269742012
    ],
    [
      -0.07137741893529892,
      0.9811807870864868,
      0.1794145554304123
    ],
    [
      0.05644603446125984,
      -0.1756117045879364,
      0.9828399419784546
    ]
  ],
  "position": [
    1.0648925304412842,
    3.963754415512085,
    -0.3490331768989563
  ],
  "focal_length": 1624.0584716796875,
  "principal_point": [
    601.6626586914062,
    737.2704467773438
  ],
  "skew": 0.0,
  "pixel_aspect_ratio": 1.026161551475525,
  "radial_distortion": [
    0.10470592230558395,
    -0.08767837285995483,
    0.0
  ],
  "tangential_distortion": [
    -0.05374068394303322,
    0.003703630995005369
  ],
  "image_size": [
    1072,
    1920
  ]
}