{
  "orientation": [
    [
      0.9951578378677368,
      -0.0297610554844141,
      0.09367577731609344
    ],
    [
      0.01722080074250698,
      0.9911088943481445,
      0.13193410634994507
    ],
    [
      -0.09676939994096756,
      -0.12968209385871887,
      0.9868223071098328
    ]
  ],
  "position": [
    3.9428892135620117,
    2.870584487915039,
    -0.182185098528862
  ],
  "focal_length": 1624.0584716796875,
  "principal_point": [
    601.6626586914062,
    737.2704467773438
  ],
  "skew": 0.0,
  "pixel_aspect_ratio": 1.026161551475525,
  "radial_distortion": [
    0.10470592230558395,
    -0.08767837285995483,
    0.0
  ],
  "tangential_distortion": [
    -0.05374068394303322,
    0.003703630995005369
  ],
  "image_size": [
    1072,
    1920
  ]
}