{
  "orientation": [
    [
      0.9433205127716064,
      0.18325598537921906,
      -0.27670130133628845
    ],
    [
      -0.172532320022583,
      0.9829975366592407,
      0.06283637136220932
    ],
    [
      0.28351184725761414,
      -0.011534926481544971,
      0.9588993787765503
    ]
  ],
  "position": [
    -3.5005908012390137,
    -1.0194065570831299,
    -0.0028485257644206285
  ],
  "focal_length": 1624.0584716796875,
  "principal_point": [
    601.6626586914062,
    737.2704467773438
  ],
  "skew": 0.0,
  "pixel_aspect_ratio": 1.026161551475525,
  "radial_distortion": [
    0.10470592230558395,
    -0.08767837285995483,
    0.0
  ],
  "tangential_distortion": [
    -0.05374068394303322,
    0.003703630995005369
  ],
  "image_size": [
    1072,
    1920
  ]
}