{
  "orientation": [
    [
      0.9469480514526367,
      0.19199083745479584,
      -0.25773805379867554
    ],
    [
      -0.15187186002731323,
      0.9740844368934631,
      0.16761405766010284
    ],
    [
      0.2832389771938324,
      -0.11957865208387375,
      0.9515653848648071
    ]
  ],
  "position": [
    -2.9583892822265625,
    2.4900827407836914,
    -0.6234706044197083
  ],
  "focal_length": 1624.0584716796875,
  "principal_point": [
    601.6626586914062,
    737.2704467773438
  ],
  "skew": 0.0,
  "pixel_aspect_ratio": 1.026161551475525,
  "radial_distortion": [
    0.10470592230558395,
    -0.08767837285995483,
    0.0
  ],
  "tangential_distortion": [
    -0.05374068394303322,
    0.003703630995005369
  ],
  "image_size": [
    1072,
    1920
  ]
}