{
  "orientation": [
    [
      0.9985451102256775,
      -0.005757755599915981,
      -0.053614020347595215
    ],
    [
      0.007288729771971703,
      0.9995699524879456,
      0.028403885662555695
    ],
    [
      0.05342742055654526,
      -0.028753338381648064,
      0.9981576800346375
    ]
  ],
  "position": [
    -0.5445076823234558,
    -2.5230941772460938,
    -1.8717734813690186
  ],
  "focal_length": 1624.0584716796875,
  "principal_point": [
    601.6626586914062,
    737.2704467773438
  ],
  "skew": 0.0,
  "pixel_aspect_ratio": 1.026161551475525,
  "radial_distortion": [
    0.10470592230558395,
    -0.08767837285995483,
    0.0
  ],
  "tangential_distortion": [
    -0.05374068394303322,
    0.003703630995005369
  ],
  "image_size": [
    1072,
    1920
  ]
}