{
  "orientation": [
    [
      0.9906305074691772,
      0.06483841687440872,
      -0.12019654363393784
    ],
    [
      -0.06930278241634369,
      0.9970384836196899,
      -0.03333750739693642
    ],
    [
      0.11767902970314026,
      0.041355106979608536,
      0.9921901822090149
    ]
  ],
  "position": [
    0.4918903112411499,
    -2.953273057937622,
    -0.46735209226608276
  ],
  "focal_length": 1624.0584716796875,
  "principal_point": [
    601.6626586914062,
    737.2704467773438
  ],
  "skew": 0.0,
  "pixel_aspect_ratio": 1.026161551475525,
  "radial_distortion": [
    0.10470592230558395,
    -0.08767837285995483,
    0.0
  ],
  "tangential_distortion": [
    -0.05374068394303322,
    0.003703630995005369
  ],
  "image_size": [
    1072,
    1920
  ]
}