{
  "orientation": [
    [
      0.9987967014312744,
      0.0437680222094059,
      0.02212543785572052
    ],
    [
      -0.046924784779548645,
      0.9840276837348938,
      0.17171964049339294
    ],
    [
      -0.01425621286034584,
      -0.1725512444972992,
      0.9848973751068115
    ]
  ],
  "position": [
    2.823167085647583,
    3.879143714904785,
    -0.2384253889322281
  ],
  "focal_length": 1624.0584716796875,
  "principal_point": [
    601.6626586914062,
    737.2704467773438
  ],
  "skew": 0.0,
  "pixel_aspect_ratio": 1.026161551475525,
  "radial_distortion": [
    0.10470592230558395,
    -0.08767837285995483,
    0.0
  ],
  "tangential_distortion": [
    -0.05374068394303322,
    0.003703630995005369
  ],
  "image_size": [
    1072,
    1920
  ]
}