{
  "orientation": [
    [
      0.9714034199714661,
      0.16745004057884216,
      -0.16833268105983734
    ],
    [
      -0.13312877714633942,
      0.9711571931838989,
      0.19781407713890076
    ],
    [
      0.19660146534442902,
      -0.16974735260009766,
      0.9656778573989868
    ]
  ],
  "position": [
    -1.4631832838058472,
    3.6061816215515137,
    -0.2772487699985504
  ],
  "focal_length": 1624.0584716796875,
  "principal_point": [
    601.6626586914062,
    737.2704467773438
  ],
  "skew": 0.0,
  "pixel_aspect_ratio": 1.026161551475525,
  "radial_distortion": [
    0.10470592230558395,
    -0.08767837285995483,
    0.0
  ],
  "tangential_distortion": [
    -0.05374068394303322,
    0.003703630995005369
  ],
  "image_size": [
    1072,
    1920
  ]
}