{
  "orientation": [
    [
      0.9944972395896912,
      0.04814909026026726,
      -0.09304239600896835
    ],
    [
      -0.05167610943317413,
      0.998019278049469,
      -0.03587642312049866
    ],
    [
      0.09113068133592606,
      0.04048707336187363,
      0.995015561580658
    ]
  ],
  "position": [
    0.9996351599693298,
    -2.8638529777526855,
    -0.5111091732978821
  ],
  "focal_length": 1624.0584716796875,
  "principal_point": [
    601.6626586914062,
    737.2704467773438
  ],
  "skew": 0.0,
  "pixel_aspect_ratio": 1.026161551475525,
  "radial_distortion": [
    0.10470592230558395,
    -0.08767837285995483,
    0.0
  ],
  "tangential_distortion": [
    -0.05374068394303322,
    0.003703630995005369
  ],
  "image_size": [
    1072,
    1920
  ]
}