{
  "orientation": [
    [
      0.942028820514679,
      0.20215506851673126,
      -0.2677965760231018
    ],
    [
      -0.1814795583486557,
      0.9782867431640625,
      0.1001008078455925
    ],
    [
      0.28221774101257324,
      -0.04569823667407036,
      0.9582613706588745
    ]
  ],
  "position": [
    -3.560837745666504,
    0.3091813921928406,
    -0.2669796645641327
  ],
  "focal_length": 1624.0584716796875,
  "principal_point": [
    601.6626586914062,
    737.2704467773438
  ],
  "skew": 0.0,
  "pixel_aspect_ratio": 1.026161551475525,
  "radial_distortion": [
    0.10470592230558395,
    -0.08767837285995483,
    0.0
  ],
  "tangential_distortion": [
    -0.05374068394303322,
    0.003703630995005369
  ],
  "image_size": [
    1072,
    1920
  ]
}