{
  "orientation": [
    [
      0.9989416599273682,
      -0.04206594079732895,
      -0.01860014535486698
    ],
    [
      0.042893730103969574,
      0.9979920387268066,
      0.04660501331090927
    ],
    [
      0.01660231314599514,
      -0.04735351726412773,
      0.9987401962280273
    ]
  ],
  "position": [
    1.3233271837234497,
    -2.26865816116333,
    -2.254568099975586
  ],
  "focal_length": 1624.0584716796875,
  "principal_point": [
    601.6626586914062,
    737.2704467773438
  ],
  "skew": 0.0,
  "pixel_aspect_ratio": 1.026161551475525,
  "radial_distortion": [
    0.10470592230558395,
    -0.08767837285995483,
    0.0
  ],
  "tangential_distortion": [
    -0.05374068394303322,
    0.003703630995005369
  ],
  "image_size": [
    1072,
    1920
  ]
}