{
  "orientation": [
    [
      0.9240235686302185,
      0.22976559400558472,
      -0.3055948317050934
    ],
    [
      -0.21286097168922424,
      0.973109781742096,
      0.0880204364657402
    ],
    [
      0.31760138273239136,
      -0.016283748671412468,
      0.9480844736099243
    ]
  ],
  "position": [
    -3.779789447784424,
    0.13996241986751556,
    -0.37792354822158813
  ],
  "focal_length": 1624.0584716796875,
  "principal_point": [
    601.6626586914062,
    737.2704467773438
  ],
  "skew": 0.0,
  "pixel_aspect_ratio": 1.026161551475525,
  "radial_distortion": [
    0.10470592230558395,
    -0.08767837285995483,
    0.0
  ],
  "tangential_distortion": [
    -0.05374068394303322,
    0.003703630995005369
  ],
  "image_size": [
    1072,
    1920
  ]
}