{
  "orientation": [
    [
      0.9320387840270996,
      0.21953240036964417,
      -0.2882867455482483
    ],
    [
      -0.18501469492912292,
      0.9723765850067139,
      0.14231418073177338
    ],
    [
      0.3115658462047577,
      -0.07930504530668259,
      0.9469094276428223
    ]
  ],
  "position": [
    -3.9100279808044434,
    1.4150925874710083,
    -0.37939542531967163
  ],
  "focal_length": 1624.0584716796875,
  "principal_point": [
    601.6626586914062,
    737.2704467773438
  ],
  "skew": 0.0,
  "pixel_aspect_ratio": 1.026161551475525,
  "radial_distortion": [
    0.10470592230558395,
    -0.08767837285995483,
    0.0
  ],
  "tangential_distortion": [
    -0.05374068394303322,
    0.003703630995005369
  ],
  "image_size": [
    1072,
    1920
  ]
}