{
  "orientation": [
    [
      0.9995672702789307,
      -0.02809828706085682,
      0.008703759871423244
    ],
    [
      0.028289904817938805,
      0.9993411898612976,
      -0.022735951468348503
    ],
    [
      -0.008059184066951275,
      0.022972341626882553,
      0.9997036457061768
    ]
  ],
  "position": [
    3.432147741317749,
    -1.1201213598251343,
    -0.79306960105896
  ],
  "focal_length": 1624.0584716796875,
  "principal_point": [
    601.6626586914062,
    737.2704467773438
  ],
  "skew": 0.0,
  "pixel_aspect_ratio": 1.026161551475525,
  "radial_distortion": [
    0.10470592230558395,
    -0.08767837285995483,
    0.0
  ],
  "tangential_distortion": [
    -0.05374068394303322,
    0.003703630995005369
  ],
  "image_size": [
    1072,
    1920
  ]
}