{
  "orientation": [
    [
      0.9997765421867371,
      -0.0131613714620471,
      -0.01654270477592945
    ],
    [
      0.012573015876114368,
      0.9993019104003906,
      -0.03518029302358627
    ],
    [
      0.01699417643249035,
      0.034964438527822495,
      0.9992440342903137
    ]
  ],
  "position": [
    3.0984151363372803,
    -1.5676406621932983,
    -0.9857104420661926
  ],
  "focal_length": 1624.0584716796875,
  "principal_point": [
    601.6626586914062,
    737.2704467773438
  ],
  "skew": 0.0,
  "pixel_aspect_ratio": 1.026161551475525,
  "radial_distortion": [
    0.10470592230558395,
    -0.08767837285995483,
    0.0
  ],
  "tangential_distortion": [
    -0.05374068394303322,
    0.003703630995005369
  ],
  "image_size": [
    1072,
    1920
  ]
}