{
  "orientation": [
    [
      0.9806732535362244,
      0.08248142153024673,
      -0.17741693556308746
    ],
    [
      -0.07487834244966507,
      0.9959810376167297,
      0.049142640084028244
    ],
    [
      0.18075726926326752,
      -0.03490818291902542,
      0.9829080700874329
    ]
  ],
  "position": [
    -3.815427541732788,
    -1.34434974193573,
    0.12929826974868774
  ],
  "focal_length": 1624.0584716796875,
  "principal_point": [
    601.6626586914062,
    737.2704467773438
  ],
  "skew": 0.0,
  "pixel_aspect_ratio": 1.026161551475525,
  "radial_distortion": [
    0.10470592230558395,
    -0.08767837285995483,
    0.0
  ],
  "tangential_distortion": [
    -0.05374068394303322,
    0.003703630995005369
  ],
  "image_size": [
    1072,
    1920
  ]
}