{
  "orientation": [
    [
      0.9407238960266113,
      0.20226667821407318,
      -0.27226221561431885
    ],
    [
      -0.1611662209033966,
      0.9728832840919495,
      0.16590240597724915
    ],
    [
      0.29843589663505554,
      -0.11218889057636261,
      0.947813093662262
    ]
  ],
  "position": [
    -3.3606646060943604,
    2.292391300201416,
    -0.4045562148094177
  ],
  "focal_length": 1624.0584716796875,
  "principal_point": [
    601.6626586914062,
    737.2704467773438
  ],
  "skew": 0.0,
  "pixel_aspect_ratio": 1.026161551475525,
  "radial_distortion": [
    0.10470592230558395,
    -0.08767837285995483,
    0.0
  ],
  "tangential_distortion": [
    -0.05374068394303322,
    0.003703630995005369
  ],
  "image_size": [
    1072,
    1920
  ]
}