{
  "orientation": [
    [
      0.9539409875869751,
      0.1501057893037796,
      -0.25974005460739136
    ],
    [
      -0.1481626033782959,
      0.9885900020599365,
      0.027160607278347015
    ],
    [
      0.2608533799648285,
      0.01257415022701025,
      0.9652965068817139
    ]
  ],
  "position": [
    -2.35553240776062,
    -2.159409523010254,
    -0.900947630405426
  ],
  "focal_length": 1624.0584716796875,
  "principal_point": [
    601.6626586914062,
    737.2704467773438
  ],
  "skew": 0.0,
  "pixel_aspect_ratio": 1.026161551475525,
  "radial_distortion": [
    0.10470592230558395,
    -0.08767837285995483,
    0.0
  ],
  "tangential_distortion": [
    -0.05374068394303322,
    0.003703630995005369
  ],
  "image_size": [
    1072,
    1920
  ]
}