{
  "orientation": [
    [
      0.9819437265396118,
      0.06718368828296661,
      -0.1768413633108139
    ],
    [
      -0.07661136239767075,
      0.9959513545036316,
      -0.047027263790369034
    ],
    [
      0.17296592891216278,
      0.05972618609666824,
      0.9831152558326721
    ]
  ],
  "position": [
    0.33361726999282837,
    -2.7437450885772705,
    -1.2470765113830566
  ],
  "focal_length": 1624.0584716796875,
  "principal_point": [
    601.6626586914062,
    737.2704467773438
  ],
  "skew": 0.0,
  "pixel_aspect_ratio": 1.026161551475525,
  "radial_distortion": [
    0.10470592230558395,
    -0.08767837285995483,
    0.0
  ],
  "tangential_distortion": [
    -0.05374068394303322,
    0.003703630995005369
  ],
  "image_size": [
    1072,
    1920
  ]
}