{
  "orientation": [
    [
      0.9361429810523987,
      0.20302225649356842,
      -0.2870858907699585
    ],
    [
      -0.19508080184459686,
      0.9791686534881592,
      0.056322891265153885
    ],
    [
      0.2925402820110321,
      0.0032786631491035223,
      0.9562475681304932
    ]
  ],
  "position": [
    -2.9784486293792725,
    -1.3051469326019287,
    -0.6976054906845093
  ],
  "focal_length": 1624.0584716796875,
  "principal_point": [
    601.6626586914062,
    737.2704467773438
  ],
  "skew": 0.0,
  "pixel_aspect_ratio": 1.026161551475525,
  "radial_distortion": [
    0.10470592230558395,
    -0.08767837285995483,
    0.0
  ],
  "tangential_distortion": [
    -0.05374068394303322,
    0.003703630995005369
  ],
  "image_size": [
    1072,
    1920
  ]
}