{
  "orientation": [
    [
      0.9995379447937012,
      -0.023965904489159584,
      0.018694285303354263
    ],
    [
      0.023638125509023666,
      0.9995663166046143,
      0.017561860382556915
    ],
    [
      -0.019107062369585037,
      -0.017111847177147865,
      0.9996709823608398
    ]
  ],
  "position": [
    2.5911505222320557,
    -2.2748537063598633,
    -0.9061938524246216
  ],
  "focal_length": 1624.0584716796875,
  "principal_point": [
    601.6626586914062,
    737.2704467773438
  ],
  "skew": 0.0,
  "pixel_aspect_ratio": 1.026161551475525,
  "radial_distortion": [
    0.10470592230558395,
    -0.08767837285995483,
    0.0
  ],
  "tangential_distortion": [
    -0.05374068394303322,
    0.003703630995005369
  ],
  "image_size": [
    1072,
    1920
  ]
}