{
  "orientation": [
    [
      0.9928257465362549,
      0.035853516310453415,
      -0.1140683963894844
    ],
    [
      -0.04240744933485985,
      0.9975544810295105,
      -0.05555764585733414
    ],
    [
      0.1117975041270256,
      0.059996407479047775,
      0.9919182062149048
    ]
  ],
  "position": [
    1.6399344205856323,
    -2.3121097087860107,
    -1.2166824340820312
  ],
  "focal_length": 1624.0584716796875,
  "principal_point": [
    601.6626586914062,
    737.2704467773438
  ],
  "skew": 0.0,
  "pixel_aspect_ratio": 1.026161551475525,
  "radial_distortion": [
    0.10470592230558395,
    -0.08767837285995483,
    0.0
  ],
  "tangential_distortion": [
    -0.05374068394303322,
    0.003703630995005369
  ],
  "image_size": [
    1072,
    1920
  ]
}