{
  "orientation": [
    [
      0.9246159791946411,
      0.22635814547538757,
      -0.3063451051712036
    ],
    [
      -0.21514399349689484,
      0.9740437865257263,
      0.0703689232468605
    ],
    [
      0.3143221437931061,
      0.0008440828532911837,
      0.9493160247802734
    ]
  ],
  "position": [
    -3.5470805168151855,
    -0.2858789265155792,
    -0.45075732469558716
  ],
  "focal_length": 1624.0584716796875,
  "principal_point": [
    601.6626586914062,
    737.2704467773438
  ],
  "skew": 0.0,
  "pixel_aspect_ratio": 1.026161551475525,
  "radial_distortion": [
    0.10470592230558395,
    -0.08767837285995483,
    0.0
  ],
  "tangential_distortion": [
    -0.05374068394303322,
    0.003703630995005369
  ],
  "image_size": [
    1072,
    1920
  ]
}