{
  "orientation": [
    [
      0.9698415994644165,
      0.15034693479537964,
      -0.19184115529060364
    ],
    [
      -0.12425614148378372,
      0.9821071624755859,
      0.14151300489902496
    ],
    [
      0.2096846103668213,
      -0.11340776830911636,
      0.9711699485778809
    ]
  ],
  "position": [
    -2.1270482540130615,
    2.555621385574341,
    0.16782420873641968
  ],
  "focal_length": 1624.0584716796875,
  "principal_point": [
    601.6626586914062,
    737.2704467773438
  ],
  "skew": 0.0,
  "pixel_aspect_ratio": 1.026161551475525,
  "radial_distortion": [
    0.10470592230558395,
    -0.08767837285995483,
    0.0
  ],
  "tangential_distortion": [
    -0.05374068394303322,
    0.003703630995005369
  ],
  "image_size": [
    1072,
    1920
  ]
}