{
  "orientation": [
    [
      0.9601876139640808,
      0.17720972001552582,
      -0.2159547507762909
    ],
    [
      -0.13580462336540222,
      0.9716544151306152,
      0.19350668787956238
    ],
    [
      0.2441246509552002,
      -0.15647506713867188,
      0.9570364356040955
    ]
  ],
  "position": [
    -2.181757688522339,
    3.3166985511779785,
    -0.2911641597747803
  ],
  "focal_length": 1624.0584716796875,
  "principal_point": [
    601.6626586914062,
    737.2704467773438
  ],
  "skew": 0.0,
  "pixel_aspect_ratio": 1.026161551475525,
  "radial_distortion": [
    0.10470592230558395,
    -0.08767837285995483,
    0.0
  ],
  "tangential_distortion": [
    -0.05374068394303322,
    0.003703630995005369
  ],
  "image_size": [
    1072,
    1920
  ]
}