{
  "orientation": [
    [
      0.9974780082702637,
      0.06427029520273209,
      -0.030115051195025444
    ],
    [
      -0.05789827182888985,
      0.9822317361831665,
      0.17851780354976654
    ],
    [
      0.041053351014852524,
      -0.17632398009300232,
      0.9834756851196289
    ]
  ],
  "position": [
    1.6111533641815186,
    3.9284327030181885,
    -0.3409743905067444
  ],
  "focal_length": 1624.0584716796875,
  "principal_point": [
    601.6626586914062,
    737.2704467773438
  ],
  "skew": 0.0,
  "pixel_aspect_ratio": 1.026161551475525,
  "radial_distortion": [
    0.10470592230558395,
    -0.08767837285995483,
    0.0
  ],
  "tangential_distortion": [
    -0.05374068394303322,
    0.003703630995005369
  ],
  "image_size": [
    1072,
    1920
  ]
}