{
  "orientation": [
    [
      0.986732542514801,
      0.083533376455307,
      -0.13921573758125305
    ],
    [
      -0.060543689876794815,
      0.9849517941474915,
      0.16187769174575806
    ],
    [
      0.1506429761648178,
      -0.15130135416984558,
      0.9769414663314819
    ]
  ],
  "position": [
    -0.7977933287620544,
    3.142317771911621,
    -0.07085230201482773
  ],
  "focal_length": 1624.0584716796875,
  "principal_point": [
    601.6626586914062,
    737.2704467773438
  ],
  "skew": 0.0,
  "pixel_aspect_ratio": 1.026161551475525,
  "radial_distortion": [
    0.10470592230558395,
    -0.08767837285995483,
    0.0
  ],
  "tangential_distortion": [
    -0.05374068394303322,
    0.003703630995005369
  ],
  "image_size": [
    1072,
    1920
  ]
}