{
  "orientation": [
    [
      0.9643486142158508,
      0.1145889014005661,
      -0.23853953182697296
    ],
    [
      -0.11753062903881073,
      0.9930674433708191,
      0.0019032701384276152
    ],
    [
      0.2371039241552353,
      0.02620028518140316,
      0.971130907535553
    ]
  ],
  "position": [
    -1.3918110132217407,
    -2.5634515285491943,
    -1.1685450077056885
  ],
  "focal_length": 1624.0584716796875,
  "principal_point": [
    601.6626586914062,
    737.2704467773438
  ],
  "skew": 0.0,
  "pixel_aspect_ratio": 1.026161551475525,
  "radial_distortion": [
    0.10470592230558395,
    -0.08767837285995483,
    0.0
  ],
  "tangential_distortion": [
    -0.05374068394303322,
    0.003703630995005369
  ],
  "image_size": [
    1072,
    1920
  ]
}