{
  "orientation": [
    [
      0.9411000609397888,
      0.21329690515995026,
      -0.2623644471168518
    ],
    [
      -0.19397567212581635,
      0.9761214852333069,
      0.0977768525481224
    ],
    [
      0.2769550681114197,
      -0.04112548008561134,
      0.9600023627281189
    ]
  ],
  "position": [
    -3.505213975906372,
    -0.2083074152469635,
    -0.3340221345424652
  ],
  "focal_length": 1624.0584716796875,
  "principal_point": [
    601.6626586914062,
    737.2704467773438
  ],
  "skew": 0.0,
  "pixel_aspect_ratio": 1.026161551475525,
  "radial_distortion": [
    0.10470592230558395,
    -0.08767837285995483,
    0.0
  ],
  "tangential_distortion": [
    -0.05374068394303322,
    0.003703630995005369
  ],
  "image_size": [
    1072,
    1920
  ]
}