{
  "orientation": [
    [
      0.9557369947433472,
      0.17902380228042603,
      -0.23348934948444366
    ],
    [
      -0.15011534094810486,
      0.97922283411026,
      0.13633780181407928
    ],
    [
      0.25304582715034485,
      -0.09525275230407715,
      0.9627537131309509
    ]
  ],
  "position": [
    -2.834911823272705,
    1.9509459733963013,
    0.0639185756444931
  ],
  "focal_length": 1624.0584716796875,
  "principal_point": [
    601.6626586914062,
    737.2704467773438
  ],
  "skew": 0.0,
  "pixel_aspect_ratio": 1.026161551475525,
  "radial_distortion": [
    0.10470592230558395,
    -0.08767837285995483,
    0.0
  ],
  "tangential_distortion": [
    -0.05374068394303322,
    0.003703630995005369
  ],
  "image_size": [
    1072,
    1920
  ]
}