{
  "orientation": [
    [
      0.9575580954551697,
      0.1634732037782669,
      -0.23740042746067047
    ],
    [
      -0.16551390290260315,
      0.9861409664154053,
      0.011450913734734058
    ],
    [
      0.23598219454288483,
      0.028328154236078262,
      0.9713444113731384
    ]
  ],
  "position": [
    -2.314866542816162,
    -1.9490915536880493,
    -0.1914314180612564
  ],
  "focal_length": 1624.0584716796875,
  "principal_point": [
    601.6626586914062,
    737.2704467773438
  ],
  "skew": 0.0,
  "pixel_aspect_ratio": 1.026161551475525,
  "radial_distortion": [
    0.10470592230558395,
    -0.08767837285995483,
    0.0
  ],
  "tangential_distortion": [
    -0.05374068394303322,
    0.003703630995005369
  ],
  "image_size": [
    1072,
    1920
  ]
}