{
  "orientation": [
    [
      0.996065080165863,
      -0.009297204203903675,
      0.08813581615686417
    ],
    [
      -0.0034930191468447447,
      0.9895910620689392,
      0.14386552572250366
    ],
    [
      -0.0885559618473053,
      -0.14360728859901428,
      0.9856646656990051
    ]
  ],
  "position": [
    3.806075096130371,
    3.2873682975769043,
    -0.12218918651342392
  ],
  "focal_length": 1624.0584716796875,
  "principal_point": [
    601.6626586914062,
    737.2704467773438
  ],
  "skew": 0.0,
  "pixel_aspect_ratio": 1.026161551475525,
  "radial_distortion": [
    0.10470592230558395,
    -0.08767837285995483,
    0.0
  ],
  "tangential_distortion": [
    -0.05374068394303322,
    0.003703630995005369
  ],
  "image_size": [
    1072,
    1920
  ]
}