{
  "orientation": [
    [
      0.9888569116592407,
      0.12356505542993546,
      -0.08302795141935349
    ],
    [
      -0.10608100146055222,
      0.9761638641357422,
      0.18934352695941925
    ],
    [
      0.10444512218236923,
      -0.17842596769332886,
      0.9783942699432373
    ]
  ],
  "position": [
    -0.089731365442276,
    3.9211032390594482,
    -0.3210528790950775
  ],
  "focal_length": 1624.0584716796875,
  "principal_point": [
    601.6626586914062,
    737.2704467773438
  ],
  "skew": 0.0,
  "pixel_aspect_ratio": 1.026161551475525,
  "radial_distortion": [
    0.10470592230558395,
    -0.08767837285995483,
    0.0
  ],
  "tangential_distortion": [
    -0.05374068394303322,
    0.003703630995005369
  ],
  "image_size": [
    1072,
    1920
  ]
}