{
  "orientation": [
    [
      0.9969778656959534,
      -0.0768480971455574,
      0.011381154879927635
    ],
    [
      0.07583148032426834,
      0.9944961667060852,
      0.07229766249656677
    ],
    [
      -0.01687445305287838,
      -0.07121611386537552,
      0.9973181486129761
    ]
  ],
  "position": [
    2.5201683044433594,
    -1.284841537475586,
    -1.7221412658691406
  ],
  "focal_length": 1624.0584716796875,
  "principal_point": [
    601.6626586914062,
    737.2704467773438
  ],
  "skew": 0.0,
  "pixel_aspect_ratio": 1.026161551475525,
  "radial_distortion": [
    0.10470592230558395,
    -0.08767837285995483,
    0.0
  ],
  "tangential_distortion": [
    -0.05374068394303322,
    0.003703630995005369
  ],
  "image_size": [
    1072,
    1920
  ]
}