{
  "orientation": [
    [
      0.9920911192893982,
      0.06587523967027664,
      -0.10684383660554886
    ],
    [
      -0.047710027545690536,
      0.9852321147918701,
      0.16444286704063416
    ],
    [
      0.11609868705272675,
      -0.15804478526115417,
      0.9805829524993896
    ]
  ],
  "position": [
    -0.16501353681087494,
    3.3606297969818115,
    -0.07839500904083252
  ],
  "focal_length": 1624.0584716796875,
  "principal_point": [
    601.6626586914062,
    737.2704467773438
  ],
  "skew": 0.0,
  "pixel_aspect_ratio": 1.026161551475525,
  "radial_distortion": [
    0.10470592230558395,
    -0.08767837285995483,
    0.0
  ],
  "tangential_distortion": [
    -0.05374068394303322,
    0.003703630995005369
  ],
  "image_size": [
    1072,
    1920
  ]
}