{
  "orientation": [
    [
      0.9993173480033875,
      0.021126680076122284,
      -0.030306825414299965
    ],
    [
      -0.016098203137516975,
      0.9873892664909363,
      0.15749070048332214
    ],
    [
      0.033251889050006866,
      -0.15689530968666077,
      0.9870553016662598
    ]
  ],
  "position": [
    2.1397018432617188,
    3.1818907260894775,
    -0.484730064868927
  ],
  "focal_length": 1624.0584716796875,
  "principal_point": [
    601.6626586914062,
    737.2704467773438
  ],
  "skew": 0.0,
  "pixel_aspect_ratio": 1.026161551475525,
  "radial_distortion": [
    0.10470592230558395,
    -0.08767837285995483,
    0.0
  ],
  "tangential_distortion": [
    -0.05374068394303322,
    0.003703630995005369
  ],
  "image_size": [
    1072,
    1920
  ]
}