{
  "orientation": [
    [
      0.9935765862464905,
      -0.05010794848203659,
      0.10146285593509674
    ],
    [
      0.04128742218017578,
      0.9953312277793884,
      0.08724164962768555
    ],
    [
      -0.10536064952611923,
      -0.08249212056398392,
      0.9910066723823547
    ]
  ],
  "position": [
    4.254799842834473,
    0.3789827227592468,
    -0.33080196380615234
  ],
  "focal_length": 1624.0584716796875,
  "principal_point": [
    601.6626586914062,
    737.2704467773438
  ],
  "skew": 0.0,
  "pixel_aspect_ratio": 1.026161551475525,
  "radial_distortion": [
    0.10470592230558395,
    -0.08767837285995483,
    0.0
  ],
  "tangential_distortion": [
    -0.05374068394303322,
    0.003703630995005369
  ],
  "image_size": [
    1072,
    1920
  ]
}