{
  "orientation": [
    [
      0.9276238679885864,
      0.22055760025978088,
      -0.30144375562667847
    ],
    [
      -0.19013004004955292,
      0.9734852313995361,
      0.12718921899795532
    ],
    [
      0.321503609418869,
      -0.060670237988233566,
      0.944962739944458
    ]
  ],
  "position": [
    -4.035285949707031,
    0.8581755757331848,
    -0.15218454599380493
  ],
  "focal_length": 1624.0584716796875,
  "principal_point": [
    601.6626586914062,
    737.2704467773438
  ],
  "skew": 0.0,
  "pixel_aspect_ratio": 1.026161551475525,
  "radial_distortion": [
    0.10470592230558395,
    -0.08767837285995483,
    0.0
  ],
  "tangential_distortion": [
    -0.05374068394303322,
    0.003703630995005369
  ],
  "image_size": [
    1072,
    1920
  ]
}