{
  "orientation": [
    [
      0.9454973340034485,
      0.17266231775283813,
      -0.2760842442512512
    ],
    [
      -0.16941450536251068,
      0.9848958253860474,
      0.03576238080859184
    ],
    [
      0.2780890464782715,
      0.012959441170096397,
      0.9604678750038147
    ]
  ],
  "position": [
    -2.8001174926757812,
    -1.8326350450515747,
    -0.7366718053817749
  ],
  "focal_length": 1624.0584716796875,
  "principal_point": [
    601.6626586914062,
    737.2704467773438
  ],
  "skew": 0.0,
  "pixel_aspect_ratio": 1.026161551475525,
  "radial_distortion": [
    0.10470592230558395,
    -0.08767837285995483,
    0.0
  ],
  "tangential_distortion": [
    -0.05374068394303322,
    0.003703630995005369
  ],
  "image_size": [
    1072,
    1920
  ]
}