{
  "orientation": [
    [
      0.9811623692512512,
      0.14847108721733093,
      -0.12359894067049026
    ],
    [
      -0.1220117062330246,
      0.9722946882247925,
      0.19938962161540985
    ],
    [
      0.14977818727493286,
      -0.18055307865142822,
      0.9720941781997681
    ]
  ],
  "position": [
    -0.7458545565605164,
    3.873481035232544,
    -0.26468077301979065
  ],
  "focal_length": 1624.0584716796875,
  "principal_point": [
    601.6626586914062,
    737.2704467773438
  ],
  "skew": 0.0,
  "pixel_aspect_ratio": 1.026161551475525,
  "radial_distortion": [
    0.10470592230558395,
    -0.08767837285995483,
    0.0
  ],
  "tangential_distortion": [
    -0.05374068394303322,
    0.003703630995005369
  ],
  "image_size": [
    1072,
    1920
  ]
}