{
  "orientation": [
    [
      0.9691050052642822,
      0.09808175265789032,
      -0.2263084501028061
    ],
    [
      -0.10536182671785355,
      0.9942269921302795,
      -0.02028709463775158
    ],
    [
      0.22301217913627625,
      0.04350459575653076,
      0.9738444089889526
    ]
  ],
  "position": [
    -0.8816132545471191,
    -2.8131256103515625,
    -1.2087516784667969
  ],
  "focal_length": 1624.0584716796875,
  "principal_point": [
    601.6626586914062,
    737.2704467773438
  ],
  "skew": 0.0,
  "pixel_aspect_ratio": 1.026161551475525,
  "radial_distortion": [
    0.10470592230558395,
    -0.08767837285995483,
    0.0
  ],
  "tangential_distortion": [
    -0.05374068394303322,
    0.003703630995005369
  ],
  "image_size": [
    1072,
    1920
  ]
}