{
  "orientation": [
    [
      0.9987220168113708,
      0.005413980223238468,
      -0.050249919295310974
    ],
    [
      -0.007993791252374649,
      0.9986522197723389,
      -0.05128151550889015
    ],
    [
      0.04990455508232117,
      0.05161766707897186,
      0.9974192380905151
    ]
  ],
  "position": [
    2.697490692138672,
    -1.9750243425369263,
    -1.1143372058868408
  ],
  "focal_length": 1624.0584716796875,
  "principal_point": [
    601.6626586914062,
    737.2704467773438
  ],
  "skew": 0.0,
  "pixel_aspect_ratio": 1.026161551475525,
  "radial_distortion": [
    0.10470592230558395,
    -0.08767837285995483,
    0.0
  ],
  "tangential_distortion": [
    -0.05374068394303322,
    0.003703630995005369
  ],
  "image_size": [
    1072,
    1920
  ]
}