{
  "orientation": [
    [
      0.9873416423797607,
      0.08410056680440903,
      -0.1344752013683319
    ],
    [
      -0.08833907544612885,
      0.9957547783851624,
      -0.025858381763100624
    ],
    [
      0.1317296177148819,
      0.037410471588373184,
      0.9905794858932495
    ]
  ],
  "position": [
    -0.04925699532032013,
    -2.8525795936584473,
    -0.39262911677360535
  ],
  "focal_length": 1624.0584716796875,
  "principal_point": [
    601.6626586914062,
    737.2704467773438
  ],
  "skew": 0.0,
  "pixel_aspect_ratio": 1.026161551475525,
  "radial_distortion": [
    0.10470592230558395,
    -0.08767837285995483,
    0.0
  ],
  "tangential_distortion": [
    -0.05374068394303322,
    0.003703630995005369
  ],
  "image_size": [
    1072,
    1920
  ]
}