{
  "orientation": [
    [
      0.9294919967651367,
      0.21943821012973785,
      -0.2964649200439453
    ],
    [
      -0.20925672352313995,
      0.9756261706352234,
      0.06606926023960114
    ],
    [
      0.303737074136734,
      0.0006264313706196845,
      0.9527556896209717
    ]
  ],
  "position": [
    -3.276233434677124,
    -0.7781478762626648,
    -0.5979697704315186
  ],
  "focal_length": 1624.0584716796875,
  "principal_point": [
    601.6626586914062,
    737.2704467773438
  ],
  "skew": 0.0,
  "pixel_aspect_ratio": 1.026161551475525,
  "radial_distortion": [
    0.10470592230558395,
    -0.08767837285995483,
    0.0
  ],
  "tangential_distortion": [
    -0.05374068394303322,
    0.003703630995005369
  ],
  "image_size": [
    1072,
    1920
  ]
}