{
  "orientation": [
    [
      0.9995506405830383,
      0.014900756999850273,
      -0.026010265573859215
    ],
    [
      -0.015117721632122993,
      0.9998523592948914,
      -0.008164891041815281
    ],
    [
      0.025884762406349182,
      0.008554438129067421,
      0.9996283054351807
    ]
  ],
  "position": [
    2.1296164989471436,
    -2.515760660171509,
    -0.7833123803138733
  ],
  "focal_length": 1624.0584716796875,
  "principal_point": [
    601.6626586914062,
    737.2704467773438
  ],
  "skew": 0.0,
  "pixel_aspect_ratio": 1.026161551475525,
  "radial_distortion": [
    0.10470592230558395,
    -0.08767837285995483,
    0.0
  ],
  "tangential_distortion": [
    -0.05374068394303322,
    0.003703630995005369
  ],
  "image_size": [
    1072,
    1920
  ]
}