{
  "orientation": [
    [
      0.9942188858985901,
      -0.052263129502534866,
      0.09379443526268005
    ],
    [
      0.04545116052031517,
      0.9962700605392456,
      0.07334965467453003
    ],
    [
      -0.09727806597948074,
      -0.06866253912448883,
      0.9928858876228333
    ]
  ],
  "position": [
    3.707846164703369,
    -0.5898138284683228,
    -0.6242373585700989
  ],
  "focal_length": 1624.0584716796875,
  "principal_point": [
    601.6626586914062,
    737.2704467773438
  ],
  "skew": 0.0,
  "pixel_aspect_ratio": 1.026161551475525,
  "radial_distortion": [
    0.10470592230558395,
    -0.08767837285995483,
    0.0
  ],
  "tangential_distortion": [
    -0.05374068394303322,
    0.003703630995005369
  ],
  "image_size": [
    1072,
    1920
  ]
}