{
  "orientation": [
    [
      0.9985416531562805,
      -0.053557977080345154,
      -0.006789730861783028
    ],
    [
      0.05387192964553833,
      0.9967024922370911,
      0.06067907437682152
    ],
    [
      0.0035174929071217775,
      -0.060956358909606934,
      0.9981342554092407
    ]
  ],
  "position": [
    1.80784010887146,
    -1.9415578842163086,
    -2.111445426940918
  ],
  "focal_length": 1624.0584716796875,
  "principal_point": [
    601.6626586914062,
    737.2704467773438
  ],
  "skew": 0.0,
  "pixel_aspect_ratio": 1.026161551475525,
  "radial_distortion": [
    0.10470592230558395,
    -0.08767837285995483,
    0.0
  ],
  "tangential_distortion": [
    -0.05374068394303322,
    0.003703630995005369
  ],
  "image_size": [
    1072,
    1920
  ]
}