{
  "orientation": [
    [
      0.9482659101486206,
      0.1792689859867096,
      -0.2620198726654053
    ],
    [
      -0.17421111464500427,
      0.9837861061096191,
      0.042607009410858154
    ],
    [
      0.2654096186161041,
      0.005244002211838961,
      0.9641214609146118
    ]
  ],
  "position": [
    -2.9051406383514404,
    -1.5625646114349365,
    -0.21251481771469116
  ],
  "focal_length": 1624.0584716796875,
  "principal_point": [
    601.6626586914062,
    737.2704467773438
  ],
  "skew": 0.0,
  "pixel_aspect_ratio": 1.026161551475525,
  "radial_distortion": [
    0.10470592230558395,
    -0.08767837285995483,
    0.0
  ],
  "tangential_distortion": [
    -0.05374068394303322,
    0.003703630995005369
  ],
  "image_size": [
    1072,
    1920
  ]
}