{
  "orientation": [
    [
      0.9661026000976562,
      0.143915593624115,
      -0.2143222838640213
    ],
    [
      -0.14943285286426544,
      0.9887244701385498,
      -0.009679818525910378
    ],
    [
      0.21051260828971863,
      0.04137849062681198,
      0.9767150282859802
    ]
  ],
  "position": [
    -1.8092671632766724,
    -2.4408509731292725,
    -0.23794390261173248
  ],
  "focal_length": 1624.0584716796875,
  "principal_point": [
    601.6626586914062,
    737.2704467773438
  ],
  "skew": 0.0,
  "pixel_aspect_ratio": 1.026161551475525,
  "radial_distortion": [
    0.10470592230558395,
    -0.08767837285995483,
    0.0
  ],
  "tangential_distortion": [
    -0.05374068394303322,
    0.003703630995005369
  ],
  "image_size": [
    1072,
    1920
  ]
}