{
  "orientation": [
    [
      0.9831767082214355,
      0.06223979964852333,
      -0.1717258095741272
    ],
    [
      -0.05486273765563965,
      0.9973691701889038,
      0.04737954959273338
    ],
    [
      0.1742229163646698,
      -0.037161119282245636,
      0.9840047955513
    ]
  ],
  "position": [
    -3.7186217308044434,
    -1.4532208442687988,
    -0.07788271456956863
  ],
  "focal_length": 1624.0584716796875,
  "principal_point": [
    601.6626586914062,
    737.2704467773438
  ],
  "skew": 0.0,
  "pixel_aspect_ratio": 1.026161551475525,
  "radial_distortion": [
    0.10470592230558395,
    -0.08767837285995483,
    0.0
  ],
  "tangential_distortion": [
    -0.05374068394303322,
    0.003703630995005369
  ],
  "image_size": [
    1072,
    1920
  ]
}