{
  "orientation": [
    [
      0.9995952844619751,
      -0.025753451511263847,
      -0.012083901092410088
    ],
    [
      0.027262696996331215,
      0.9885552525520325,
      0.14837545156478882
    ],
    [
      0.00812442321330309,
      -0.1486448496580124,
      0.9888572692871094
    ]
  ],
  "position": [
    3.1390936374664307,
    1.9680505990982056,
    -0.9246501922607422
  ],
  "focal_length": 1624.0584716796875,
  "principal_point": [
    601.6626586914062,
    737.2704467773438
  ],
  "skew": 0.0,
  "pixel_aspect_ratio": 1.026161551475525,
  "radial_distortion": [
    0.10470592230558395,
    -0.08767837285995483,
    0.0
  ],
  "tangential_distortion": [
    -0.05374068394303322,
    0.003703630995005369
  ],
  "image_size": [
    1072,
    1920
  ]
}