{
  "orientation": [
    [
      0.9945691227912903,
      -0.04498225077986717,
      0.09385530650615692
    ],
    [
      0.03333831578493118,
      0.9919533729553223,
      0.12213519960641861
    ],
    [
      -0.09859400987625122,
      -0.11834292113780975,
      0.9880658984184265
    ]
  ],
  "position": [
    4.046175003051758,
    2.4094157218933105,
    -0.22807517647743225
  ],
  "focal_length": 1624.0584716796875,
  "principal_point": [
    601.6626586914062,
    737.2704467773438
  ],
  "skew": 0.0,
  "pixel_aspect_ratio": 1.026161551475525,
  "radial_distortion": [
    0.10470592230558395,
    -0.08767837285995483,
    0.0
  ],
  "tangential_distortion": [
    -0.05374068394303322,
    0.003703630995005369
  ],
  "image_size": [
    1072,
    1920
  ]
}