{
  "orientation": [
    [
      0.9989508986473083,
      -0.030085334554314613,
      -0.03452415019273758
    ],
    [
      0.03141101449728012,
      0.9987639784812927,
      0.03852124884724617
    ],
    [
      0.03332255035638809,
      -0.039565276354551315,
      0.9986612200737
    ]
  ],
  "position": [
    0.8385616540908813,
    -2.324200391769409,
    -2.228592872619629
  ],
  "focal_length": 1624.0584716796875,
  "principal_point": [
    601.6626586914062,
    737.2704467773438
  ],
  "skew": 0.0,
  "pixel_aspect_ratio": 1.026161551475525,
  "radial_distortion": [
    0.10470592230558395,
    -0.08767837285995483,
    0.0
  ],
  "tangential_distortion": [
    -0.05374068394303322,
    0.003703630995005369
  ],
  "image_size": [
    1072,
    1920
  ]
}