{
  "orientation": [
    [
      0.9751457571983337,
      0.1180039718747139,
      -0.18752546608448029
    ],
    [
      -0.1247793510556221,
      0.9918769001960754,
      -0.02470402605831623
    ],
    [
      0.18308702111244202,
      0.04748933017253876,
      0.9819490313529968
    ]
  ],
  "position": [
    -1.3430416584014893,
    -2.8675668239593506,
    -0.29769784212112427
  ],
  "focal_length": 1624.0584716796875,
  "principal_point": [
    601.6626586914062,
    737.2704467773438
  ],
  "skew": 0.0,
  "pixel_aspect_ratio": 1.026161551475525,
  "radial_distortion": [
    0.10470592230558395,
    -0.08767837285995483,
    0.0
  ],
  "tangential_distortion": [
    -0.05374068394303322,
    0.003703630995005369
  ],
  "image_size": [
    1072,
    1920
  ]
}