{
  "orientation": [
    [
      0.9764860272407532,
      0.08667535334825516,
      -0.19738896191120148
    ],
    [
      -0.09467026591300964,
      0.9950128793716431,
      -0.03141564130783081
    ],
    [
      0.19368159770965576,
      0.04936379939317703,
      0.9798217415809631
    ]
  ],
  "position": [
    -0.1496494859457016,
    -2.6896677017211914,
    -1.270155429840088
  ],
  "focal_length": 1624.0584716796875,
  "principal_point": [
    601.6626586914062,
    737.2704467773438
  ],
  "skew": 0.0,
  "pixel_aspect_ratio": 1.026161551475525,
  "radial_distortion": [
    0.10470592230558395,
    -0.08767837285995483,
    0.0
  ],
  "tangential_distortion": [
    -0.05374068394303322,
    0.003703630995005369
  ],
  "image_size": [
    1072,
    1920
  ]
}