{
  "orientation": [
    [
      0.9937964081764221,
      -0.0533926822245121,
      0.09755968302488327
    ],
    [
      0.04508409649133682,
      0.995320200920105,
      0.08546975255012512
    ],
    [
      -0.10166658461093903,
      -0.08054114133119583,
      0.9915528297424316
    ]
  ],
  "position": [
    3.9516520500183105,
    -0.01812397874891758,
    -0.4681662619113922
  ],
  "focal_length": 1624.0584716796875,
  "principal_point": [
    601.6626586914062,
    737.2704467773438
  ],
  "skew": 0.0,
  "pixel_aspect_ratio": 1.026161551475525,
  "radial_distortion": [
    0.10470592230558395,
    -0.08767837285995483,
    0.0
  ],
  "tangential_distortion": [
    -0.05374068394303322,
    0.003703630995005369
  ],
  "image_size": [
    1072,
    1920
  ]
}