{
  "orientation": [
    [
      0.995849072933197,
      -0.053693242371082306,
      0.0734962597489357
    ],
    [
      0.05000966042280197,
      0.9974419474601746,
      0.05107494816184044
    ],
    [
      -0.07605063170194626,
      -0.04718741402029991,
      0.9959867596626282
    ]
  ],
  "position": [
    3.2811570167541504,
    -1.2746994495391846,
    -0.7641664743423462
  ],
  "focal_length": 1624.0584716796875,
  "principal_point": [
    601.6626586914062,
    737.2704467773438
  ],
  "skew": 0.0,
  "pixel_aspect_ratio": 1.026161551475525,
  "radial_distortion": [
    0.10470592230558395,
    -0.08767837285995483,
    0.0
  ],
  "tangential_distortion": [
    -0.05374068394303322,
    0.003703630995005369
  ],
  "image_size": [
    1072,
    1920
  ]
}