{
  "orientation": [
    [
      0.942255973815918,
      0.19470302760601044,
      -0.27247828245162964
    ],
    [
      -0.1742502599954605,
      0.9798532724380493,
      0.0975932702422142
    ],
    [
      0.2859904170036316,
      -0.04447842761874199,
      0.9571996331214905
    ]
  ],
  "position": [
    -3.4627838134765625,
    0.7133222222328186,
    -0.2750491499900818
  ],
  "focal_length": 1624.0584716796875,
  "principal_point": [
    601.6626586914062,
    737.2704467773438
  ],
  "skew": 0.0,
  "pixel_aspect_ratio": 1.026161551475525,
  "radial_distortion": [
    0.10470592230558395,
    -0.08767837285995483,
    0.0
  ],
  "tangential_distortion": [
    -0.05374068394303322,
    0.003703630995005369
  ],
  "image_size": [
    1072,
    1920
  ]
}