{
  "orientation": [
    [
      0.9992000460624695,
      -0.039982814341783524,
      0.0008200746960937977
    ],
    [
      0.039398908615112305,
      0.9877100586891174,
      0.15124985575675964
    ],
    [
      -0.006857390981167555,
      -0.15109655261039734,
      0.9884952306747437
    ]
  ],
  "position": [
    3.4227261543273926,
    1.5857926607131958,
    -1.0538815259933472
  ],
  "focal_length": 1624.0584716796875,
  "principal_point": [
    601.6626586914062,
    737.2704467773438
  ],
  "skew": 0.0,
  "pixel_aspect_ratio": 1.026161551475525,
  "radial_distortion": [
    0.10470592230558395,
    -0.08767837285995483,
    0.0
  ],
  "tangential_distortion": [
    -0.05374068394303322,
    0.003703630995005369
  ],
  "image_size": [
    1072,
    1920
  ]
}