{
  "orientation": [
    [
      0.9957109689712524,
      -0.08439065515995026,
      0.03791962191462517
    ],
    [
      0.08025795221328735,
      0.9917705059051514,
      0.09974902868270874
    ],
    [
      -0.04602544754743576,
      -0.09627785533666611,
      0.9942898154258728
    ]
  ],
  "position": [
    3.477404832839966,
    0.00011996537796221673,
    -1.353902816772461
  ],
  "focal_length": 1624.0584716796875,
  "principal_point": [
    601.6626586914062,
    737.2704467773438
  ],
  "skew": 0.0,
  "pixel_aspect_ratio": 1.026161551475525,
  "radial_distortion": [
    0.10470592230558395,
    -0.08767837285995483,
    0.0
  ],
  "tangential_distortion": [
    -0.05374068394303322,
    0.003703630995005369
  ],
  "image_size": [
    1072,
    1920
  ]
}