{
  "orientation": [
    [
      0.9860929846763611,
      0.028303656727075577,
      -0.16376681625843048
    ],
    [
      -0.02301866188645363,
      0.9991539716720581,
      0.03407999128103256
    ],
    [
      0.16459284722805023,
      -0.029836347326636314,
      0.9859102368354797
    ]
  ],
  "position": [
    -3.562335968017578,
    -1.9725728034973145,
    -0.16603867709636688
  ],
  "focal_length": 1624.0584716796875,
  "principal_point": [
    601.6626586914062,
    737.2704467773438
  ],
  "skew": 0.0,
  "pixel_aspect_ratio": 1.026161551475525,
  "radial_distortion": [
    0.10470592230558395,
    -0.08767837285995483,
    0.0
  ],
  "tangential_distortion": [
    -0.05374068394303322,
    0.003703630995005369
  ],
  "image_size": [
    1072,
    1920
  ]
}