{
  "orientation": [
    [
      0.9286986589431763,
      0.22633792459964752,
      -0.29375147819519043
    ],
    [
      -0.19597388803958893,
      0.9720355272293091,
      0.12938767671585083
    ],
    [
      0.3148222267627716,
      -0.06259454041719437,
      0.9470844268798828
    ]
  ],
  "position": [
    -3.954376697540283,
    1.0007140636444092,
    -0.3577084541320801
  ],
  "focal_length": 1624.0584716796875,
  "principal_point": [
    601.6626586914062,
    737.2704467773438
  ],
  "skew": 0.0,
  "pixel_aspect_ratio": 1.026161551475525,
  "radial_distortion": [
    0.10470592230558395,
    -0.08767837285995483,
    0.0
  ],
  "tangential_distortion": [
    -0.05374068394303322,
    0.003703630995005369
  ],
  "image_size": [
    1072,
    1920
  ]
}