{
  "orientation": [
    [
      0.9997231960296631,
      0.008326242677867413,
      -0.022003401070833206
    ],
    [
      -0.004838842432945967,
      0.9880536794662476,
      0.15403398871421814
    ],
    [
      0.02302306517958641,
      -0.1538848727941513,
      0.9878205060958862
    ]
  ],
  "position": [
    2.5649478435516357,
    2.8895199298858643,
    -0.6202171444892883
  ],
  "focal_length": 1624.0584716796875,
  "principal_point": [
    601.6626586914062,
    737.2704467773438
  ],
  "skew": 0.0,
  "pixel_aspect_ratio": 1.026161551475525,
  "radial_distortion": [
    0.10470592230558395,
    -0.08767837285995483,
    0.0
  ],
  "tangential_distortion": [
    -0.05374068394303322,
    0.003703630995005369
  ],
  "image_size": [
    1072,
    1920
  ]
}