{
  "orientation": [
    [
      0.9932864904403687,
      -0.03918232023715973,
      0.10884272307157516
    ],
    [
      0.02898925170302391,
      0.9951781630516052,
      0.0937018096446991
    ],
    [
      -0.11198935657739639,
      -0.08991746604442596,
      0.9896329045295715
    ]
  ],
  "position": [
    4.60878849029541,
    0.8060728311538696,
    -0.33969420194625854
  ],
  "focal_length": 1624.0584716796875,
  "principal_point": [
    601.6626586914062,
    737.2704467773438
  ],
  "skew": 0.0,
  "pixel_aspect_ratio": 1.026161551475525,
  "radial_distortion": [
    0.10470592230558395,
    -0.08767837285995483,
    0.0
  ],
  "tangential_distortion": [
    -0.05374068394303322,
    0.003703630995005369
  ],
  "image_size": [
    1072,
    1920
  ]
}