{
  "orientation": [
    [
      0.9941821694374084,
      -0.052519895136356354,
      0.09404005110263824
    ],
    [
      0.041830189526081085,
      0.9928004145622253,
      0.11223886907100677
    ],
    [
      -0.09925777465105057,
      -0.10765216499567032,
      0.9892213344573975
    ]
  ],
  "position": [
    4.330073356628418,
    1.3672382831573486,
    -0.30562371015548706
  ],
  "focal_length": 1624.0584716796875,
  "principal_point": [
    601.6626586914062,
    737.2704467773438
  ],
  "skew": 0.0,
  "pixel_aspect_ratio": 1.026161551475525,
  "radial_distortion": [
    0.10470592230558395,
    -0.08767837285995483,
    0.0
  ],
  "tangential_distortion": [
    -0.05374068394303322,
    0.003703630995005369
  ],
  "image_size": [
    1072,
    1920
  ]
}