{
  "orientation": [
    [
      0.996761679649353,
      0.015574187971651554,
      -0.07888980209827423
    ],
    [
      -0.013745613396167755,
      0.9996253252029419,
      0.023669123649597168
    ],
    [
      0.07922887057065964,
      -0.022508086636662483,
      0.9966022968292236
    ]
  ],
  "position": [
    -1.7975691556930542,
    -2.434715747833252,
    -1.2163516283035278
  ],
  "focal_length": 1624.0584716796875,
  "principal_point": [
    601.6626586914062,
    737.2704467773438
  ],
  "skew": 0.0,
  "pixel_aspect_ratio": 1.026161551475525,
  "radial_distortion": [
    0.10470592230558395,
    -0.08767837285995483,
    0.0
  ],
  "tangential_distortion": [
    -0.05374068394303322,
    0.003703630995005369
  ],
  "image_size": [
    1072,
    1920
  ]
}