{
  "orientation": [
    [
      0.9887332320213318,
      0.052780427038669586,
      -0.14007452130317688
    ],
    [
      -0.0606459379196167,
      0.9967783093452454,
      -0.05248824506998062
    ],
    [
      0.1368529051542282,
      0.06039182096719742,
      0.9887487888336182
    ]
  ],
  "position": [
    1.116051435470581,
    -2.5237033367156982,
    -1.2532404661178589
  ],
  "focal_length": 1624.0584716796875,
  "principal_point": [
    601.6626586914062,
    737.2704467773438
  ],
  "skew": 0.0,
  "pixel_aspect_ratio": 1.026161551475525,
  "radial_distortion": [
    0.10470592230558395,
    -0.08767837285995483,
    0.0
  ],
  "tangential_distortion": [
    -0.05374068394303322,
    0.003703630995005369
  ],
  "image_size": [
    1072,
    1920
  ]
}