{
  "orientation": [
    [
      0.9982413053512573,
      0.02626139298081398,
      0.05314772576093674
    ],
    [
      -0.03467249497771263,
      0.985832154750824,
      0.1641121804714203
    ],
    [
      -0.04808491840958595,
      -0.16566632688045502,
      0.9850088953971863
    ]
  ],
  "position": [
    3.2738022804260254,
    3.7840161323547363,
    -0.16021738946437836
  ],
  "focal_length": 1624.0584716796875,
  "principal_point": [
    601.6626586914062,
    737.2704467773438
  ],
  "skew": 0.0,
  "pixel_aspect_ratio": 1.026161551475525,
  "radial_distortion": [
    0.10470592230558395,
    -0.08767837285995483,
    0.0
  ],
  "tangential_distortion": [
    -0.05374068394303322,
    0.003703630995005369
  ],
  "image_size": [
    1072,
    1920
  ]
}