{
  "orientation": [
    [
      0.997485876083374,
      0.03918472304940224,
      -0.059046726673841476
    ],
    [
      -0.02916133590042591,
      0.9863681793212891,
      0.1619487851858139
    ],
    [
      0.06458772718906403,
      -0.15981973707675934,
      0.985031008720398
    ]
  ],
  "position": [
    1.012558937072754,
    3.450192928314209,
    -0.2954872250556946
  ],
  "focal_length": 1624.0584716796875,
  "principal_point": [
    601.6626586914062,
    737.2704467773438
  ],
  "skew": 0.0,
  "pixel_aspect_ratio": 1.026161551475525,
  "radial_distortion": [
    0.10470592230558395,
    -0.08767837285995483,
    0.0
  ],
  "tangential_distortion": [
    -0.05374068394303322,
    0.003703630995005369
  ],
  "image_size": [
    1072,
    1920
  ]
}