{
  "orientation": [
    [
      0.9965137839317322,
      0.024421630427241325,
      -0.07977358251810074
    ],
    [
      -0.028763961046934128,
      0.998140275478363,
      -0.05374550074338913
    ],
    [
      0.07831267267465591,
      0.0558527372777462,
      0.9953630566596985
    ]
  ],
  "position": [
    2.26828932762146,
    -2.0849356651306152,
    -1.1817623376846313
  ],
  "focal_length": 1624.0584716796875,
  "principal_point": [
    601.6626586914062,
    737.2704467773438
  ],
  "skew": 0.0,
  "pixel_aspect_ratio": 1.026161551475525,
  "radial_distortion": [
    0.10470592230558395,
    -0.08767837285995483,
    0.0
  ],
  "tangential_distortion": [
    -0.05374068394303322,
    0.003703630995005369
  ],
  "image_size": [
    1072,
    1920
  ]
}