{
  "orientation": [
    [
      0.9980328679084778,
      0.011571432463824749,
      -0.06161576136946678
    ],
    [
      -0.009887649677693844,
      0.9995712041854858,
      0.02756229043006897
    ],
    [
      0.06190827488899231,
      -0.026898836717009544,
      0.9977192878723145
    ]
  ],
  "position": [
    -1.1027296781539917,
    -2.465035915374756,
    -1.619721531867981
  ],
  "focal_length": 1624.0584716796875,
  "principal_point": [
    601.6626586914062,
    737.2704467773438
  ],
  "skew": 0.0,
  "pixel_aspect_ratio": 1.026161551475525,
  "radial_distortion": [
    0.10470592230558395,
    -0.08767837285995483,
    0.0
  ],
  "tangential_distortion": [
    -0.05374068394303322,
    0.003703630995005369
  ],
  "image_size": [
    1072,
    1920
  ]
}