{
  "orientation": [
    [
      0.9997803568840027,
      -0.010510888881981373,
      -0.018131442368030548
    ],
    [
      0.013173781335353851,
      0.9880390167236328,
      0.1536402553319931
    ],
    [
      0.016299676150083542,
      -0.15384536981582642,
      0.9879604578018188
    ]
  ],
  "position": [
    2.8939597606658936,
    2.5135247707366943,
    -0.7299278974533081
  ],
  "focal_length": 1624.0584716796875,
  "principal_point": [
    601.6626586914062,
    737.2704467773438
  ],
  "skew": 0.0,
  "pixel_aspect_ratio": 1.026161551475525,
  "radial_distortion": [
    0.10470592230558395,
    -0.08767837285995483,
    0.0
  ],
  "tangential_distortion": [
    -0.05374068394303322,
    0.003703630995005369
  ],
  "image_size": [
    1072,
    1920
  ]
}