{
  "orientation": [
    [
      0.997859001159668,
      -0.06535983830690384,
      0.0023352676071226597
    ],
    [
      0.06501694023609161,
      0.9952250719070435,
      0.07280029356479645
    ],
    [
      -0.007082332856953144,
      -0.07249259948730469,
      0.9973437786102295
    ]
  ],
  "position": [
    2.1585073471069336,
    -1.5228577852249146,
    -1.8429938554763794
  ],
  "focal_length": 1624.0584716796875,
  "principal_point": [
    601.6626586914062,
    737.2704467773438
  ],
  "skew": 0.0,
  "pixel_aspect_ratio": 1.026161551475525,
  "radial_distortion": [
    0.10470592230558395,
    -0.08767837285995483,
    0.0
  ],
  "tangential_distortion": [
    -0.05374068394303322,
    0.003703630995005369
  ],
  "image_size": [
    1072,
    1920
  ]
}