{
  "orientation": [
    [
      0.9984248876571655,
      0.055837877094745636,
      -0.005469421856105328
    ],
    [
      -0.05395751819014549,
      0.9823472499847412,
      0.17911580204963684
    ],
    [
      0.015374317765235901,
      -0.17853854596614838,
      0.9838128089904785
    ]
  ],
  "position": [
    2.2724950313568115,
    3.9471633434295654,
    -0.27791470289230347
  ],
  "focal_length": 1624.0584716796875,
  "principal_point": [
    601.6626586914062,
    737.2704467773438
  ],
  "skew": 0.0,
  "pixel_aspect_ratio": 1.026161551475525,
  "radial_distortion": [
    0.10470592230558395,
    -0.08767837285995483,
    0.0
  ],
  "tangential_distortion": [
    -0.05374068394303322,
    0.003703630995005369
  ],
  "image_size": [
    1072,
    1920
  ]
}