{
  "orientation": [
    [
      0.9759792685508728,
      0.12984788417816162,
      -0.1749401092529297
    ],
    [
      -0.10533956438302994,
      0.9841325283050537,
      0.14278200268745422
    ],
    [
      0.19070419669151306,
      -0.12092415988445282,
      0.9741710424423218
    ]
  ],
  "position": [
    -1.74899423122406,
    2.704908847808838,
    0.09716032445430756
  ],
  "focal_length": 1624.0584716796875,
  "principal_point": [
    601.6626586914062,
    737.2704467773438
  ],
  "skew": 0.0,
  "pixel_aspect_ratio": 1.026161551475525,
  "radial_distortion": [
    0.10470592230558395,
    -0.08767837285995483,
    0.0
  ],
  "tangential_distortion": [
    -0.05374068394303322,
    0.003703630995005369
  ],
  "image_size": [
    1072,
    1920
  ]
}