{
  "orientation": [
    [
      0.9973298907279968,
      0.007907898165285587,
      0.07259848713874817
    ],
    [
      -0.01897873915731907,
      0.9880284070968628,
      0.15310008823871613
    ],
    [
      -0.07051866501569748,
      -0.15406912565231323,
      0.9855403900146484
    ]
  ],
  "position": [
    3.544074773788452,
    3.5847530364990234,
    -0.11750420182943344
  ],
  "focal_length": 1624.0584716796875,
  "principal_point": [
    601.6626586914062,
    737.2704467773438
  ],
  "skew": 0.0,
  "pixel_aspect_ratio": 1.026161551475525,
  "radial_distortion": [
    0.10470592230558395,
    -0.08767837285995483,
    0.0
  ],
  "tangential_distortion": [
    -0.05374068394303322,
    0.003703630995005369
  ],
  "image_size": [
    1072,
    1920
  ]
}