{
  "orientation": [
    [
      0.9374296069145203,
      0.20580999553203583,
      -0.28083452582359314
    ],
    [
      -0.1645781546831131,
      0.9727196097373962,
      0.16349485516548157
    ],
    [
      0.30682212114334106,
      -0.10704568028450012,
      0.9457280039787292
    ]
  ],
  "position": [
    -3.7550835609436035,
    2.062262535095215,
    -0.19517290592193604
  ],
  "focal_length": 1624.0584716796875,
  "principal_point": [
    601.6626586914062,
    737.2704467773438
  ],
  "skew": 0.0,
  "pixel_aspect_ratio": 1.026161551475525,
  "radial_distortion": [
    0.10470592230558395,
    -0.08767837285995483,
    0.0
  ],
  "tangential_distortion": [
    -0.05374068394303322,
    0.003703630995005369
  ],
  "image_size": [
    1072,
    1920
  ]
}