{
  "orientation": [
    [
      0.9975139498710632,
      0.032669201493263245,
      -0.062439464032649994
    ],
    [
      -0.035472337156534195,
      0.9983872175216675,
      -0.04432512819766998
    ],
    [
      0.060890693217515945,
      0.04642980545759201,
      0.9970639944076538
    ]
  ],
  "position": [
    1.5229853391647339,
    -3.131059408187866,
    -0.6624066829681396
  ],
  "focal_length": 1624.0584716796875,
  "principal_point": [
    601.6626586914062,
    737.2704467773438
  ],
  "skew": 0.0,
  "pixel_aspect_ratio": 1.026161551475525,
  "radial_distortion": [
    0.10470592230558395,
    -0.08767837285995483,
    0.0
  ],
  "tangential_distortion": [
    -0.05374068394303322,
    0.003703630995005369
  ],
  "image_size": [
    1072,
    1920
  ]
}