{
  "orientation": [
    [
      0.9847754836082458,
      0.04961900785565376,
      -0.16659893095493317
    ],
    [
      -0.04255283251404762,
      0.9980474710464478,
      0.04572141543030739
    ],
    [
      0.1685422956943512,
      -0.037936072796583176,
      0.98496413230896
    ]
  ],
  "position": [
    -3.592439889907837,
    -1.6532316207885742,
    -0.17437265813350677
  ],
  "focal_length": 1624.0584716796875,
  "principal_point": [
    601.6626586914062,
    737.2704467773438
  ],
  "skew": 0.0,
  "pixel_aspect_ratio": 1.026161551475525,
  "radial_distortion": [
    0.10470592230558395,
    -0.08767837285995483,
    0.0
  ],
  "tangential_distortion": [
    -0.05374068394303322,
    0.003703630995005369
  ],
  "image_size": [
    1072,
    1920
  ]
}