{
  "orientation": [
    [
      0.9986615180969238,
      0.03045034408569336,
      -0.04180866852402687
    ],
    [
      -0.023351099342107773,
      0.9867002964019775,
      0.1608642041683197
    ],
    [
      0.046150997281074524,
      -0.15967261791229248,
      0.9860906600952148
    ]
  ],
  "position": [
    1.5849626064300537,
    3.4007179737091064,
    -0.3414713442325592
  ],
  "focal_length": 1624.0584716796875,
  "principal_point": [
    601.6626586914062,
    737.2704467773438
  ],
  "skew": 0.0,
  "pixel_aspect_ratio": 1.026161551475525,
  "radial_distortion": [
    0.10470592230558395,
    -0.08767837285995483,
    0.0
  ],
  "tangential_distortion": [
    -0.05374068394303322,
    0.003703630995005369
  ],
  "image_size": [
    1072,
    1920
  ]
}