{
  "orientation": [
    [
      0.9970076084136963,
      -0.06568414717912674,
      0.04076108708977699
    ],
    [
      0.06024846062064171,
      0.9906183481216431,
      0.12265989184379578
    ],
    [
      -0.04843549057841301,
      -0.11983704566955566,
      0.9916113615036011
    ]
  ],
  "position": [
    3.773667097091675,
    0.38842299580574036,
    -1.3870384693145752
  ],
  "focal_length": 1624.0584716796875,
  "principal_point": [
    601.6626586914062,
    737.2704467773438
  ],
  "skew": 0.0,
  "pixel_aspect_ratio": 1.026161551475525,
  "radial_distortion": [
    0.10470592230558395,
    -0.08767837285995483,
    0.0
  ],
  "tangential_distortion": [
    -0.05374068394303322,
    0.003703630995005369
  ],
  "image_size": [
    1072,
    1920
  ]
}