{
  "orientation": [
    [
      0.9979279637336731,
      -0.0633588507771492,
      0.01119745709002018
    ],
    [
      0.0610293373465538,
      0.9872357845306396,
      0.14710839092731476
    ],
    [
      -0.020375149324536324,
      -0.14612022042274475,
      0.9890570044517517
    ]
  ],
  "position": [
    3.4444568157196045,
    1.0366737842559814,
    -1.280949592590332
  ],
  "focal_length": 1624.0584716796875,
  "principal_point": [
    601.6626586914062,
    737.2704467773438
  ],
  "skew": 0.0,
  "pixel_aspect_ratio": 1.026161551475525,
  "radial_distortion": [
    0.10470592230558395,
    -0.08767837285995483,
    0.0
  ],
  "tangential_distortion": [
    -0.05374068394303322,
    0.003703630995005369
  ],
  "image_size": [
    1072,
    1920
  ]
}