{
  "orientation": [
    [
      0.9603605270385742,
      0.1391768455505371,
      -0.2415315955877304
    ],
    [
      -0.1400001496076584,
      0.9900547862052917,
      0.013837061822414398
    ],
    [
      0.24105530977249146,
      0.020525893196463585,
      0.9702942967414856
    ]
  ],
  "position": [
    -1.738295316696167,
    -2.3838770389556885,
    -1.0471690893173218
  ],
  "focal_length": 1624.0584716796875,
  "principal_point": [
    601.6626586914062,
    737.2704467773438
  ],
  "skew": 0.0,
  "pixel_aspect_ratio": 1.026161551475525,
  "radial_distortion": [
    0.10470592230558395,
    -0.08767837285995483,
    0.0
  ],
  "tangential_distortion": [
    -0.05374068394303322,
    0.003703630995005369
  ],
  "image_size": [
    1072,
    1920
  ]
}