{
  "orientation": [
    [
      0.9906094074249268,
      0.016546502709388733,
      -0.1357174515724182
    ],
    [
      -0.01323886401951313,
      0.9995937943458557,
      0.025238003581762314
    ],
    [
      0.13607992231845856,
      -0.02320425771176815,
      0.9904260635375977
    ]
  ],
  "position": [
    -3.0523595809936523,
    -2.3018150329589844,
    -0.5951234698295593
  ],
  "focal_length": 1624.0584716796875,
  "principal_point": [
    601.6626586914062,
    737.2704467773438
  ],
  "skew": 0.0,
  "pixel_aspect_ratio": 1.026161551475525,
  "radial_distortion": [
    0.10470592230558395,
    -0.08767837285995483,
    0.0
  ],
  "tangential_distortion": [
    -0.05374068394303322,
    0.003703630995005369
  ],
  "image_size": [
    1072,
    1920
  ]
}