{
  "orientation": [
    [
      0.9469907879829407,
      0.18071112036705017,
      -0.26561617851257324
    ],
    [
      -0.1543586254119873,
      0.981048047542572,
      0.11712423712015152
    ],
    [
      0.28174787759780884,
      -0.06991542130708694,
      0.9569377899169922
    ]
  ],
  "position": [
    -3.26324725151062,
    1.4854905605316162,
    0.03245561942458153
  ],
  "focal_length": 1624.0584716796875,
  "principal_point": [
    601.6626586914062,
    737.2704467773438
  ],
  "skew": 0.0,
  "pixel_aspect_ratio": 1.026161551475525,
  "radial_distortion": [
    0.10470592230558395,
    -0.08767837285995483,
    0.0
  ],
  "tangential_distortion": [
    -0.05374068394303322,
    0.003703630995005369
  ],
  "image_size": [
    1072,
    1920
  ]
}