{
  "orientation": [
    [
      0.9968453645706177,
      -0.06910112500190735,
      0.03904317319393158
    ],
    [
      0.06928220391273499,
      0.9975916147232056,
      -0.003302592784166336
    ],
    [
      -0.038720931857824326,
      0.005997171625494957,
      0.9992320537567139
    ]
  ],
  "position": [
    3.7945640087127686,
    -0.365997314453125,
    -0.5528134703636169
  ],
  "focal_length": 1624.0584716796875,
  "principal_point": [
    601.6626586914062,
    737.2704467773438
  ],
  "skew": 0.0,
  "pixel_aspect_ratio": 1.026161551475525,
  "radial_distortion": [
    0.10470592230558395,
    -0.08767837285995483,
    0.0
  ],
  "tangential_distortion": [
    -0.05374068394303322,
    0.003703630995005369
  ],
  "image_size": [
    1072,
    1920
  ]
}