{
  "orientation": [
    [
      0.9933277368545532,
      0.0987100750207901,
      -0.05963478609919548
    ],
    [
      -0.08601786941289902,
      0.9785849452018738,
      0.18700921535491943
    ],
    [
      0.07681739330291748,
      -0.18063178658485413,
      0.9805464148521423
    ]
  ],
  "position": [
    0.4997449815273285,
    4.044121265411377,
    -0.2491687685251236
  ],
  "focal_length": 1624.0584716796875,
  "principal_point": [
    601.6626586914062,
    737.2704467773438
  ],
  "skew": 0.0,
  "pixel_aspect_ratio": 1.026161551475525,
  "radial_distortion": [
    0.10470592230558395,
    -0.08767837285995483,
    0.0
  ],
  "tangential_distortion": [
    -0.05374068394303322,
    0.003703630995005369
  ],
  "image_size": [
    1072,
    1920
  ]
}