{
  "orientation": [
    [
      0.9959115982055664,
      0.05050193890929222,
      -0.07489752769470215
    ],
    [
      -0.03736196085810661,
      0.9851676225662231,
      0.16747771203517914
    ],
    [
      0.08224456757307053,
      -0.1639946699142456,
      0.9830267429351807
    ]
  ],
  "position": [
    0.5038982629776001,
    3.491665840148926,
    -0.15705445408821106
  ],
  "focal_length": 1624.0584716796875,
  "principal_point": [
    601.6626586914062,
    737.2704467773438
  ],
  "skew": 0.0,
  "pixel_aspect_ratio": 1.026161551475525,
  "radial_distortion": [
    0.10470592230558395,
    -0.08767837285995483,
    0.0
  ],
  "tangential_distortion": [
    -0.05374068394303322,
    0.003703630995005369
  ],
  "image_size": [
    1072,
    1920
  ]
}