{
  "orientation": [
    [
      0.9950537085533142,
      0.01938147097826004,
      -0.09742944687604904
    ],
    [
      -0.017355214804410934,
      0.9996160268783569,
      0.021601863205432892
    ],
    [
      0.09781070798635483,
      -0.019804105162620544,
      0.9950079917907715
    ]
  ],
  "position": [
    -2.3829498291015625,
    -2.3481528759002686,
    -0.8106966614723206
  ],
  "focal_length": 1624.0584716796875,
  "principal_point": [
    601.6626586914062,
    737.2704467773438
  ],
  "skew": 0.0,
  "pixel_aspect_ratio": 1.026161551475525,
  "radial_distortion": [
    0.10470592230558395,
    -0.08767837285995483,
    0.0
  ],
  "tangential_distortion": [
    -0.05374068394303322,
    0.003703630995005369
  ],
  "image_size": [
    1072,
    1920
  ]
}