{
  "orientation": [
    [
      0.9814685583114624,
      0.10911846905946732,
      -0.15752017498016357
    ],
    [
      -0.08447268605232239,
      0.9842223525047302,
      0.15546932816505432
    ],
    [
      0.17199945449829102,
      -0.13928210735321045,
      0.9752008318901062
    ]
  ],
  "position": [
    -1.2761154174804688,
    2.9993786811828613,
    0.06766270846128464
  ],
  "focal_length": 1624.0584716796875,
  "principal_point": [
    601.6626586914062,
    737.2704467773438
  ],
  "skew": 0.0,
  "pixel_aspect_ratio": 1.026161551475525,
  "radial_distortion": [
    0.10470592230558395,
    -0.08767837285995483,
    0.0
  ],
  "tangential_distortion": [
    -0.05374068394303322,
    0.003703630995005369
  ],
  "image_size": [
    1072,
    1920
  ]
}