{
  "orientation": [
    [
      0.9954869747161865,
      -0.09025809913873672,
      0.029311908408999443
    ],
    [
      0.08721696585416794,
      0.9919077754020691,
      0.09226132929325104
    ],
    [
      -0.037402041256427765,
      -0.08928845077753067,
      0.9953032732009888
    ]
  ],
  "position": [
    3.1369149684906006,
    -0.3289022445678711,
    -1.3770530223846436
  ],
  "focal_length": 1624.0584716796875,
  "principal_point": [
    601.6626586914062,
    737.2704467773438
  ],
  "skew": 0.0,
  "pixel_aspect_ratio": 1.026161551475525,
  "radial_distortion": [
    0.10470592230558395,
    -0.08767837285995483,
    0.0
  ],
  "tangential_distortion": [
    -0.05374068394303322,
    0.003703630995005369
  ],
  "image_size": [
    1072,
    1920
  ]
}