{
  "orientation": [
    [
      0.9977037310600281,
      -0.04824114218354225,
      0.04754016548395157
    ],
    [
      0.046304065734148026,
      0.9980840682983398,
      0.04103845730423927
    ],
    [
      -0.04942882061004639,
      -0.03874291852116585,
      0.9980259537696838
    ]
  ],
  "position": [
    2.823155403137207,
    -1.689457893371582,
    -0.8171771764755249
  ],
  "focal_length": 1624.0584716796875,
  "principal_point": [
    601.6626586914062,
    737.2704467773438
  ],
  "skew": 0.0,
  "pixel_aspect_ratio": 1.026161551475525,
  "radial_distortion": [
    0.10470592230558395,
    -0.08767837285995483,
    0.0
  ],
  "tangential_distortion": [
    -0.05374068394303322,
    0.003703630995005369
  ],
  "image_size": [
    1072,
    1920
  ]
}