{
  "orientation": [
    [
      0.998889684677124,
      -0.019575724378228188,
      -0.04285126179456711
    ],
    [
      0.021065834909677505,
      0.9991790652275085,
      0.034603193402290344
    ],
    [
      0.04213870316743851,
      -0.035467468202114105,
      0.9984820485115051
    ]
  ],
  "position": [
    0.17113526165485382,
    -2.4315242767333984,
    -2.126854419708252
  ],
  "focal_length": 1624.0584716796875,
  "principal_point": [
    601.6626586914062,
    737.2704467773438
  ],
  "skew": 0.0,
  "pixel_aspect_ratio": 1.026161551475525,
  "radial_distortion": [
    0.10470592230558395,
    -0.08767837285995483,
    0.0
  ],
  "tangential_distortion": [
    -0.05374068394303322,
    0.003703630995005369
  ],
  "image_size": [
    1072,
    1920
  ]
}