{
  "orientation": [
    [
      0.9961768388748169,
      -0.08424217998981476,
      0.023129625245928764
    ],
    [
      0.08199644833803177,
      0.9929910898208618,
      0.08511899411678314
    ],
    [
      -0.03013812191784382,
      -0.08289702236652374,
      0.9961022734642029
    ]
  ],
  "position": [
    2.8666133880615234,
    -0.7208547592163086,
    -1.4637906551361084
  ],
  "focal_length": 1624.0584716796875,
  "principal_point": [
    601.6626586914062,
    737.2704467773438
  ],
  "skew": 0.0,
  "pixel_aspect_ratio": 1.026161551475525,
  "radial_distortion": [
    0.10470592230558395,
    -0.08767837285995483,
    0.0
  ],
  "tangential_distortion": [
    -0.05374068394303322,
    0.003703630995005369
  ],
  "image_size": [
    1072,
    1920
  ]
}