{
  "orientation": [
    [
      0.9413226842880249,
      0.21348093450069427,
      -0.261414498090744
    ],
    [
      -0.19664575159549713,
      0.9764023423194885,
      0.08926885575056076
    ],
    [
      0.2743028998374939,
      -0.032624751329422,
      0.9610897898674011
    ]
  ],
  "position": [
    -3.392951250076294,
    -0.6856918334960938,
    -0.33064574003219604
  ],
  "focal_length": 1624.0584716796875,
  "principal_point": [
    601.6626586914062,
    737.2704467773438
  ],
  "skew": 0.0,
  "pixel_aspect_ratio": 1.026161551475525,
  "radial_distortion": [
    0.10470592230558395,
    -0.08767837285995483,
    0.0
  ],
  "tangential_distortion": [
    -0.05374068394303322,
    0.003703630995005369
  ],
  "image_size": [
    1072,
    1920
  ]
}