{
  "orientation": [
    [
      0.9939620494842529,
      -0.05471520870923996,
      0.09510888159275055
    ],
    [
      0.04339239001274109,
      0.9921493530273438,
      0.11728943884372711
    ],
    [
      -0.10077972710132599,
      -0.11245424300432205,
      0.9885330200195312
    ]
  ],
  "position": [
    4.226286888122559,
    1.9147546291351318,
    -0.2988217771053314
  ],
  "focal_length": 1624.0584716796875,
  "principal_point": [
    601.6626586914062,
    737.2704467773438
  ],
  "skew": 0.0,
  "pixel_aspect_ratio": 1.026161551475525,
  "radial_distortion": [
    0.10470592230558395,
    -0.08767837285995483,
    0.0
  ],
  "tangential_distortion": [
    -0.05374068394303322,
    0.003703630995005369
  ],
  "image_size": [
    1072,
    1920
  ]
}