{
  "orientation": [
    [
      0.9835962653160095,
      0.10505279153585434,
      -0.1466367542743683
    ],
    [
      -0.10918131470680237,
      0.9938130378723145,
      -0.020373405888676643
    ],
    [
      0.14358924329280853,
      0.03604919835925102,
      0.9889805912971497
    ]
  ],
  "position": [
    -0.5498282313346863,
    -2.7179665565490723,
    -0.31571313738822937
  ],
  "focal_length": 1624.0584716796875,
  "principal_point": [
    601.6626586914062,
    737.2704467773438
  ],
  "skew": 0.0,
  "pixel_aspect_ratio": 1.026161551475525,
  "radial_distortion": [
    0.10470592230558395,
    -0.08767837285995483,
    0.0
  ],
  "tangential_distortion": [
    -0.05374068394303322,
    0.003703630995005369
  ],
  "image_size": [
    1072,
    1920
  ]
}