{
  "orientation": [
    [
      0.9984394907951355,
      -0.0479399748146534,
      0.028640735894441605
    ],
    [
      0.04835241287946701,
      0.9987338185310364,
      -0.013885374180972576
    ],
    [
      -0.027938807383179665,
      0.015248555690050125,
      0.9994933009147644
    ]
  ],
  "position": [
    3.6534337997436523,
    -0.74627685546875,
    -0.6336357593536377
  ],
  "focal_length": 1624.0584716796875,
  "principal_point": [
    601.6626586914062,
    737.2704467773438
  ],
  "skew": 0.0,
  "pixel_aspect_ratio": 1.026161551475525,
  "radial_distortion": [
    0.10470592230558395,
    -0.08767837285995483,
    0.0
  ],
  "tangential_distortion": [
    -0.05374068394303322,
    0.003703630995005369
  ],
  "image_size": [
    1072,
    1920
  ]
}