{
  "orientation": [
    [
      0.9632997512817383,
      0.1690843403339386,
      -0.20848050713539124
    ],
    [
      -0.14259488880634308,
      0.9803606867790222,
      0.13623347878456116
    ],
    [
      0.22742104530334473,
      -0.10150542110204697,
      0.968491792678833
    ]
  ],
  "position": [
    -2.4805102348327637,
    2.213409423828125,
    0.07368960231542587
  ],
  "focal_length": 1624.0584716796875,
  "principal_point": [
    601.6626586914062,
    737.2704467773438
  ],
  "skew": 0.0,
  "pixel_aspect_ratio": 1.026161551475525,
  "radial_distortion": [
    0.10470592230558395,
    -0.08767837285995483,
    0.0
  ],
  "tangential_distortion": [
    -0.05374068394303322,
    0.003703630995005369
  ],
  "image_size": [
    1072,
    1920
  ]
}