{
  "orientation": [
    [
      0.9994128346443176,
      -0.012029279954731464,
      0.032082997262477875
    ],
    [
      0.011624990962445736,
      0.9998510479927063,
      0.012758267112076283
    ],
    [
      -0.03223169222474098,
      -0.012377811595797539,
      0.9994037747383118
    ]
  ],
  "position": [
    4.163572311401367,
    -1.967417597770691,
    -2.035734176635742
  ],
  "focal_length": 1624.0584716796875,
  "principal_point": [
    601.6626586914062,
    737.2704467773438
  ],
  "skew": 0.0,
  "pixel_aspect_ratio": 1.026161551475525,
  "radial_distortion": [
    0.10470592230558395,
    -0.08767837285995483,
    0.0
  ],
  "tangential_distortion": [
    -0.05374068394303322,
    0.003703630995005369
  ],
  "image_size": [
    1072,
    1920
  ]
}