{
  "orientation": [
    [
      0.9865376949310303,
      -0.12250342965126038,
      0.10833405703306198
    ],
    [
      0.11760183423757553,
      0.9917730689048767,
      0.050556257367134094
    ],
    [
      -0.11363611370325089,
      -0.03713537007570267,
      0.9928281903266907
    ]
  ],
  "position": [
    3.4223432540893555,
    -0.8068273067474365,
    0.45416176319122314
  ],
  "focal_length": 1624.0584716796875,
  "principal_point": [
    601.6626586914062,
    737.2704467773438
  ],
  "skew": 0.0,
  "pixel_aspect_ratio": 1.026161551475525,
  "radial_distortion": [
    0.10470592230558395,
    -0.08767837285995483,
    0.0
  ],
  "tangential_distortion": [
    -0.05374068394303322,
    0.003703630995005369
  ],
  "image_size": [
    1072,
    1920
  ]
}