{
  "orientation": [
    [
      0.9584094882011414,
      0.17489668726921082,
      -0.22552701830863953
    ],
    [
      -0.1434393674135208,
      0.9783554077148438,
      0.1491505354642868
    ],
    [
      0.24673150479793549,
      -0.11059783399105072,
      0.9627521634101868
    ]
  ],
  "position": [
    -2.151261806488037,
    1.464931607246399,
    -0.3852566182613373
  ],
  "focal_length": 1624.0584716796875,
  "principal_point": [
    601.6626586914062,
    737.2704467773438
  ],
  "skew": 0.0,
  "pixel_aspect_ratio": 1.026161551475525,
  "radial_distortion": [
    0.10470592230558395,
    -0.08767837285995483,
    0.0
  ],
  "tangential_distortion": [
    -0.05374068394303322,
    0.003703630995005369
  ],
  "image_size": [
    1072,
    1920
  ]
}