{
  "orientation": [
    [
      0.9891112446784973,
      -0.10528184473514557,
      0.10283341258764267
    ],
    [
      0.10334000736474991,
      0.9943553805351257,
      0.02404669299721718
    ],
    [
      -0.10478463768959045,
      -0.013158049434423447,
      0.9944078922271729
    ]
  ],
  "position": [
    3.2165322303771973,
    -1.634948492050171,
    0.5037693977355957
  ],
  "focal_length": 1624.0584716796875,
  "principal_point": [
    601.6626586914062,
    737.2704467773438
  ],
  "skew": 0.0,
  "pixel_aspect_ratio": 1.026161551475525,
  "radial_distortion": [
    0.10470592230558395,
    -0.08767837285995483,
    0.0
  ],
  "tangential_distortion": [
    -0.05374068394303322,
    0.003703630995005369
  ],
  "image_size": [
    1072,
    1920
  ]
}