{
  "orientation": [
    [
      0.9955007433891296,
      0.04435878247022629,
      -0.08372912555932999
    ],
    [
      -0.046828046441078186,
      0.9985171556472778,
      -0.02776033617556095
    ],
    [
      0.08237355202436447,
      0.031556304544210434,
      0.9961017966270447
    ]
  ],
  "position": [
    1.9121079444885254,
    -3.153127908706665,
    -2.161792516708374
  ],
  "focal_length": 1624.0584716796875,
  "principal_point": [
    601.6626586914062,
    737.2704467773438
  ],
  "skew": 0.0,
  "pixel_aspect_ratio": 1.026161551475525,
  "radial_distortion": [
    0.10470592230558395,
    -0.08767837285995483,
    0.0
  ],
  "tangential_distortion": [
    -0.05374068394303322,
    0.003703630995005369
  ],
  "image_size": [
    1072,
    1920
  ]
}