{
  "orientation": [
    [
      0.9988276362419128,
      0.03583778813481331,
      -0.03254217281937599
    ],
    [
      -0.038094695657491684,
      0.9967049956321716,
      -0.07160971313714981
    ],
    [
      0.029868613928556442,
      0.07276543974876404,
      0.9969017505645752
    ]
  ],
  "position": [
    0.021227829158306122,
    -2.99162220954895,
    0.37584811449050903
  ],
  "focal_length": 1624.0584716796875,
  "principal_point": [
    601.6626586914062,
    737.2704467773438
  ],
  "skew": 0.0,
  "pixel_aspect_ratio": 1.026161551475525,
  "radial_distortion": [
    0.10470592230558395,
    -0.08767837285995483,
    0.0
  ],
  "tangential_distortion": [
    -0.05374068394303322,
    0.003703630995005369
  ],
  "image_size": [
    1072,
    1920
  ]
}