{
  "orientation": [
    [
      0.9994702935218811,
      -0.006932747550308704,
      0.03179686889052391
    ],
    [
      0.0041569313034415245,
      0.9962390661239624,
      0.08654765784740448
    ],
    [
      -0.032277293503284454,
      -0.08636963367462158,
      0.9957401752471924
    ]
  ],
  "position": [
    3.4168295860290527,
    2.160951614379883,
    -0.3895174264907837
  ],
  "focal_length": 1624.0584716796875,
  "principal_point": [
    601.6626586914062,
    737.2704467773438
  ],
  "skew": 0.0,
  "pixel_aspect_ratio": 1.026161551475525,
  "radial_distortion": [
    0.10470592230558395,
    -0.08767837285995483,
    0.0
  ],
  "tangential_distortion": [
    -0.05374068394303322,
    0.003703630995005369
  ],
  "image_size": [
    1072,
    1920
  ]
}