{
  "orientation": [
    [
      0.9996745586395264,
      -0.025176936760544777,
      0.004106219857931137
    ],
    [
      0.025368478149175644,
      0.9980883002281189,
      -0.056357432156801224
    ],
    [
      -0.002679462544620037,
      0.056443262845277786,
      0.9984022378921509
    ]
  ],
  "position": [
    1.429672360420227,
    -2.597417116165161,
    0.4902362525463104
  ],
  "focal_length": 1624.0584716796875,
  "principal_point": [
    601.6626586914062,
    737.2704467773438
  ],
  "skew": 0.0,
  "pixel_aspect_ratio": 1.026161551475525,
  "radial_distortion": [
    0.10470592230558395,
    -0.08767837285995483,
    0.0
  ],
  "tangential_distortion": [
    -0.05374068394303322,
    0.003703630995005369
  ],
  "image_size": [
    1072,
    1920
  ]
}