{
  "orientation": [
    [
      0.9407212138175964,
      0.21768219769001007,
      -0.26011157035827637
    ],
    [
      -0.211479052901268,
      0.9760004281997681,
      0.05195881426334381
    ],
    [
      0.26517951488494873,
      0.006129387300461531,
      0.9641795754432678
    ]
  ],
  "position": [
    -3.2005887031555176,
    -0.4365907609462738,
    1.0113165378570557
  ],
  "focal_length": 1624.0584716796875,
  "principal_point": [
    601.6626586914062,
    737.2704467773438
  ],
  "skew": 0.0,
  "pixel_aspect_ratio": 1.026161551475525,
  "radial_distortion": [
    0.10470592230558395,
    -0.08767837285995483,
    0.0
  ],
  "tangential_distortion": [
    -0.05374068394303322,
    0.003703630995005369
  ],
  "image_size": [
    1072,
    1920
  ]
}