{
  "orientation": [
    [
      0.9985148906707764,
      -0.02223927155137062,
      0.049733053892850876
    ],
    [
      0.02041039615869522,
      0.9991074204444885,
      0.0369841493666172
    ],
    [
      -0.05051116272807121,
      -0.03591415286064148,
      0.9980775713920593
    ]
  ],
  "position": [
    4.264390468597412,
    -1.7342162132263184,
    -2.024669885635376
  ],
  "focal_length": 1624.0584716796875,
  "principal_point": [
    601.6626586914062,
    737.2704467773438
  ],
  "skew": 0.0,
  "pixel_aspect_ratio": 1.026161551475525,
  "radial_distortion": [
    0.10470592230558395,
    -0.08767837285995483,
    0.0
  ],
  "tangential_distortion": [
    -0.05374068394303322,
    0.003703630995005369
  ],
  "image_size": [
    1072,
    1920
  ]
}