{
  "orientation": [
    [
      0.9928275942802429,
      0.07550664246082306,
      -0.09269341826438904
    ],
    [
      -0.06105683743953705,
      0.9868179559707642,
      0.14987461268901825
    ],
    [
      0.1027880534529686,
      -0.14314009249210358,
      0.984350323677063
    ]
  ],
  "position": [
    -0.23482905328273773,
    3.709939956665039,
    0.5461034774780273
  ],
  "focal_length": 1624.0584716796875,
  "principal_point": [
    601.6626586914062,
    737.2704467773438
  ],
  "skew": 0.0,
  "pixel_aspect_ratio": 1.026161551475525,
  "radial_distortion": [
    0.10470592230558395,
    -0.08767837285995483,
    0.0
  ],
  "tangential_distortion": [
    -0.05374068394303322,
    0.003703630995005369
  ],
  "image_size": [
    1072,
    1920
  ]
}