{
  "orientation": [
    [
      0.9389175772666931,
      0.21545985341072083,
      -0.2683483064174652
    ],
    [
      -0.18508584797382355,
      0.9735341668128967,
      0.13406892120838165
    ],
    [
      0.29013270139694214,
      -0.07621220499277115,
      0.9539468884468079
    ]
  ],
  "position": [
    -2.568211793899536,
    -1.0959306955337524,
    -1.3632924556732178
  ],
  "focal_length": 1624.0584716796875,
  "principal_point": [
    601.6626586914062,
    737.2704467773438
  ],
  "skew": 0.0,
  "pixel_aspect_ratio": 1.026161551475525,
  "radial_distortion": [
    0.10470592230558395,
    -0.08767837285995483,
    0.0
  ],
  "tangential_distortion": [
    -0.05374068394303322,
    0.003703630995005369
  ],
  "image_size": [
    1072,
    1920
  ]
}