{
  "orientation": [
    [
      0.9978036880493164,
      -0.02897028811275959,
      0.05956937372684479
    ],
    [
      0.025778334587812424,
      0.9982258677482605,
      0.053671400994062424
    ],
    [
      -0.06101856380701065,
      -0.052017923444509506,
      0.996780276298523
    ]
  ],
  "position": [
    4.178191184997559,
    -1.4320638179779053,
    -2.003974437713623
  ],
  "focal_length": 1624.0584716796875,
  "principal_point": [
    601.6626586914062,
    737.2704467773438
  ],
  "skew": 0.0,
  "pixel_aspect_ratio": 1.026161551475525,
  "radial_distortion": [
    0.10470592230558395,
    -0.08767837285995483,
    0.0
  ],
  "tangential_distortion": [
    -0.05374068394303322,
    0.003703630995005369
  ],
  "image_size": [
    1072,
    1920
  ]
}