{
  "orientation": [
    [
      0.9977027177810669,
      -0.05049494281411171,
      0.04516105353832245
    ],
    [
      0.046765878796577454,
      0.9956868290901184,
      0.08012887090444565
    ],
    [
      -0.04901237040758133,
      -0.07783279567956924,
      0.9957609176635742
    ]
  ],
  "position": [
    3.199887752532959,
    2.122082471847534,
    -0.3546195328235626
  ],
  "focal_length": 1624.0584716796875,
  "principal_point": [
    601.6626586914062,
    737.2704467773438
  ],
  "skew": 0.0,
  "pixel_aspect_ratio": 1.026161551475525,
  "radial_distortion": [
    0.10470592230558395,
    -0.08767837285995483,
    0.0
  ],
  "tangential_distortion": [
    -0.05374068394303322,
    0.003703630995005369
  ],
  "image_size": [
    1072,
    1920
  ]
}