{
  "orientation": [
    [
      0.9889554977416992,
      -0.10013516992330551,
      0.10927005857229233
    ],
    [
      0.0918179303407669,
      0.9926630854606628,
      0.07867329567670822
    ],
    [
      -0.1163463145494461,
      -0.06777143478393555,
      0.9908938407897949
    ]
  ],
  "position": [
    2.923866033554077,
    1.880919337272644,
    0.26665571331977844
  ],
  "focal_length": 1624.0584716796875,
  "principal_point": [
    601.6626586914062,
    737.2704467773438
  ],
  "skew": 0.0,
  "pixel_aspect_ratio": 1.026161551475525,
  "radial_distortion": [
    0.10470592230558395,
    -0.08767837285995483,
    0.0
  ],
  "tangential_distortion": [
    -0.05374068394303322,
    0.003703630995005369
  ],
  "image_size": [
    1072,
    1920
  ]
}