{
  "orientation": [
    [
      0.955540657043457,
      0.17107263207435608,
      -0.2401587963104248
    ],
    [
      -0.1678333729505539,
      0.985227644443512,
      0.034035343676805496
    ],
    [
      0.2424336075782776,
      0.007784505374729633,
      0.9701367616653442
    ]
  ],
  "position": [
    -1.3370925188064575,
    -3.4114248752593994,
    -2.011643886566162
  ],
  "focal_length": 1624.0584716796875,
  "principal_point": [
    601.6626586914062,
    737.2704467773438
  ],
  "skew": 0.0,
  "pixel_aspect_ratio": 1.026161551475525,
  "radial_distortion": [
    0.10470592230558395,
    -0.08767837285995483,
    0.0
  ],
  "tangential_distortion": [
    -0.05374068394303322,
    0.003703630995005369
  ],
  "image_size": [
    1072,
    1920
  ]
}