{
  "orientation": [
    [
      0.9897419810295105,
      -0.08991199731826782,
      0.11102564632892609
    ],
    [
      0.08104174584150314,
      0.9933333396911621,
      0.08198259770870209
    ],
    [
      -0.11765669286251068,
      -0.07214390486478806,
      0.9904302954673767
    ]
  ],
  "position": [
    2.8065099716186523,
    2.3290343284606934,
    0.23085488379001617
  ],
  "focal_length": 1624.0584716796875,
  "principal_point": [
    601.6626586914062,
    737.2704467773438
  ],
  "skew": 0.0,
  "pixel_aspect_ratio": 1.026161551475525,
  "radial_distortion": [
    0.10470592230558395,
    -0.08767837285995483,
    0.0
  ],
  "tangential_distortion": [
    -0.05374068394303322,
    0.003703630995005369
  ],
  "image_size": [
    1072,
    1920
  ]
}