{
  "orientation": [
    [
      0.996864378452301,
      0.042000144720077515,
      -0.06706298887729645
    ],
    [
      -0.032322973012924194,
      0.9897128939628601,
      0.1393684446811676
    ],
    [
      0.07222660630941391,
      -0.1367637664079666,
      0.9879670739173889
    ]
  ],
  "position": [
    0.18301434814929962,
    3.796542167663574,
    0.521696150302887
  ],
  "focal_length": 1624.0584716796875,
  "principal_point": [
    601.6626586914062,
    737.2704467773438
  ],
  "skew": 0.0,
  "pixel_aspect_ratio": 1.026161551475525,
  "radial_distortion": [
    0.10470592230558395,
    -0.08767837285995483,
    0.0
  ],
  "tangential_distortion": [
    -0.05374068394303322,
    0.003703630995005369
  ],
  "image_size": [
    1072,
    1920
  ]
}