{
  "orientation": [
    [
      0.9865683913230896,
      -0.1197924092411995,
      0.11105192452669144
    ],
    [
      0.11312725394964218,
      0.9914838075637817,
      0.06451443582773209
    ],
    [
      -0.11783452332019806,
      -0.05108490586280823,
      0.9917184114456177
    ]
  ],
  "position": [
    3.3996691703796387,
    0.3760470747947693,
    0.25652074813842773
  ],
  "focal_length": 1624.0584716796875,
  "principal_point": [
    601.6626586914062,
    737.2704467773438
  ],
  "skew": 0.0,
  "pixel_aspect_ratio": 1.026161551475525,
  "radial_distortion": [
    0.10470592230558395,
    -0.08767837285995483,
    0.0
  ],
  "tangential_distortion": [
    -0.05374068394303322,
    0.003703630995005369
  ],
  "image_size": [
    1072,
    1920
  ]
}