{
  "orientation": [
    [
      0.99985271692276,
      3.9901078707771376e-05,
      0.01716390997171402
    ],
    [
      5.233011324889958e-05,
      0.9999855756759644,
      -0.005373070947825909
    ],
    [
      -0.017163876444101334,
      0.005373177584260702,
      0.9998382329940796
    ]
  ],
  "position": [
    3.967667579650879,
    -2.2185709476470947,
    -2.0886523723602295
  ],
  "focal_length": 1624.0584716796875,
  "principal_point": [
    601.6626586914062,
    737.2704467773438
  ],
  "skew": 0.0,
  "pixel_aspect_ratio": 1.026161551475525,
  "radial_distortion": [
    0.10470592230558395,
    -0.08767837285995483,
    0.0
  ],
  "tangential_distortion": [
    -0.05374068394303322,
    0.003703630995005369
  ],
  "image_size": [
    1072,
    1920
  ]
}