{
  "orientation": [
    [
      0.9707525372505188,
      0.166831374168396,
      -0.17264652252197266
    ],
    [
      -0.14286740124225616,
      0.9793493747711182,
      0.14305126667022705
    ],
    [
      0.19294670224189758,
      -0.11420182138681412,
      0.974540650844574
    ]
  ],
  "position": [
    -1.8221118450164795,
    2.634775400161743,
    0.996586263179779
  ],
  "focal_length": 1624.0584716796875,
  "principal_point": [
    601.6626586914062,
    737.2704467773438
  ],
  "skew": 0.0,
  "pixel_aspect_ratio": 1.026161551475525,
  "radial_distortion": [
    0.10470592230558395,
    -0.08767837285995483,
    0.0
  ],
  "tangential_distortion": [
    -0.05374068394303322,
    0.003703630995005369
  ],
  "image_size": [
    1072,
    1920
  ]
}