{
  "orientation": [
    [
      0.958850085735321,
      0.18735672533512115,
      -0.2133166790008545
    ],
    [
      -0.16238269209861755,
      0.9782230854034424,
      0.1292726844549179
    ],
    [
      0.23289141058921814,
      -0.08931418508291245,
      0.9683927893638611
    ]
  ],
  "position": [
    -2.811819076538086,
    2.087662696838379,
    1.0889559984207153
  ],
  "focal_length": 1624.0584716796875,
  "principal_point": [
    601.6626586914062,
    737.2704467773438
  ],
  "skew": 0.0,
  "pixel_aspect_ratio": 1.026161551475525,
  "radial_distortion": [
    0.10470592230558395,
    -0.08767837285995483,
    0.0
  ],
  "tangential_distortion": [
    -0.05374068394303322,
    0.003703630995005369
  ],
  "image_size": [
    1072,
    1920
  ]
}