{
  "orientation": [
    [
      0.9425013065338135,
      0.20263412594795227,
      -0.26576438546180725
    ],
    [
      -0.19188734889030457,
      0.9791894555091858,
      0.06608530879020691
    ],
    [
      0.27362480759620667,
      -0.011288667097687721,
      0.961770236492157
    ]
  ],
  "position": [
    -1.8970990180969238,
    -2.8500993251800537,
    -1.8648375272750854
  ],
  "focal_length": 1624.0584716796875,
  "principal_point": [
    601.6626586914062,
    737.2704467773438
  ],
  "skew": 0.0,
  "pixel_aspect_ratio": 1.026161551475525,
  "radial_distortion": [
    0.10470592230558395,
    -0.08767837285995483,
    0.0
  ],
  "tangential_distortion": [
    -0.05374068394303322,
    0.003703630995005369
  ],
  "image_size": [
    1072,
    1920
  ]
}