{
  "orientation": [
    [
      0.9986501932144165,
      0.045563943684101105,
      -0.02493472769856453
    ],
    [
      -0.04235910624265671,
      0.9922649264335632,
      0.11668762564659119
    ],
    [
      0.030058603733778,
      -0.1154739111661911,
      0.9928556084632874
    ]
  ],
  "position": [
    1.907612681388855,
    3.185319423675537,
    0.48330962657928467
  ],
  "focal_length": 1624.0584716796875,
  "principal_point": [
    601.6626586914062,
    737.2704467773438
  ],
  "skew": 0.0,
  "pixel_aspect_ratio": 1.026161551475525,
  "radial_distortion": [
    0.10470592230558395,
    -0.08767837285995483,
    0.0
  ],
  "tangential_distortion": [
    -0.05374068394303322,
    0.003703630995005369
  ],
  "image_size": [
    1072,
    1920
  ]
}