{
  "orientation": [
    [
      0.9504993557929993,
      0.1925138235092163,
      -0.24390444159507751
    ],
    [
      -0.16002166271209717,
      0.976128876209259,
      0.1468517929315567
    ],
    [
      0.26635316014289856,
      -0.10055254399776459,
      0.9586162567138672
    ]
  ],
  "position": [
    -2.3821115493774414,
    0.6178458333015442,
    -0.7318936586380005
  ],
  "focal_length": 1624.0584716796875,
  "principal_point": [
    601.6626586914062,
    737.2704467773438
  ],
  "skew": 0.0,
  "pixel_aspect_ratio": 1.026161551475525,
  "radial_distortion": [
    0.10470592230558395,
    -0.08767837285995483,
    0.0
  ],
  "tangential_distortion": [
    -0.05374068394303322,
    0.003703630995005369
  ],
  "image_size": [
    1072,
    1920
  ]
}