{
  "orientation": [
    [
      0.9983536601066589,
      -0.03812987357378006,
      0.042849261313676834
    ],
    [
      0.03478526324033737,
      0.9964810013771057,
      0.07626037299633026
    ],
    [
      -0.04560627415776253,
      -0.0746443048119545,
      0.9961668252944946
    ]
  ],
  "position": [
    3.453270673751831,
    1.412521243095398,
    -0.7890242338180542
  ],
  "focal_length": 1624.0584716796875,
  "principal_point": [
    601.6626586914062,
    737.2704467773438
  ],
  "skew": 0.0,
  "pixel_aspect_ratio": 1.026161551475525,
  "radial_distortion": [
    0.10470592230558395,
    -0.08767837285995483,
    0.0
  ],
  "tangential_distortion": [
    -0.05374068394303322,
    0.003703630995005369
  ],
  "image_size": [
    1072,
    1920
  ]
}