{
  "orientation": [
    [
      0.9996110200881958,
      0.027886681258678436,
      -0.00032961543183773756
    ],
    [
      -0.027680104598402977,
      0.9935101866722107,
      0.11032392829656601
    ],
    [
      0.003404044546186924,
      -0.1102718934416771,
      0.9938956499099731
    ]
  ],
  "position": [
    2.646138906478882,
    2.9406681060791016,
    0.17809852957725525
  ],
  "focal_length": 1624.0584716796875,
  "principal_point": [
    601.6626586914062,
    737.2704467773438
  ],
  "skew": 0.0,
  "pixel_aspect_ratio": 1.026161551475525,
  "radial_distortion": [
    0.10470592230558395,
    -0.08767837285995483,
    0.0
  ],
  "tangential_distortion": [
    -0.05374068394303322,
    0.003703630995005369
  ],
  "image_size": [
    1072,
    1920
  ]
}