{
  "orientation": [
    [
      0.9998878240585327,
      -0.013087593950331211,
      -0.007282429374754429
    ],
    [
      0.01266799122095108,
      0.9984085559844971,
      -0.05495348572731018
    ],
    [
      0.00799004826694727,
      0.054855067282915115,
      0.9984623789787292
    ]
  ],
  "position": [
    0.9397003054618835,
    -2.639096975326538,
    0.49275171756744385
  ],
  "focal_length": 1624.0584716796875,
  "principal_point": [
    601.6626586914062,
    737.2704467773438
  ],
  "skew": 0.0,
  "pixel_aspect_ratio": 1.026161551475525,
  "radial_distortion": [
    0.10470592230558395,
    -0.08767837285995483,
    0.0
  ],
  "tangential_distortion": [
    -0.05374068394303322,
    0.003703630995005369
  ],
  "image_size": [
    1072,
    1920
  ]
}