{
  "orientation": [
    [
      0.9996998906135559,
      0.008989963680505753,
      -0.02278849110007286
    ],
    [
      -0.00606933981180191,
      0.9921212792396545,
      0.12513406574726105
    ],
    [
      0.023733897134661674,
      -0.12495819479227066,
      0.991878092288971
    ]
  ],
  "position": [
    1.123227596282959,
    3.6330392360687256,
    0.196102112531662
  ],
  "focal_length": 1624.0584716796875,
  "principal_point": [
    601.6626586914062,
    737.2704467773438
  ],
  "skew": 0.0,
  "pixel_aspect_ratio": 1.026161551475525,
  "radial_distortion": [
    0.10470592230558395,
    -0.08767837285995483,
    0.0
  ],
  "tangential_distortion": [
    -0.05374068394303322,
    0.003703630995005369
  ],
  "image_size": [
    1072,
    1920
  ]
}