{
  "orientation": [
    [
      0.9439780712127686,
      0.20539233088493347,
      -0.2583010196685791
    ],
    [
      -0.20253495872020721,
      0.9785403609275818,
      0.03792521357536316
    ],
    [
      0.2605475187301636,
      0.01651441864669323,
      0.9653197526931763
    ]
  ],
  "position": [
    -3.054053783416748,
    -0.8829455971717834,
    0.8987314105033875
  ],
  "focal_length": 1624.0584716796875,
  "principal_point": [
    601.6626586914062,
    737.2704467773438
  ],
  "skew": 0.0,
  "pixel_aspect_ratio": 1.026161551475525,
  "radial_distortion": [
    0.10470592230558395,
    -0.08767837285995483,
    0.0
  ],
  "tangential_distortion": [
    -0.05374068394303322,
    0.003703630995005369
  ],
  "image_size": [
    1072,
    1920
  ]
}