{
  "orientation": [
    [
      0.9871118664741516,
      0.087534599006176,
      -0.1339697390794754
    ],
    [
      -0.06756085157394409,
      0.9868287444114685,
      0.1469850093126297
    ],
    [
      0.14507146179676056,
      -0.13603954017162323,
      0.9800242185592651
    ]
  ],
  "position": [
    -0.9873337745666504,
    3.4424080848693848,
    0.5651152729988098
  ],
  "focal_length": 1624.0584716796875,
  "principal_point": [
    601.6626586914062,
    737.2704467773438
  ],
  "skew": 0.0,
  "pixel_aspect_ratio": 1.026161551475525,
  "radial_distortion": [
    0.10470592230558395,
    -0.08767837285995483,
    0.0
  ],
  "tangential_distortion": [
    -0.05374068394303322,
    0.003703630995005369
  ],
  "image_size": [
    1072,
    1920
  ]
}