{
  "orientation": [
    [
      0.9940388798713684,
      -0.0763859897851944,
      0.07779385894536972
    ],
    [
      0.07789633423089981,
      0.9968238472938538,
      -0.016564350575208664
    ],
    [
      -0.07628148794174194,
      0.022525465115904808,
      0.9968318343162537
    ]
  ],
  "position": [
    2.799243688583374,
    -2.2587385177612305,
    0.6090574860572815
  ],
  "focal_length": 1624.0584716796875,
  "principal_point": [
    601.6626586914062,
    737.2704467773438
  ],
  "skew": 0.0,
  "pixel_aspect_ratio": 1.026161551475525,
  "radial_distortion": [
    0.10470592230558395,
    -0.08767837285995483,
    0.0
  ],
  "tangential_distortion": [
    -0.05374068394303322,
    0.003703630995005369
  ],
  "image_size": [
    1072,
    1920
  ]
}