{
  "orientation": [
    [
      0.980653703212738,
      0.14277838170528412,
      -0.13391266763210297
    ],
    [
      -0.12383603304624557,
      0.9823083877563477,
      0.14048068225383759
    ],
    [
      0.1516011506319046,
      -0.12117968499660492,
      0.9809855222702026
    ]
  ],
  "position": [
    -0.7288421392440796,
    2.903911828994751,
    0.8256891369819641
  ],
  "focal_length": 1624.0584716796875,
  "principal_point": [
    601.6626586914062,
    737.2704467773438
  ],
  "skew": 0.0,
  "pixel_aspect_ratio": 1.026161551475525,
  "radial_distortion": [
    0.10470592230558395,
    -0.08767837285995483,
    0.0
  ],
  "tangential_distortion": [
    -0.05374068394303322,
    0.003703630995005369
  ],
  "image_size": [
    1072,
    1920
  ]
}