{
  "orientation": [
    [
      0.9384889006614685,
      0.21012519299983978,
      -0.27401816844940186
    ],
    [
      -0.1880316138267517,
      0.9765498042106628,
      0.10485485941171646
    ],
    [
      0.28962504863739014,
      -0.046881046146154404,
      0.9559913873672485
    ]
  ],
  "position": [
    -2.2307050228118896,
    -2.531697988510132,
    -1.850962519645691
  ],
  "focal_length": 1624.0584716796875,
  "principal_point": [
    601.6626586914062,
    737.2704467773438
  ],
  "skew": 0.0,
  "pixel_aspect_ratio": 1.026161551475525,
  "radial_distortion": [
    0.10470592230558395,
    -0.08767837285995483,
    0.0
  ],
  "tangential_distortion": [
    -0.05374068394303322,
    0.003703630995005369
  ],
  "image_size": [
    1072,
    1920
  ]
}