{
  "orientation": [
    [
      0.9990445375442505,
      0.022374501451849937,
      -0.03754156082868576
    ],
    [
      -0.023204736411571503,
      0.9994924068450928,
      -0.02182699926197529
    ],
    [
      0.03703413903713226,
      0.022677287459373474,
      0.9990566372871399
    ]
  ],
  "position": [
    2.7297139167785645,
    -2.765211820602417,
    -2.1908650398254395
  ],
  "focal_length": 1624.0584716796875,
  "principal_point": [
    601.6626586914062,
    737.2704467773438
  ],
  "skew": 0.0,
  "pixel_aspect_ratio": 1.026161551475525,
  "radial_distortion": [
    0.10470592230558395,
    -0.08767837285995483,
    0.0
  ],
  "tangential_distortion": [
    -0.05374068394303322,
    0.003703630995005369
  ],
  "image_size": [
    1072,
    1920
  ]
}