{
  "orientation": [
    [
      0.9951236844062805,
      -0.0895705297589302,
      0.04130345210433006
    ],
    [
      0.08901292830705643,
      0.9959152340888977,
      0.01515074260532856
    ],
    [
      -0.04249179735779762,
      -0.011400320567190647,
      0.9990317821502686
    ]
  ],
  "position": [
    3.6784889698028564,
    0.12569177150726318,
    -0.427470862865448
  ],
  "focal_length": 1624.0584716796875,
  "principal_point": [
    601.6626586914062,
    737.2704467773438
  ],
  "skew": 0.0,
  "pixel_aspect_ratio": 1.026161551475525,
  "radial_distortion": [
    0.10470592230558395,
    -0.08767837285995483,
    0.0
  ],
  "tangential_distortion": [
    -0.05374068394303322,
    0.003703630995005369
  ],
  "image_size": [
    1072,
    1920
  ]
}