{
  "orientation": [
    [
      0.9978522658348083,
      -0.0382055826485157,
      0.05320940539240837
    ],
    [
      0.03374853730201721,
      0.9960375428199768,
      0.08228135108947754
    ],
    [
      -0.0561421737074852,
      -0.08030889183282852,
      0.9951876997947693
    ]
  ],
  "position": [
    3.686805248260498,
    0.844727098941803,
    -1.122610092163086
  ],
  "focal_length": 1624.0584716796875,
  "principal_point": [
    601.6626586914062,
    737.2704467773438
  ],
  "skew": 0.0,
  "pixel_aspect_ratio": 1.026161551475525,
  "radial_distortion": [
    0.10470592230558395,
    -0.08767837285995483,
    0.0
  ],
  "tangential_distortion": [
    -0.05374068394303322,
    0.003703630995005369
  ],
  "image_size": [
    1072,
    1920
  ]
}