{
  "orientation": [
    [
      0.9998407959938049,
      0.012853706255555153,
      -0.012374261394143105
    ],
    [
      -0.013014215975999832,
      0.9998310804367065,
      -0.012979382649064064
    ],
    [
      0.012205338105559349,
      0.013138357549905777,
      0.999839186668396
    ]
  ],
  "position": [
    3.1865062713623047,
    -2.4683964252471924,
    -2.172668695449829
  ],
  "focal_length": 1624.0584716796875,
  "principal_point": [
    601.6626586914062,
    737.2704467773438
  ],
  "skew": 0.0,
  "pixel_aspect_ratio": 1.026161551475525,
  "radial_distortion": [
    0.10470592230558395,
    -0.08767837285995483,
    0.0
  ],
  "tangential_distortion": [
    -0.05374068394303322,
    0.003703630995005369
  ],
  "image_size": [
    1072,
    1920
  ]
}