{
  "orientation": [
    [
      0.9999449253082275,
      -0.008085858076810837,
      -0.0066880760714411736
    ],
    [
      0.00882689468562603,
      0.992803692817688,
      0.11942722648382187
    ],
    [
      0.005674275103956461,
      -0.11947968602180481,
      0.9928204417228699
    ]
  ],
  "position": [
    1.5527054071426392,
    3.475046157836914,
    0.057546790689229965
  ],
  "focal_length": 1624.0584716796875,
  "principal_point": [
    601.6626586914062,
    737.2704467773438
  ],
  "skew": 0.0,
  "pixel_aspect_ratio": 1.026161551475525,
  "radial_distortion": [
    0.10470592230558395,
    -0.08767837285995483,
    0.0
  ],
  "tangential_distortion": [
    -0.05374068394303322,
    0.003703630995005369
  ],
  "image_size": [
    1072,
    1920
  ]
}