{
  "orientation": [
    [
      0.9912492632865906,
      0.09543648362159729,
      -0.09119613468647003
    ],
    [
      -0.08297011256217957,
      0.9877873063087463,
      0.1318793147802353
    ],
    [
      0.10266847908496857,
      -0.12315872311592102,
      0.9870618581771851
    ]
  ],
  "position": [
    0.3710792660713196,
    3.054349660873413,
    0.7290753722190857
  ],
  "focal_length": 1624.0584716796875,
  "principal_point": [
    601.6626586914062,
    737.2704467773438
  ],
  "skew": 0.0,
  "pixel_aspect_ratio": 1.026161551475525,
  "radial_distortion": [
    0.10470592230558395,
    -0.08767837285995483,
    0.0
  ],
  "tangential_distortion": [
    -0.05374068394303322,
    0.003703630995005369
  ],
  "image_size": [
    1072,
    1920
  ]
}