{
  "orientation": [
    [
      0.9486478567123413,
      0.20843857526779175,
      -0.23795075714588165
    ],
    [
      -0.18290004134178162,
      0.9751487970352173,
      0.12502960860729218
    ],
    [
      0.25809839367866516,
      -0.07508786767721176,
      0.9631962776184082
    ]
  ],
  "position": [
    -3.0788471698760986,
    2.0214645862579346,
    1.2524847984313965
  ],
  "focal_length": 1624.0584716796875,
  "principal_point": [
    601.6626586914062,
    737.2704467773438
  ],
  "skew": 0.0,
  "pixel_aspect_ratio": 1.026161551475525,
  "radial_distortion": [
    0.10470592230558395,
    -0.08767837285995483,
    0.0
  ],
  "tangential_distortion": [
    -0.05374068394303322,
    0.003703630995005369
  ],
  "image_size": [
    1072,
    1920
  ]
}