{
  "orientation": [
    [
      0.9626712203025818,
      0.1335412561893463,
      -0.23543761670589447
    ],
    [
      -0.14956523478031158,
      0.9874103665351868,
      -0.05148761346936226
    ],
    [
      0.2255978286266327,
      0.08477891981601715,
      0.9705246686935425
    ]
  ],
  "position": [
    -2.849846363067627,
    -2.2353358268737793,
    0.9479233026504517
  ],
  "focal_length": 1624.0584716796875,
  "principal_point": [
    601.6626586914062,
    737.2704467773438
  ],
  "skew": 0.0,
  "pixel_aspect_ratio": 1.026161551475525,
  "radial_distortion": [
    0.10470592230558395,
    -0.08767837285995483,
    0.0
  ],
  "tangential_distortion": [
    -0.05374068394303322,
    0.003703630995005369
  ],
  "image_size": [
    1072,
    1920
  ]
}