{
  "orientation": [
    [
      0.9990987777709961,
      -0.03721419721841812,
      0.02041289024055004
    ],
    [
      0.03469023108482361,
      0.9930460453033447,
      0.11249956488609314
    ],
    [
      -0.024457519873976707,
      -0.11169005185365677,
      0.9934420585632324
    ]
  ],
  "position": [
    2.3442587852478027,
    2.8982064723968506,
    -0.24394258856773376
  ],
  "focal_length": 1624.0584716796875,
  "principal_point": [
    601.6626586914062,
    737.2704467773438
  ],
  "skew": 0.0,
  "pixel_aspect_ratio": 1.026161551475525,
  "radial_distortion": [
    0.10470592230558395,
    -0.08767837285995483,
    0.0
  ],
  "tangential_distortion": [
    -0.05374068394303322,
    0.003703630995005369
  ],
  "image_size": [
    1072,
    1920
  ]
}