{
  "orientation": [
    [
      0.9997236132621765,
      -0.020285766571760178,
      0.011881777085363865
    ],
    [
      0.018771076574921608,
      0.99306321144104,
      0.11607357114553452
    ],
    [
      -0.014153997413814068,
      -0.11581846326589584,
      0.9931695461273193
    ]
  ],
  "position": [
    2.052286386489868,
    3.2679195404052734,
    -0.048717960715293884
  ],
  "focal_length": 1624.0584716796875,
  "principal_point": [
    601.6626586914062,
    737.2704467773438
  ],
  "skew": 0.0,
  "pixel_aspect_ratio": 1.026161551475525,
  "radial_distortion": [
    0.10470592230558395,
    -0.08767837285995483,
    0.0
  ],
  "tangential_distortion": [
    -0.05374068394303322,
    0.003703630995005369
  ],
  "image_size": [
    1072,
    1920
  ]
}