{
  "orientation": [
    [
      0.9927038550376892,
      0.0828995406627655,
      -0.08755949884653091
    ],
    [
      -0.08951398730278015,
      0.9931932687759399,
      -0.07452777773141861
    ],
    [
      0.08078518509864807,
      0.08182181417942047,
      0.9933674931526184
    ]
  ],
  "position": [
    -0.8174456357955933,
    -3.0425567626953125,
    0.44239434599876404
  ],
  "focal_length": 1624.0584716796875,
  "principal_point": [
    601.6626586914062,
    737.2704467773438
  ],
  "skew": 0.0,
  "pixel_aspect_ratio": 1.026161551475525,
  "radial_distortion": [
    0.10470592230558395,
    -0.08767837285995483,
    0.0
  ],
  "tangential_distortion": [
    -0.05374068394303322,
    0.003703630995005369
  ],
  "image_size": [
    1072,
    1920
  ]
}