{
  "orientation": [
    [
      0.9483299851417542,
      0.17993898689746857,
      -0.26132768392562866
    ],
    [
      -0.1807456761598587,
      0.9833023548126221,
      0.021153070032596588
    ],
    [
      0.26077041029930115,
      0.027173757553100586,
      0.9650183320045471
    ]
  ],
  "position": [
    -3.07702898979187,
    -1.3639721870422363,
    0.8444291949272156
  ],
  "focal_length": 1624.0584716796875,
  "principal_point": [
    601.6626586914062,
    737.2704467773438
  ],
  "skew": 0.0,
  "pixel_aspect_ratio": 1.026161551475525,
  "radial_distortion": [
    0.10470592230558395,
    -0.08767837285995483,
    0.0
  ],
  "tangential_distortion": [
    -0.05374068394303322,
    0.003703630995005369
  ],
  "image_size": [
    1072,
    1920
  ]
}