{
  "orientation": [
    [
      0.9974742531776428,
      -0.0446920208632946,
      0.05520598590373993
    ],
    [
      0.04015745967626572,
      0.9959306120872498,
      0.08068183064460754
    ],
    [
      -0.05858716741204262,
      -0.0782611221075058,
      0.9952098727226257
    ]
  ],
  "position": [
    3.7746071815490723,
    0.33156976103782654,
    -1.3796238899230957
  ],
  "focal_length": 1624.0584716796875,
  "principal_point": [
    601.6626586914062,
    737.2704467773438
  ],
  "skew": 0.0,
  "pixel_aspect_ratio": 1.026161551475525,
  "radial_distortion": [
    0.10470592230558395,
    -0.08767837285995483,
    0.0
  ],
  "tangential_distortion": [
    -0.05374068394303322,
    0.003703630995005369
  ],
  "image_size": [
    1072,
    1920
  ]
}