{
  "orientation": [
    [
      0.9625372886657715,
      0.1505795419216156,
      -0.22549442946910858
    ],
    [
      -0.15138211846351624,
      0.9883785843849182,
      0.013830338604748249
    ],
    [
      0.2249564230442047,
      0.020823605358600616,
      0.97414630651474
    ]
  ],
  "position": [
    -1.1089414358139038,
    -3.6496732234954834,
    -2.005751371383667
  ],
  "focal_length": 1624.0584716796875,
  "principal_point": [
    601.6626586914062,
    737.2704467773438
  ],
  "skew": 0.0,
  "pixel_aspect_ratio": 1.026161551475525,
  "radial_distortion": [
    0.10470592230558395,
    -0.08767837285995483,
    0.0
  ],
  "tangential_distortion": [
    -0.05374068394303322,
    0.003703630995005369
  ],
  "image_size": [
    1072,
    1920
  ]
}