{
  "orientation": [
    [
      0.9376874566078186,
      0.22987234592437744,
      -0.2605780065059662
    ],
    [
      -0.21414496004581451,
      0.9728636145591736,
      0.08762595802545547
    ],
    [
      0.2736496329307556,
      -0.026364300400018692,
      0.9614680409431458
    ]
  ],
  "position": [
    -3.457364559173584,
    0.6841620206832886,
    1.0224449634552002
  ],
  "focal_length": 1624.0584716796875,
  "principal_point": [
    601.6626586914062,
    737.2704467773438
  ],
  "skew": 0.0,
  "pixel_aspect_ratio": 1.026161551475525,
  "radial_distortion": [
    0.10470592230558395,
    -0.08767837285995483,
    0.0
  ],
  "tangential_distortion": [
    -0.05374068394303322,
    0.003703630995005369
  ],
  "image_size": [
    1072,
    1920
  ]
}