{
  "orientation": [
    [
      0.9957313537597656,
      -0.07933124899864197,
      0.04717607796192169
    ],
    [
      0.07828321307897568,
      0.996650218963623,
      0.0236656554043293
    ],
    [
      -0.04889547452330589,
      -0.019871540367603302,
      0.9986062049865723
    ]
  ],
  "position": [
    3.6671717166900635,
    0.9082826375961304,
    -0.27894142270088196
  ],
  "focal_length": 1624.0584716796875,
  "principal_point": [
    601.6626586914062,
    737.2704467773438
  ],
  "skew": 0.0,
  "pixel_aspect_ratio": 1.026161551475525,
  "radial_distortion": [
    0.10470592230558395,
    -0.08767837285995483,
    0.0
  ],
  "tangential_distortion": [
    -0.05374068394303322,
    0.003703630995005369
  ],
  "image_size": [
    1072,
    1920
  ]
}