{
  "orientation": [
    [
      0.9983217716217041,
      -0.04619919881224632,
      0.03491806983947754
    ],
    [
      0.04254630208015442,
      0.9941814541816711,
      0.09895989298820496
    ],
    [
      -0.039286766201257706,
      -0.09730818122625351,
      0.9944785833358765
    ]
  ],
  "position": [
    2.774008274078369,
    2.4870710372924805,
    -0.35748204588890076
  ],
  "focal_length": 1624.0584716796875,
  "principal_point": [
    601.6626586914062,
    737.2704467773438
  ],
  "skew": 0.0,
  "pixel_aspect_ratio": 1.026161551475525,
  "radial_distortion": [
    0.10470592230558395,
    -0.08767837285995483,
    0.0
  ],
  "tangential_distortion": [
    -0.05374068394303322,
    0.003703630995005369
  ],
  "image_size": [
    1072,
    1920
  ]
}