{
  "orientation": [
    [
      0.9910268783569336,
      -0.09518332034349442,
      0.0938396155834198
    ],
    [
      0.09551334381103516,
      0.995427668094635,
      0.000978514552116394
    ],
    [
      -0.0935036912560463,
      0.007993201725184917,
      0.9955868721008301
    ]
  ],
  "position": [
    3.076263666152954,
    -2.0337069034576416,
    0.5651310682296753
  ],
  "focal_length": 1624.0584716796875,
  "principal_point": [
    601.6626586914062,
    737.2704467773438
  ],
  "skew": 0.0,
  "pixel_aspect_ratio": 1.026161551475525,
  "radial_distortion": [
    0.10470592230558395,
    -0.08767837285995483,
    0.0
  ],
  "tangential_distortion": [
    -0.05374068394303322,
    0.003703630995005369
  ],
  "image_size": [
    1072,
    1920
  ]
}