{
  "orientation": [
    [
      0.9963228106498718,
      -0.06657011806964874,
      0.0539376437664032
    ],
    [
      0.06441497802734375,
      0.9970905780792236,
      0.04075685143470764
    ],
    [
      -0.05649390444159508,
      -0.037132591009140015,
      0.9977121949195862
    ]
  ],
  "position": [
    3.6305251121520996,
    1.377686858177185,
    -0.2762977182865143
  ],
  "focal_length": 1624.0584716796875,
  "principal_point": [
    601.6626586914062,
    737.2704467773438
  ],
  "skew": 0.0,
  "pixel_aspect_ratio": 1.026161551475525,
  "radial_distortion": [
    0.10470592230558395,
    -0.08767837285995483,
    0.0
  ],
  "tangential_distortion": [
    -0.05374068394303322,
    0.003703630995005369
  ],
  "image_size": [
    1072,
    1920
  ]
}