{
  "orientation": [
    [
      0.9997707009315491,
      0.0068509336560964584,
      0.020286884158849716
    ],
    [
      -0.008781798183918,
      0.9952774047851562,
      0.09667354822158813
    ],
    [
      -0.019528772681951523,
      -0.09682954102754593,
      0.9951093792915344
    ]
  ],
  "position": [
    3.16792631149292,
    2.467317581176758,
    -0.17263732850551605
  ],
  "focal_length": 1624.0584716796875,
  "principal_point": [
    601.6626586914062,
    737.2704467773438
  ],
  "skew": 0.0,
  "pixel_aspect_ratio": 1.026161551475525,
  "radial_distortion": [
    0.10470592230558395,
    -0.08767837285995483,
    0.0
  ],
  "tangential_distortion": [
    -0.05374068394303322,
    0.003703630995005369
  ],
  "image_size": [
    1072,
    1920
  ]
}