{
  "orientation": [
    [
      0.9927543997764587,
      0.0523260273039341,
      -0.10816948115825653
    ],
    [
      -0.05593974143266678,
      0.9979637265205383,
      -0.030645890161395073
    ],
    [
      0.10634563863277435,
      0.036474816501140594,
      0.9936599731445312
    ]
  ],
  "position": [
    1.3118382692337036,
    -3.41524600982666,
    -2.129469394683838
  ],
  "focal_length": 1624.0584716796875,
  "principal_point": [
    601.6626586914062,
    737.2704467773438
  ],
  "skew": 0.0,
  "pixel_aspect_ratio": 1.026161551475525,
  "radial_distortion": [
    0.10470592230558395,
    -0.08767837285995483,
    0.0
  ],
  "tangential_distortion": [
    -0.05374068394303322,
    0.003703630995005369
  ],
  "image_size": [
    1072,
    1920
  ]
}