{
  "orientation": [
    [
      0.997088611125946,
      -0.05336672440171242,
      0.054463475942611694
    ],
    [
      0.048896241933107376,
      0.9955665469169617,
      0.0803518295288086
    ],
    [
      -0.058510128408670425,
      -0.0774548351764679,
      0.9952775239944458
    ]
  ],
  "position": [
    3.8284225463867188,
    -0.5643365383148193,
    -1.78914213180542
  ],
  "focal_length": 1624.0584716796875,
  "principal_point": [
    601.6626586914062,
    737.2704467773438
  ],
  "skew": 0.0,
  "pixel_aspect_ratio": 1.026161551475525,
  "radial_distortion": [
    0.10470592230558395,
    -0.08767837285995483,
    0.0
  ],
  "tangential_distortion": [
    -0.05374068394303322,
    0.003703630995005369
  ],
  "image_size": [
    1072,
    1920
  ]
}