{
  "orientation": [
    [
      0.9877106547355652,
      -0.11255116015672684,
      0.10844281315803528
    ],
    [
      0.10432072728872299,
      0.9914162755012512,
      0.07880976796150208
    ],
    [
      -0.11638209968805313,
      -0.06652841717004776,
      0.9909738302230835
    ]
  ],
  "position": [
    3.0440471172332764,
    1.4159753322601318,
    0.24220311641693115
  ],
  "focal_length": 1624.0584716796875,
  "principal_point": [
    601.6626586914062,
    737.2704467773438
  ],
  "skew": 0.0,
  "pixel_aspect_ratio": 1.026161551475525,
  "radial_distortion": [
    0.10470592230558395,
    -0.08767837285995483,
    0.0
  ],
  "tangential_distortion": [
    -0.05374068394303322,
    0.003703630995005369
  ],
  "image_size": [
    1072,
    1920
  ]
}