{
  "orientation": [
    [
      0.9988399744033813,
      -0.01491457037627697,
      0.0457848384976387
    ],
    [
      0.011118769645690918,
      0.9965647459030151,
      0.08206783980131149
    ],
    [
      -0.046851564198732376,
      -0.08146356791257858,
      0.9955745339393616
    ]
  ],
  "position": [
    3.660705089569092,
    1.828967809677124,
    -0.5954499840736389
  ],
  "focal_length": 1624.0584716796875,
  "principal_point": [
    601.6626586914062,
    737.2704467773438
  ],
  "skew": 0.0,
  "pixel_aspect_ratio": 1.026161551475525,
  "radial_distortion": [
    0.10470592230558395,
    -0.08767837285995483,
    0.0
  ],
  "tangential_distortion": [
    -0.05374068394303322,
    0.003703630995005369
  ],
  "image_size": [
    1072,
    1920
  ]
}