{
  "orientation": [
    [
      0.9366486668586731,
      0.23638547956943512,
      -0.2584786117076874
    ],
    [
      -0.2185615450143814,
      0.9710817337036133,
      0.09607852250337601
    ],
    [
      0.27371543645858765,
      -0.033498331904411316,
      0.9612271785736084
    ]
  ],
  "position": [
    -3.386162281036377,
    1.0465104579925537,
    0.9673062562942505
  ],
  "focal_length": 1624.0584716796875,
  "principal_point": [
    601.6626586914062,
    737.2704467773438
  ],
  "skew": 0.0,
  "pixel_aspect_ratio": 1.026161551475525,
  "radial_distortion": [
    0.10470592230558395,
    -0.08767837285995483,
    0.0
  ],
  "tangential_distortion": [
    -0.05374068394303322,
    0.003703630995005369
  ],
  "image_size": [
    1072,
    1920
  ]
}