{
  "orientation": [
    [
      0.9791189432144165,
      0.11891751736402512,
      -0.16487793624401093
    ],
    [
      -0.13264542818069458,
      0.988331139087677,
      -0.07487816363573074
    ],
    [
      0.15404967963695526,
      0.09518492966890335,
      0.9834675788879395
    ]
  ],
  "position": [
    -1.81769597530365,
    -2.63277268409729,
    0.6657782196998596
  ],
  "focal_length": 1624.0584716796875,
  "principal_point": [
    601.6626586914062,
    737.2704467773438
  ],
  "skew": 0.0,
  "pixel_aspect_ratio": 1.026161551475525,
  "radial_distortion": [
    0.10470592230558395,
    -0.08767837285995483,
    0.0
  ],
  "tangential_distortion": [
    -0.05374068394303322,
    0.003703630995005369
  ],
  "image_size": [
    1072,
    1920
  ]
}