{
  "orientation": [
    [
      0.9999999403953552,
      -7.995426858542487e-05,
      -0.0003809386398643255
    ],
    [
      7.969600119395182e-05,
      0.9999997615814209,
      -0.0006779376417398453
    ],
    [
      0.0003809927438851446,
      0.0006779072573408484,
      0.9999997019767761
    ]
  ],
  "position": [
    3.538689613342285,
    -2.050992727279663,
    -2.078171968460083
  ],
  "focal_length": 1624.0584716796875,
  "principal_point": [
    601.6626586914062,
    737.2704467773438
  ],
  "skew": 0.0,
  "pixel_aspect_ratio": 1.026161551475525,
  "radial_distortion": [
    0.10470592230558395,
    -0.08767837285995483,
    0.0
  ],
  "tangential_distortion": [
    -0.05374068394303322,
    0.003703630995005369
  ],
  "image_size": [
    1072,
    1920
  ]
}