{
  "orientation": [
    [
      0.986495852470398,
      -0.12346234172582626,
      0.10762416571378708
    ],
    [
      0.11770384013652802,
      0.9913339614868164,
      0.05833319574594498
    ],
    [
      -0.11389344930648804,
      -0.04487767815589905,
      0.9924788475036621
    ]
  ],
  "position": [
    3.414748430252075,
    -0.03945136070251465,
    0.3399064540863037
  ],
  "focal_length": 1624.0584716796875,
  "principal_point": [
    601.6626586914062,
    737.2704467773438
  ],
  "skew": 0.0,
  "pixel_aspect_ratio": 1.026161551475525,
  "radial_distortion": [
    0.10470592230558395,
    -0.08767837285995483,
    0.0
  ],
  "tangential_distortion": [
    -0.05374068394303322,
    0.003703630995005369
  ],
  "image_size": [
    1072,
    1920
  ]
}