{
  "orientation": [
    [
      0.954866886138916,
      0.1687309443950653,
      -0.24445673823356628
    ],
    [
      -0.17648546397686005,
      0.984252393245697,
      -0.010007092729210854
    ],
    [
      0.23891861736774445,
      0.05269850417971611,
      0.9696085453033447
    ]
  ],
  "position": [
    -2.726421356201172,
    -1.8065927028656006,
    0.7924070954322815
  ],
  "focal_length": 1624.0584716796875,
  "principal_point": [
    601.6626586914062,
    737.2704467773438
  ],
  "skew": 0.0,
  "pixel_aspect_ratio": 1.026161551475525,
  "radial_distortion": [
    0.10470592230558395,
    -0.08767837285995483,
    0.0
  ],
  "tangential_distortion": [
    -0.05374068394303322,
    0.003703630995005369
  ],
  "image_size": [
    1072,
    1920
  ]
}