{
  "orientation": [
    [
      0.9997424483299255,
      0.01941884681582451,
      0.011747412383556366
    ],
    [
      -0.020537881180644035,
      0.9943497776985168,
      0.10414747893810272
    ],
    [
      -0.009658613242208958,
      -0.10436192154884338,
      0.9944924712181091
    ]
  ],
  "position": [
    2.9686639308929443,
    2.7557358741760254,
    0.037013448774814606
  ],
  "focal_length": 1624.0584716796875,
  "principal_point": [
    601.6626586914062,
    737.2704467773438
  ],
  "skew": 0.0,
  "pixel_aspect_ratio": 1.026161551475525,
  "radial_distortion": [
    0.10470592230558395,
    -0.08767837285995483,
    0.0
  ],
  "tangential_distortion": [
    -0.05374068394303322,
    0.003703630995005369
  ],
  "image_size": [
    1072,
    1920
  ]
}