{
  "orientation": [
    [
      0.9885365962982178,
      0.10077369958162308,
      -0.1124279648065567
    ],
    [
      -0.10921097546815872,
      0.991437554359436,
      -0.0715855285525322
    ],
    [
      0.10425136983394623,
      0.08304328471422195,
      0.9910779595375061
    ]
  ],
  "position": [
    -1.101563811302185,
    -2.8929924964904785,
    0.46658846735954285
  ],
  "focal_length": 1624.0584716796875,
  "principal_point": [
    601.6626586914062,
    737.2704467773438
  ],
  "skew": 0.0,
  "pixel_aspect_ratio": 1.026161551475525,
  "radial_distortion": [
    0.10470592230558395,
    -0.08767837285995483,
    0.0
  ],
  "tangential_distortion": [
    -0.05374068394303322,
    0.003703630995005369
  ],
  "image_size": [
    1072,
    1920
  ]
}