{
  "orientation": [
    [
      0.9390111565589905,
      0.22369065880775452,
      -0.2611905634403229
    ],
    [
      -0.20310501754283905,
      0.973652720451355,
      0.10367584228515625
    ],
    [
      0.2775002121925354,
      -0.044303666800260544,
      0.9597035050392151
    ]
  ],
  "position": [
    -3.3256494998931885,
    1.4792336225509644,
    1.0940991640090942
  ],
  "focal_length": 1624.0584716796875,
  "principal_point": [
    601.6626586914062,
    737.2704467773438
  ],
  "skew": 0.0,
  "pixel_aspect_ratio": 1.026161551475525,
  "radial_distortion": [
    0.10470592230558395,
    -0.08767837285995483,
    0.0
  ],
  "tangential_distortion": [
    -0.05374068394303322,
    0.003703630995005369
  ],
  "image_size": [
    1072,
    1920
  ]
}