{
  "orientation": [
    [
      0.9977474808692932,
      0.033796440809965134,
      -0.05794624611735344
    ],
    [
      -0.03533283621072769,
      0.9990451335906982,
      -0.02569761872291565
    ],
    [
      0.05702242627739906,
      0.027687139809131622,
      0.9979889392852783
    ]
  ],
  "position": [
    2.373753309249878,
    -2.982804298400879,
    -2.200315237045288
  ],
  "focal_length": 1624.0584716796875,
  "principal_point": [
    601.6626586914062,
    737.2704467773438
  ],
  "skew": 0.0,
  "pixel_aspect_ratio": 1.026161551475525,
  "radial_distortion": [
    0.10470592230558395,
    -0.08767837285995483,
    0.0
  ],
  "tangential_distortion": [
    -0.05374068394303322,
    0.003703630995005369
  ],
  "image_size": [
    1072,
    1920
  ]
}