{
  "orientation": [
    [
      0.9990637302398682,
      -0.03339323401451111,
      0.02750547230243683
    ],
    [
      0.034859057515859604,
      0.9978963732719421,
      -0.05465934798121452
    ],
    [
      -0.025622358545660973,
      0.05556698516011238,
      0.9981261491775513
    ]
  ],
  "position": [
    2.0759286880493164,
    -2.5798094272613525,
    0.4981596767902374
  ],
  "focal_length": 1624.0584716796875,
  "principal_point": [
    601.6626586914062,
    737.2704467773438
  ],
  "skew": 0.0,
  "pixel_aspect_ratio": 1.026161551475525,
  "radial_distortion": [
    0.10470592230558395,
    -0.08767837285995483,
    0.0
  ],
  "tangential_distortion": [
    -0.05374068394303322,
    0.003703630995005369
  ],
  "image_size": [
    1072,
    1920
  ]
}