{
  "orientation": [
    [
      0.9970840215682983,
      -0.05310111865401268,
      0.054806362837553024
    ],
    [
      0.04855063185095787,
      0.995509684085846,
      0.08126097172498703
    ],
    [
      -0.05887531116604805,
      -0.07836313545703888,
      0.9951848387718201
    ]
  ],
  "position": [
    3.7848916053771973,
    -0.1300426870584488,
    -1.6088773012161255
  ],
  "focal_length": 1624.0584716796875,
  "principal_point": [
    601.6626586914062,
    737.2704467773438
  ],
  "skew": 0.0,
  "pixel_aspect_ratio": 1.026161551475525,
  "radial_distortion": [
    0.10470592230558395,
    -0.08767837285995483,
    0.0
  ],
  "tangential_distortion": [
    -0.05374068394303322,
    0.003703630995005369
  ],
  "image_size": [
    1072,
    1920
  ]
}