{
  "orientation": [
    [
      0.9357853531837463,
      0.2136022448539734,
      -0.2804993689060211
    ],
    [
      -0.1861955225467682,
      0.9749971032142639,
      0.12129274010658264
    ],
    [
      0.29939448833465576,
      -0.06127624213695526,
      0.9521597623825073
    ]
  ],
  "position": [
    -2.507352352142334,
    -1.9994226694107056,
    -1.5951491594314575
  ],
  "focal_length": 1624.0584716796875,
  "principal_point": [
    601.6626586914062,
    737.2704467773438
  ],
  "skew": 0.0,
  "pixel_aspect_ratio": 1.026161551475525,
  "radial_distortion": [
    0.10470592230558395,
    -0.08767837285995483,
    0.0
  ],
  "tangential_distortion": [
    -0.05374068394303322,
    0.003703630995005369
  ],
  "image_size": [
    1072,
    1920
  ]
}