{
  "orientation": [
    [
      0.986346960067749,
      -0.12252652645111084,
      0.11003167182207108
    ],
    [
      0.1173400804400444,
      0.9917052388191223,
      0.0524592399597168
    ],
    [
      -0.11554663628339767,
      -0.038831885904073715,
      0.9925427436828613
    ]
  ],
  "position": [
    3.461418390274048,
    -0.5080380439758301,
    0.3743397891521454
  ],
  "focal_length": 1624.0584716796875,
  "principal_point": [
    601.6626586914062,
    737.2704467773438
  ],
  "skew": 0.0,
  "pixel_aspect_ratio": 1.026161551475525,
  "radial_distortion": [
    0.10470592230558395,
    -0.08767837285995483,
    0.0
  ],
  "tangential_distortion": [
    -0.05374068394303322,
    0.003703630995005369
  ],
  "image_size": [
    1072,
    1920
  ]
}