{
  "orientation": [
    [
      0.9969554543495178,
      -0.058585166931152344,
      0.0514545813202858
    ],
    [
      0.055353615432977676,
      0.9965319037437439,
      0.06213047727942467
    ],
    [
      -0.054916057735681534,
      -0.05909312516450882,
      0.9967408180236816
    ]
  ],
  "position": [
    3.4360268115997314,
    1.796897053718567,
    -0.292816698551178
  ],
  "focal_length": 1624.0584716796875,
  "principal_point": [
    601.6626586914062,
    737.2704467773438
  ],
  "skew": 0.0,
  "pixel_aspect_ratio": 1.026161551475525,
  "radial_distortion": [
    0.10470592230558395,
    -0.08767837285995483,
    0.0
  ],
  "tangential_distortion": [
    -0.05374068394303322,
    0.003703630995005369
  ],
  "image_size": [
    1072,
    1920
  ]
}