{
  "orientation": [
    [
      0.9992824196815491,
      0.03609789162874222,
      -0.011471816338598728
    ],
    [
      -0.03457297757267952,
      0.9929897785186768,
      0.11303091794252396
    ],
    [
      0.015471573919057846,
      -0.1125531941652298,
      0.9935252666473389
    ]
  ],
  "position": [
    2.285062551498413,
    3.108309745788574,
    0.357390820980072
  ],
  "focal_length": 1624.0584716796875,
  "principal_point": [
    601.6626586914062,
    737.2704467773438
  ],
  "skew": 0.0,
  "pixel_aspect_ratio": 1.026161551475525,
  "radial_distortion": [
    0.10470592230558395,
    -0.08767837285995483,
    0.0
  ],
  "tangential_distortion": [
    -0.05374068394303322,
    0.003703630995005369
  ],
  "image_size": [
    1072,
    1920
  ]
}