{
  "orientation": [
    [
      0.9846664071083069,
      0.0746905505657196,
      -0.15764950215816498
    ],
    [
      -0.07780369371175766,
      0.9968751072883606,
      -0.013660241849720478
    ],
    [
      0.15613658726215363,
      0.025716494768857956,
      0.9874006509780884
    ]
  ],
  "position": [
    0.3552446663379669,
    -3.5618748664855957,
    -2.1048195362091064
  ],
  "focal_length": 1624.0584716796875,
  "principal_point": [
    601.6626586914062,
    737.2704467773438
  ],
  "skew": 0.0,
  "pixel_aspect_ratio": 1.026161551475525,
  "radial_distortion": [
    0.10470592230558395,
    -0.08767837285995483,
    0.0
  ],
  "tangential_distortion": [
    -0.05374068394303322,
    0.003703630995005369
  ],
  "image_size": [
    1072,
    1920
  ]
}