{
  "orientation": [
    [
      0.9997915625572205,
      0.008042876608669758,
      -0.01876702904701233
    ],
    [
      -0.009169226512312889,
      0.9981124401092529,
      -0.060724541544914246
    ],
    [
      0.018243204802274704,
      0.060883961617946625,
      0.9979780912399292
    ]
  ],
  "position": [
    0.4407660961151123,
    -2.802813768386841,
    0.4043281674385071
  ],
  "focal_length": 1624.0584716796875,
  "principal_point": [
    601.6626586914062,
    737.2704467773438
  ],
  "skew": 0.0,
  "pixel_aspect_ratio": 1.026161551475525,
  "radial_distortion": [
    0.10470592230558395,
    -0.08767837285995483,
    0.0
  ],
  "tangential_distortion": [
    -0.05374068394303322,
    0.003703630995005369
  ],
  "image_size": [
    1072,
    1920
  ]
}