{
  "orientation": [
    [
      0.9974253177642822,
      0.05864470452070236,
      -0.04127442464232445
    ],
    [
      -0.05324293673038483,
      0.9911479353904724,
      0.12161828577518463
    ],
    [
      0.04804132878780365,
      -0.11910758167505264,
      0.9917184114456177
    ]
  ],
  "position": [
    1.4683740139007568,
    3.1907217502593994,
    0.5876347422599792
  ],
  "focal_length": 1624.0584716796875,
  "principal_point": [
    601.6626586914062,
    737.2704467773438
  ],
  "skew": 0.0,
  "pixel_aspect_ratio": 1.026161551475525,
  "radial_distortion": [
    0.10470592230558395,
    -0.08767837285995483,
    0.0
  ],
  "tangential_distortion": [
    -0.05374068394303322,
    0.003703630995005369
  ],
  "image_size": [
    1072,
    1920
  ]
}