{
  "orientation": [
    [
      0.9703058004379272,
      0.1556306779384613,
      -0.1851639747619629
    ],
    [
      -0.1263708919286728,
      0.9789037108421326,
      0.16055519878864288
    ],
    [
      0.20624502003192902,
      -0.13238830864429474,
      0.9695031642913818
    ]
  ],
  "position": [
    -1.651776671409607,
    2.456749200820923,
    0.06932330876588821
  ],
  "focal_length": 1624.0584716796875,
  "principal_point": [
    601.6626586914062,
    737.2704467773438
  ],
  "skew": 0.0,
  "pixel_aspect_ratio": 1.026161551475525,
  "radial_distortion": [
    0.10470592230558395,
    -0.08767837285995483,
    0.0
  ],
  "tangential_distortion": [
    -0.05374068394303322,
    0.003703630995005369
  ],
  "image_size": [
    1072,
    1920
  ]
}