{
  "orientation": [
    [
      0.938323974609375,
      0.215628981590271,
      -0.27028176188468933
    ],
    [
      -0.20507539808750153,
      0.9764466285705566,
      0.06705232709646225
    ],
    [
      0.2783741354942322,
      -0.007488664239645004,
      0.9604434967041016
    ]
  ],
  "position": [
    -3.5344088077545166,
    0.0008724859217181802,
    1.1846201419830322
  ],
  "focal_length": 1624.0584716796875,
  "principal_point": [
    601.6626586914062,
    737.2704467773438
  ],
  "skew": 0.0,
  "pixel_aspect_ratio": 1.026161551475525,
  "radial_distortion": [
    0.10470592230558395,
    -0.08767837285995483,
    0.0
  ],
  "tangential_distortion": [
    -0.05374068394303322,
    0.003703630995005369
  ],
  "image_size": [
    1072,
    1920
  ]
}