{
  "orientation": [
    [
      0.9647088646888733,
      0.1742115318775177,
      -0.1974516063928604
    ],
    [
      -0.1484975665807724,
      0.9791800379753113,
      0.13840115070343018
    ],
    [
      0.21745175123214722,
      -0.104195736348629,
      0.9704936742782593
    ]
  ],
  "position": [
    -2.382152795791626,
    2.389677047729492,
    1.0952507257461548
  ],
  "focal_length": 1624.0584716796875,
  "principal_point": [
    601.6626586914062,
    737.2704467773438
  ],
  "skew": 0.0,
  "pixel_aspect_ratio": 1.026161551475525,
  "radial_distortion": [
    0.10470592230558395,
    -0.08767837285995483,
    0.0
  ],
  "tangential_distortion": [
    -0.05374068394303322,
    0.003703630995005369
  ],
  "image_size": [
    1072,
    1920
  ]
}