{
  "orientation": [
    [
      0.9479482173919678,
      0.16995908319950104,
      -0.2692733407020569
    ],
    [
      -0.16393138468265533,
      0.9854498505592346,
      0.04489004611968994
    ],
    [
      0.2729848325252533,
      0.001588913844898343,
      0.9620169997215271
    ]
  ],
  "position": [
    -2.047438383102417,
    -3.2381112575531006,
    -1.7574084997177124
  ],
  "focal_length": 1624.0584716796875,
  "principal_point": [
    601.6626586914062,
    737.2704467773438
  ],
  "skew": 0.0,
  "pixel_aspect_ratio": 1.026161551475525,
  "radial_distortion": [
    0.10470592230558395,
    -0.08767837285995483,
    0.0
  ],
  "tangential_distortion": [
    -0.05374068394303322,
    0.003703630995005369
  ],
  "image_size": [
    1072,
    1920
  ]
}