{
  "orientation": [
    [
      0.9695876240730286,
      0.13009841740131378,
      -0.20730221271514893
    ],
    [
      -0.1316574662923813,
      0.9912751317024231,
      0.006318617612123489
    ],
    [
      0.20631557703018188,
      0.021166430786252022,
      0.9782565236091614
    ]
  ],
  "position": [
    -0.7546737194061279,
    -3.7320778369903564,
    -2.014775276184082
  ],
  "focal_length": 1624.0584716796875,
  "principal_point": [
    601.6626586914062,
    737.2704467773438
  ],
  "skew": 0.0,
  "pixel_aspect_ratio": 1.026161551475525,
  "radial_distortion": [
    0.10470592230558395,
    -0.08767837285995483,
    0.0
  ],
  "tangential_distortion": [
    -0.05374068394303322,
    0.003703630995005369
  ],
  "image_size": [
    1072,
    1920
  ]
}