{
  "orientation": [
    [
      0.9718047976493835,
      0.1288386434316635,
      -0.19747410714626312
    ],
    [
      -0.1434037983417511,
      0.9877662062644958,
      -0.06126393377780914
    ],
    [
      0.18716508150100708,
      0.08785512298345566,
      0.9783918857574463
    ]
  ],
  "position": [
    -2.2497339248657227,
    -2.414461135864258,
    0.7829036116600037
  ],
  "focal_length": 1624.0584716796875,
  "principal_point": [
    601.6626586914062,
    737.2704467773438
  ],
  "skew": 0.0,
  "pixel_aspect_ratio": 1.026161551475525,
  "radial_distortion": [
    0.10470592230558395,
    -0.08767837285995483,
    0.0
  ],
  "tangential_distortion": [
    -0.05374068394303322,
    0.003703630995005369
  ],
  "image_size": [
    1072,
    1920
  ]
}