{
  "orientation": [
    [
      0.9812554717063904,
      0.1132291778922081,
      -0.15593867003917694
    ],
    [
      -0.09058168530464172,
      0.9852192401885986,
      0.1453891396522522
    ],
    [
      0.17009606957435608,
      -0.12853869795799255,
      0.9770082831382751
    ]
  ],
  "position": [
    -1.4110263586044312,
    3.000993013381958,
    0.395527720451355
  ],
  "focal_length": 1624.0584716796875,
  "principal_point": [
    601.6626586914062,
    737.2704467773438
  ],
  "skew": 0.0,
  "pixel_aspect_ratio": 1.026161551475525,
  "radial_distortion": [
    0.10470592230558395,
    -0.08767837285995483,
    0.0
  ],
  "tangential_distortion": [
    -0.05374068394303322,
    0.003703630995005369
  ],
  "image_size": [
    1072,
    1920
  ]
}