{
  "orientation": [
    [
      0.9757433533668518,
      0.11342152953147888,
      -0.1872444599866867
    ],
    [
      -0.11480400711297989,
      0.9933820366859436,
      0.00348030892200768
    ],
    [
      0.18640004098415375,
      0.018100526183843613,
      0.9823071956634521
    ]
  ],
  "position": [
    -0.30127033591270447,
    -3.656844139099121,
    -2.0870251655578613
  ],
  "focal_length": 1624.0584716796875,
  "principal_point": [
    601.6626586914062,
    737.2704467773438
  ],
  "skew": 0.0,
  "pixel_aspect_ratio": 1.026161551475525,
  "radial_distortion": [
    0.10470592230558395,
    -0.08767837285995483,
    0.0
  ],
  "tangential_distortion": [
    -0.05374068394303322,
    0.003703630995005369
  ],
  "image_size": [
    1072,
    1920
  ]
}