{
  "orientation": [
    [
      0.9757870435714722,
      0.15658490359783173,
      -0.15271136164665222
    ],
    [
      -0.13493075966835022,
      0.9804592132568359,
      0.14315517246723175
    ],
    [
      0.17214320600032806,
      -0.11908350139856339,
      0.9778475761413574
    ]
  ],
  "position": [
    -1.2734016180038452,
    2.7979836463928223,
    0.9124102592468262
  ],
  "focal_length": 1624.0584716796875,
  "principal_point": [
    601.6626586914062,
    737.2704467773438
  ],
  "skew": 0.0,
  "pixel_aspect_ratio": 1.026161551475525,
  "radial_distortion": [
    0.10470592230558395,
    -0.08767837285995483,
    0.0
  ],
  "tangential_distortion": [
    -0.05374068394303322,
    0.003703630995005369
  ],
  "image_size": [
    1072,
    1920
  ]
}