{
  "orientation": [
    [
      0.9895364046096802,
      -0.081922747194767,
      0.11877000331878662
    ],
    [
      0.07129503786563873,
      0.9932836294174194,
      0.09112976491451263
    ],
    [
      -0.1254379004240036,
      -0.08170851320028305,
      0.9887310266494751
    ]
  ],
  "position": [
    2.7682948112487793,
    2.7551751136779785,
    0.17682750523090363
  ],
  "focal_length": 1624.0584716796875,
  "principal_point": [
    601.6626586914062,
    737.2704467773438
  ],
  "skew": 0.0,
  "pixel_aspect_ratio": 1.026161551475525,
  "radial_distortion": [
    0.10470592230558395,
    -0.08767837285995483,
    0.0
  ],
  "tangential_distortion": [
    -0.05374068394303322,
    0.003703630995005369
  ],
  "image_size": [
    1072,
    1920
  ]
}