{
  "orientation": [
    [
      0.9802687168121338,
      0.09193848073482513,
      -0.17498734593391418
    ],
    [
      -0.09400063753128052,
      0.9955659508705139,
      -0.0035149420145899057
    ],
    [
      0.17388828098773956,
      0.019894510507583618,
      0.9845644235610962
    ]
  ],
  "position": [
    -0.022135281935334206,
    -3.625004291534424,
    -2.1023454666137695
  ],
  "focal_length": 1624.0584716796875,
  "principal_point": [
    601.6626586914062,
    737.2704467773438
  ],
  "skew": 0.0,
  "pixel_aspect_ratio": 1.026161551475525,
  "radial_distortion": [
    0.10470592230558395,
    -0.08767837285995483,
    0.0
  ],
  "tangential_distortion": [
    -0.05374068394303322,
    0.003703630995005369
  ],
  "image_size": [
    1072,
    1920
  ]
}