{
  "orientation": [
    [
      0.9870745539665222,
      -0.11641120165586472,
      0.11014658957719803
    ],
    [
      0.10831602662801743,
      0.9911420941352844,
      0.07684353739023209
    ],
    [
      -0.11811637133359909,
      -0.06391966342926025,
      0.9909403324127197
    ]
  ],
  "position": [
    3.197633981704712,
    0.8697445392608643,
    0.21018478274345398
  ],
  "focal_length": 1624.0584716796875,
  "principal_point": [
    601.6626586914062,
    737.2704467773438
  ],
  "skew": 0.0,
  "pixel_aspect_ratio": 1.026161551475525,
  "radial_distortion": [
    0.10470592230558395,
    -0.08767837285995483,
    0.0
  ],
  "tangential_distortion": [
    -0.05374068394303322,
    0.003703630995005369
  ],
  "image_size": [
    1072,
    1920
  ]
}