{
  "orientation": [
    [
      0.9860901832580566,
      0.12413354963064194,
      -0.11053048074245453
    ],
    [
      -0.10856476426124573,
      0.9845765233039856,
      0.13719592988491058
    ],
    [
      0.12585633993148804,
      -0.12328784167766571,
      0.9843578338623047
    ]
  ],
  "position": [
    -0.14310896396636963,
    2.999467372894287,
    0.7838586568832397
  ],
  "focal_length": 1624.0584716796875,
  "principal_point": [
    601.6626586914062,
    737.2704467773438
  ],
  "skew": 0.0,
  "pixel_aspect_ratio": 1.026161551475525,
  "radial_distortion": [
    0.10470592230558395,
    -0.08767837285995483,
    0.0
  ],
  "tangential_distortion": [
    -0.05374068394303322,
    0.003703630995005369
  ],
  "image_size": [
    1072,
    1920
  ]
}