{
  "orientation": [
    [
      0.9962556958198547,
      0.05805564299225807,
      -0.06406321376562119
    ],
    [
      -0.06278325617313385,
      0.9952476620674133,
      -0.07443322986364365
    ],
    [
      0.05943749472498894,
      0.07817663252353668,
      0.9951661229133606
    ]
  ],
  "position": [
    -0.45657408237457275,
    -3.059631824493408,
    0.4220813810825348
  ],
  "focal_length": 1624.0584716796875,
  "principal_point": [
    601.6626586914062,
    737.2704467773438
  ],
  "skew": 0.0,
  "pixel_aspect_ratio": 1.026161551475525,
  "radial_distortion": [
    0.10470592230558395,
    -0.08767837285995483,
    0.0
  ],
  "tangential_distortion": [
    -0.05374068394303322,
    0.003703630995005369
  ],
  "image_size": [
    1072,
    1920
  ]
}