{
  "orientation": [
    [
      0.9839456081390381,
      0.10520925372838974,
      -0.14415977895259857
    ],
    [
      -0.1175706759095192,
      0.989830732345581,
      -0.08007638901472092
    ],
    [
      0.13426901400089264,
      0.09573977440595627,
      0.9863091707229614
    ]
  ],
  "position": [
    -1.5708461999893188,
    -2.9047935009002686,
    0.5834250450134277
  ],
  "focal_length": 1624.0584716796875,
  "principal_point": [
    601.6626586914062,
    737.2704467773438
  ],
  "skew": 0.0,
  "pixel_aspect_ratio": 1.026161551475525,
  "radial_distortion": [
    0.10470592230558395,
    -0.08767837285995483,
    0.0
  ],
  "tangential_distortion": [
    -0.05374068394303322,
    0.003703630995005369
  ],
  "image_size": [
    1072,
    1920
  ]
}