{
  "orientation": [
    [
      0.9879449009895325,
      -0.10921475291252136,
      0.10971354693174362
    ],
    [
      0.10590516775846481,
      0.9937398433685303,
      0.035570692270994186
    ],
    [
      -0.11291155964136124,
      -0.023522650822997093,
      0.9933265447616577
    ]
  ],
  "position": [
    3.426954507827759,
    -1.3277369737625122,
    0.43536141514778137
  ],
  "focal_length": 1624.0584716796875,
  "principal_point": [
    601.6626586914062,
    737.2704467773438
  ],
  "skew": 0.0,
  "pixel_aspect_ratio": 1.026161551475525,
  "radial_distortion": [
    0.10470592230558395,
    -0.08767837285995483,
    0.0
  ],
  "tangential_distortion": [
    -0.05374068394303322,
    0.003703630995005369
  ],
  "image_size": [
    1072,
    1920
  ]
}