{
  "orientation": [
    [
      0.9950735569000244,
      -0.08999160677194595,
      0.041594088077545166
    ],
    [
      0.08925804495811462,
      0.9958239793777466,
      0.019172867760062218
    ],
    [
      -0.043145786970853806,
      -0.015365807339549065,
      0.9989506006240845
    ]
  ],
  "position": [
    3.685899257659912,
    0.5257558226585388,
    -0.33411192893981934
  ],
  "focal_length": 1624.0584716796875,
  "principal_point": [
    601.6626586914062,
    737.2704467773438
  ],
  "skew": 0.0,
  "pixel_aspect_ratio": 1.026161551475525,
  "radial_distortion": [
    0.10470592230558395,
    -0.08767837285995483,
    0.0
  ],
  "tangential_distortion": [
    -0.05374068394303322,
    0.003703630995005369
  ],
  "image_size": [
    1072,
    1920
  ]
}