{
  "orientation": [
    [
      0.9430598020553589,
      0.20874948799610138,
      -0.258963018655777
    ],
    [
      -0.1760759949684143,
      0.9738193154335022,
      0.14378154277801514
    ],
    [
      0.282197505235672,
      -0.08999741822481155,
      0.9551256895065308
    ]
  ],
  "position": [
    -2.474440336227417,
    -0.2303694635629654,
    -1.0635110139846802
  ],
  "focal_length": 1624.0584716796875,
  "principal_point": [
    601.6626586914062,
    737.2704467773438
  ],
  "skew": 0.0,
  "pixel_aspect_ratio": 1.026161551475525,
  "radial_distortion": [
    0.10470592230558395,
    -0.08767837285995483,
    0.0
  ],
  "tangential_distortion": [
    -0.05374068394303322,
    0.003703630995005369
  ],
  "image_size": [
    1072,
    1920
  ]
}