{
  "orientation": [
    [
      0.9377759695053101,
      0.2256668657064438,
      -0.2639141380786896
    ],
    [
      -0.21172313392162323,
      0.9740065336227417,
      0.0805266872048378
    ],
    [
      0.27522629499435425,
      -0.0196392685174942,
      0.9611788392066956
    ]
  ],
  "position": [
    -3.5098953247070312,
    0.3829268515110016,
    1.1400079727172852
  ],
  "focal_length": 1624.0584716796875,
  "principal_point": [
    601.6626586914062,
    737.2704467773438
  ],
  "skew": 0.0,
  "pixel_aspect_ratio": 1.026161551475525,
  "radial_distortion": [
    0.10470592230558395,
    -0.08767837285995483,
    0.0
  ],
  "tangential_distortion": [
    -0.05374068394303322,
    0.003703630995005369
  ],
  "image_size": [
    1072,
    1920
  ]
}