{
  "orientation": [
    [
      0.997182309627533,
      -0.05110088363289833,
      0.05491932854056358
    ],
    [
      0.05323118343949318,
      0.9978569149971008,
      -0.03805265203118324
    ],
    [
      -0.052857108414173126,
      0.0408688522875309,
      0.9977654218673706
    ]
  ],
  "position": [
    2.5997602939605713,
    -2.40114426612854,
    0.5615459680557251
  ],
  "focal_length": 1624.0584716796875,
  "principal_point": [
    601.6626586914062,
    737.2704467773438
  ],
  "skew": 0.0,
  "pixel_aspect_ratio": 1.026161551475525,
  "radial_distortion": [
    0.10470592230558395,
    -0.08767837285995483,
    0.0
  ],
  "tangential_distortion": [
    -0.05374068394303322,
    0.003703630995005369
  ],
  "image_size": [
    1072,
    1920
  ]
}