{
  "orientation": [
    [
      0.9988678097724915,
      0.026297204196453094,
      -0.039643049240112305
    ],
    [
      -0.020843368023633957,
      0.9910037517547607,
      0.1322012096643448
    ],
    [
      0.04276293143630028,
      -0.13122524321079254,
      0.9904298186302185
    ]
  ],
  "position": [
    0.7054480314254761,
    3.797333240509033,
    0.4119327962398529
  ],
  "focal_length": 1624.0584716796875,
  "principal_point": [
    601.6626586914062,
    737.2704467773438
  ],
  "skew": 0.0,
  "pixel_aspect_ratio": 1.026161551475525,
  "radial_distortion": [
    0.10470592230558395,
    -0.08767837285995483,
    0.0
  ],
  "tangential_distortion": [
    -0.05374068394303322,
    0.003703630995005369
  ],
  "image_size": [
    1072,
    1920
  ]
}