{
  "orientation": [
    [
      0.9949185252189636,
      0.07506392896175385,
      -0.0671011283993721
    ],
    [
      -0.0661490336060524,
      0.9897686243057251,
      0.12642143666744232
    ],
    [
      0.07590427994728088,
      -0.12134035676717758,
      0.9897045493125916
    ]
  ],
  "position": [
    0.9122468829154968,
    3.1082065105438232,
    0.6324254274368286
  ],
  "focal_length": 1624.0584716796875,
  "principal_point": [
    601.6626586914062,
    737.2704467773438
  ],
  "skew": 0.0,
  "pixel_aspect_ratio": 1.026161551475525,
  "radial_distortion": [
    0.10470592230558395,
    -0.08767837285995483,
    0.0
  ],
  "tangential_distortion": [
    -0.05374068394303322,
    0.003703630995005369
  ],
  "image_size": [
    1072,
    1920
  ]
}