{
  "orientation": [
    [
      0.9894986748695374,
      0.06695639342069626,
      -0.12809844315052032
    ],
    [
      -0.06993807107210159,
      0.9973719716072083,
      -0.018916726112365723
    ],
    [
      0.12649519741535187,
      0.027677034959197044,
      0.9915810227394104
    ]
  ],
  "position": [
    0.9595180749893188,
    -3.395979166030884,
    -2.1242048740386963
  ],
  "focal_length": 1624.0584716796875,
  "principal_point": [
    601.6626586914062,
    737.2704467773438
  ],
  "skew": 0.0,
  "pixel_aspect_ratio": 1.026161551475525,
  "radial_distortion": [
    0.10470592230558395,
    -0.08767837285995483,
    0.0
  ],
  "tangential_distortion": [
    -0.05374068394303322,
    0.003703630995005369
  ],
  "image_size": [
    1072,
    1920
  ]
}