{
  "orientation": [
    [
      0.9212037324905396,
      0.24270953238010406,
      -0.3040982782840729
    ],
    [
      -0.2486787885427475,
      0.9683881402015686,
      0.01957659050822258
    ],
    [
      0.29923659563064575,
      0.057588767260313034,
      0.9524394869804382
    ]
  ],
  "position": [
    -6.127137184143066,
    -1.6363747119903564,
    0.7608970999717712
  ],
  "focal_length": 1624.0584716796875,
  "principal_point": [
    601.6626586914062,
    737.2704467773438
  ],
  "skew": 0.0,
  "pixel_aspect_ratio": 1.026161551475525,
  "radial_distortion": [
    0.10470592230558395,
    -0.08767837285995483,
    0.0
  ],
  "tangential_distortion": [
    -0.05374068394303322,
    0.003703630995005369
  ],
  "image_size": [
    1072,
    1920
  ]
}