{
  "orientation": [
    [
      0.924149215221405,
      0.24068696796894073,
      -0.29667824506759644
    ],
    [
      -0.23356114327907562,
      0.9705014228820801,
      0.059801120311021805
    ],
    [
      0.3023200035095215,
      0.014027347788214684,
      0.9531033039093018
    ]
  ],
  "position": [
    -5.706267356872559,
    0.13580459356307983,
    0.8386520743370056
  ],
  "focal_length": 1624.0584716796875,
  "principal_point": [
    601.6626586914062,
    737.2704467773438
  ],
  "skew": 0.0,
  "pixel_aspect_ratio": 1.026161551475525,
  "radial_distortion": [
    0.10470592230558395,
    -0.08767837285995483,
    0.0
  ],
  "tangential_distortion": [
    -0.05374068394303322,
    0.003703630995005369
  ],
  "image_size": [
    1072,
    1920
  ]
}