{
  "orientation": [
    [
      0.9872634410858154,
      -0.10242908447980881,
      0.12173423171043396
    ],
    [
      0.09776324033737183,
      0.9942490458488464,
      0.04371770843863487
    ],
    [
      -0.12551210820674896,
      -0.03125976026058197,
      0.9915995001792908
    ]
  ],
  "position": [
    4.328073024749756,
    0.9656850695610046,
    -0.27370327711105347
  ],
  "focal_length": 1624.0584716796875,
  "principal_point": [
    601.6626586914062,
    737.2704467773438
  ],
  "skew": 0.0,
  "pixel_aspect_ratio": 1.026161551475525,
  "radial_distortion": [
    0.10470592230558395,
    -0.08767837285995483,
    0.0
  ],
  "tangential_distortion": [
    -0.05374068394303322,
    0.003703630995005369
  ],
  "image_size": [
    1072,
    1920
  ]
}