{
  "orientation": [
    [
      0.9992797374725342,
      -0.02206149697303772,
      -0.030874768272042274
    ],
    [
      0.02069307118654251,
      0.9988189339637756,
      -0.043960608541965485
    ],
    [
      0.03180813789367676,
      0.04329005256295204,
      0.9985560774803162
    ]
  ],
  "position": [
    1.8575916290283203,
    -2.527954578399658,
    -0.41070279479026794
  ],
  "focal_length": 1624.0584716796875,
  "principal_point": [
    601.6626586914062,
    737.2704467773438
  ],
  "skew": 0.0,
  "pixel_aspect_ratio": 1.026161551475525,
  "radial_distortion": [
    0.10470592230558395,
    -0.08767837285995483,
    0.0
  ],
  "tangential_distortion": [
    -0.05374068394303322,
    0.003703630995005369
  ],
  "image_size": [
    1072,
    1920
  ]
}