{
  "orientation": [
    [
      0.994491457939148,
      -0.08630046993494034,
      0.05948883667588234
    ],
    [
      0.08535882830619812,
      0.9961841106414795,
      0.018197128549218178
    ],
    [
      -0.060832250863313675,
      -0.013018992729485035,
      0.9980630874633789
    ]
  ],
  "position": [
    4.029531955718994,
    -0.3268864154815674,
    -0.4585871994495392
  ],
  "focal_length": 1624.0584716796875,
  "principal_point": [
    601.6626586914062,
    737.2704467773438
  ],
  "skew": 0.0,
  "pixel_aspect_ratio": 1.026161551475525,
  "radial_distortion": [
    0.10470592230558395,
    -0.08767837285995483,
    0.0
  ],
  "tangential_distortion": [
    -0.05374068394303322,
    0.003703630995005369
  ],
  "image_size": [
    1072,
    1920
  ]
}