{
  "orientation": [
    [
      0.9536815285682678,
      0.14171597361564636,
      -0.2653453052043915
    ],
    [
      -0.13448885083198547,
      0.98987877368927,
      0.045307353138923645
    ],
    [
      0.2690804600715637,
      -0.007522798143327236,
      0.96308833360672
    ]
  ],
  "position": [
    -4.699399471282959,
    0.031958580017089844,
    0.8250986337661743
  ],
  "focal_length": 1624.0584716796875,
  "principal_point": [
    601.6626586914062,
    737.2704467773438
  ],
  "skew": 0.0,
  "pixel_aspect_ratio": 1.026161551475525,
  "radial_distortion": [
    0.10470592230558395,
    -0.08767837285995483,
    0.0
  ],
  "tangential_distortion": [
    -0.05374068394303322,
    0.003703630995005369
  ],
  "image_size": [
    1072,
    1920
  ]
}