{
  "orientation": [
    [
      0.9811833500862122,
      0.12537449598312378,
      -0.1468348652124405
    ],
    [
      -0.13820703327655792,
      0.9871110320091248,
      -0.08068856596946716
    ],
    [
      0.13482601940631866,
      0.09946388751268387,
      0.985864520072937
    ]
  ],
  "position": [
    -2.3304388523101807,
    -3.5327343940734863,
    -0.09597527235746384
  ],
  "focal_length": 1624.0584716796875,
  "principal_point": [
    601.6626586914062,
    737.2704467773438
  ],
  "skew": 0.0,
  "pixel_aspect_ratio": 1.026161551475525,
  "radial_distortion": [
    0.10470592230558395,
    -0.08767837285995483,
    0.0
  ],
  "tangential_distortion": [
    -0.05374068394303322,
    0.003703630995005369
  ],
  "image_size": [
    1072,
    1920
  ]
}