{
  "orientation": [
    [
      0.983032763004303,
      0.10196930170059204,
      -0.15247581899166107
    ],
    [
      -0.08178684115409851,
      0.9877030849456787,
      0.1332423985004425
    ],
    [
      0.1641874760389328,
      -0.1185111254453659,
      0.9792842268943787
    ]
  ],
  "position": [
    -2.850780487060547,
    2.808473587036133,
    0.5857986211776733
  ],
  "focal_length": 1624.0584716796875,
  "principal_point": [
    601.6626586914062,
    737.2704467773438
  ],
  "skew": 0.0,
  "pixel_aspect_ratio": 1.026161551475525,
  "radial_distortion": [
    0.10470592230558395,
    -0.08767837285995483,
    0.0
  ],
  "tangential_distortion": [
    -0.05374068394303322,
    0.003703630995005369
  ],
  "image_size": [
    1072,
    1920
  ]
}