{
  "orientation": [
    [
      0.9930089116096497,
      0.02010219916701317,
      -0.11631506681442261
    ],
    [
      -0.024663494899868965,
      0.9989767670631409,
      -0.03790944442152977
    ],
    [
      0.11543398350477219,
      0.04051315411925316,
      0.9924886226654053
    ]
  ],
  "position": [
    -1.1521623134613037,
    -2.8498847484588623,
    -0.24811258912086487
  ],
  "focal_length": 1624.0584716796875,
  "principal_point": [
    601.6626586914062,
    737.2704467773438
  ],
  "skew": 0.0,
  "pixel_aspect_ratio": 1.026161551475525,
  "radial_distortion": [
    0.10470592230558395,
    -0.08767837285995483,
    0.0
  ],
  "tangential_distortion": [
    -0.05374068394303322,
    0.003703630995005369
  ],
  "image_size": [
    1072,
    1920
  ]
}