{
  "orientation": [
    [
      0.9962469339370728,
      4.485909812501632e-06,
      -0.0865565687417984
    ],
    [
      -0.003275483613833785,
      0.9992856979370117,
      -0.03764830157160759
    ],
    [
      0.0864945724606514,
      0.03779051825404167,
      0.9955353140830994
    ]
  ],
  "position": [
    0.2945140302181244,
    -2.734010934829712,
    -0.40157443284988403
  ],
  "focal_length": 1624.0584716796875,
  "principal_point": [
    601.6626586914062,
    737.2704467773438
  ],
  "skew": 0.0,
  "pixel_aspect_ratio": 1.026161551475525,
  "radial_distortion": [
    0.10470592230558395,
    -0.08767837285995483,
    0.0
  ],
  "tangential_distortion": [
    -0.05374068394303322,
    0.003703630995005369
  ],
  "image_size": [
    1072,
    1920
  ]
}