{
  "orientation": [
    [
      0.997787594795227,
      -0.020936187356710434,
      0.06309958547353745
    ],
    [
      0.022807806730270386,
      0.9993165731430054,
      -0.02908843196928501
    ],
    [
      -0.06244746223092079,
      0.030463239178061485,
      0.9975832104682922
    ]
  ],
  "position": [
    3.7684004306793213,
    -1.452225685119629,
    -0.39149904251098633
  ],
  "focal_length": 1624.0584716796875,
  "principal_point": [
    601.6626586914062,
    737.2704467773438
  ],
  "skew": 0.0,
  "pixel_aspect_ratio": 1.026161551475525,
  "radial_distortion": [
    0.10470592230558395,
    -0.08767837285995483,
    0.0
  ],
  "tangential_distortion": [
    -0.05374068394303322,
    0.003703630995005369
  ],
  "image_size": [
    1072,
    1920
  ]
}