{
  "orientation": [
    [
      0.9678882956504822,
      0.0811816155910492,
      -0.237911194562912
    ],
    [
      -0.09023599326610565,
      0.9955434203147888,
      -0.02739904262125492
    ],
    [
      0.2346266359090805,
      0.04798736795783043,
      0.9709003567695618
    ]
  ],
  "position": [
    -3.900418758392334,
    -2.371825933456421,
    0.10368634760379791
  ],
  "focal_length": 1624.0584716796875,
  "principal_point": [
    601.6626586914062,
    737.2704467773438
  ],
  "skew": 0.0,
  "pixel_aspect_ratio": 1.026161551475525,
  "radial_distortion": [
    0.10470592230558395,
    -0.08767837285995483,
    0.0
  ],
  "tangential_distortion": [
    -0.05374068394303322,
    0.003703630995005369
  ],
  "image_size": [
    1072,
    1920
  ]
}