{
  "orientation": [
    [
      0.9884535670280457,
      -0.07678208500146866,
      0.13062958419322968
    ],
    [
      0.0667305737733841,
      0.9945858120918274,
      0.07966262102127075
    ],
    [
      -0.13603900372982025,
      -0.07002580910921097,
      0.9882255792617798
    ]
  ],
  "position": [
    4.118032932281494,
    2.530120849609375,
    -0.2424721121788025
  ],
  "focal_length": 1624.0584716796875,
  "principal_point": [
    601.6626586914062,
    737.2704467773438
  ],
  "skew": 0.0,
  "pixel_aspect_ratio": 1.026161551475525,
  "radial_distortion": [
    0.10470592230558395,
    -0.08767837285995483,
    0.0
  ],
  "tangential_distortion": [
    -0.05374068394303322,
    0.003703630995005369
  ],
  "image_size": [
    1072,
    1920
  ]
}