{
  "orientation": [
    [
      0.9950389266014099,
      -0.07322846353054047,
      0.06734298169612885
    ],
    [
      0.0687052384018898,
      0.9953714609146118,
      0.06719537824392319
    ],
    [
      -0.07195189595222473,
      -0.06223520264029503,
      0.995464563369751
    ]
  ],
  "position": [
    3.422032594680786,
    1.7703983783721924,
    -0.27854007482528687
  ],
  "focal_length": 1624.0584716796875,
  "principal_point": [
    601.6626586914062,
    737.2704467773438
  ],
  "skew": 0.0,
  "pixel_aspect_ratio": 1.026161551475525,
  "radial_distortion": [
    0.10470592230558395,
    -0.08767837285995483,
    0.0
  ],
  "tangential_distortion": [
    -0.05374068394303322,
    0.003703630995005369
  ],
  "image_size": [
    1072,
    1920
  ]
}