{
  "orientation": [
    [
      0.9926791191101074,
      0.0706183910369873,
      -0.09798599779605865
    ],
    [
      -0.05603918060660362,
      0.9879474639892578,
      0.14428934454917908
    ],
    [
      0.10699449479579926,
      -0.13774196803569794,
      0.9846721887588501
    ]
  ],
  "position": [
    -1.4477441310882568,
    3.250539541244507,
    0.3759825825691223
  ],
  "focal_length": 1624.0584716796875,
  "principal_point": [
    601.6626586914062,
    737.2704467773438
  ],
  "skew": 0.0,
  "pixel_aspect_ratio": 1.026161551475525,
  "radial_distortion": [
    0.10470592230558395,
    -0.08767837285995483,
    0.0
  ],
  "tangential_distortion": [
    -0.05374068394303322,
    0.003703630995005369
  ],
  "image_size": [
    1072,
    1920
  ]
}