{
  "orientation": [
    [
      0.9958366751670837,
      -0.04057106003165245,
      0.08162903040647507
    ],
    [
      0.029959475621581078,
      0.991416871547699,
      0.1272597312927246
    ],
    [
      -0.08609145879745483,
      -0.12428434938192368,
      0.9885047674179077
    ]
  ],
  "position": [
    1.9096828699111938,
    3.257126569747925,
    -0.07489223033189774
  ],
  "focal_length": 1624.0584716796875,
  "principal_point": [
    601.6626586914062,
    737.2704467773438
  ],
  "skew": 0.0,
  "pixel_aspect_ratio": 1.026161551475525,
  "radial_distortion": [
    0.10470592230558395,
    -0.08767837285995483,
    0.0
  ],
  "tangential_distortion": [
    -0.05374068394303322,
    0.003703630995005369
  ],
  "image_size": [
    1072,
    1920
  ]
}