{
  "orientation": [
    [
      0.999625563621521,
      0.025814523920416832,
      0.009076791815459728
    ],
    [
      -0.025215838104486465,
      0.997829794883728,
      -0.06082608923316002
    ],
    [
      -0.010627290233969688,
      0.06057443469762802,
      0.9981071352958679
    ]
  ],
  "position": [
    1.9558777809143066,
    -1.9468806982040405,
    -0.23637789487838745
  ],
  "focal_length": 1624.0584716796875,
  "principal_point": [
    601.6626586914062,
    737.2704467773438
  ],
  "skew": 0.0,
  "pixel_aspect_ratio": 1.026161551475525,
  "radial_distortion": [
    0.10470592230558395,
    -0.08767837285995483,
    0.0
  ],
  "tangential_distortion": [
    -0.05374068394303322,
    0.003703630995005369
  ],
  "image_size": [
    1072,
    1920
  ]
}