{
  "orientation": [
    [
      0.9922497868537903,
      0.0910535454750061,
      -0.0845554918050766
    ],
    [
      -0.0834805890917778,
      0.9925134181976318,
      0.08915182203054428
    ],
    [
      0.092040054500103,
      -0.08140213787555695,
      0.9924224615097046
    ]
  ],
  "position": [
    -1.3441615104675293,
    3.1797187328338623,
    0.5811524391174316
  ],
  "focal_length": 1624.0584716796875,
  "principal_point": [
    601.6626586914062,
    737.2704467773438
  ],
  "skew": 0.0,
  "pixel_aspect_ratio": 1.026161551475525,
  "radial_distortion": [
    0.10470592230558395,
    -0.08767837285995483,
    0.0
  ],
  "tangential_distortion": [
    -0.05374068394303322,
    0.003703630995005369
  ],
  "image_size": [
    1072,
    1920
  ]
}