{
  "orientation": [
    [
      0.9574877023696899,
      0.15672843158245087,
      -0.24218493700027466
    ],
    [
      -0.14059118926525116,
      0.9866122007369995,
      0.08264695852994919
    ],
    [
      0.2518957257270813,
      -0.04508437588810921,
      0.9667036533355713
    ]
  ],
  "position": [
    -4.506915092468262,
    1.293665885925293,
    0.9262890219688416
  ],
  "focal_length": 1624.0584716796875,
  "principal_point": [
    601.6626586914062,
    737.2704467773438
  ],
  "skew": 0.0,
  "pixel_aspect_ratio": 1.026161551475525,
  "radial_distortion": [
    0.10470592230558395,
    -0.08767837285995483,
    0.0
  ],
  "tangential_distortion": [
    -0.05374068394303322,
    0.003703630995005369
  ],
  "image_size": [
    1072,
    1920
  ]
}