{
  "orientation": [
    [
      0.9988953471183777,
      0.005381590221077204,
      0.046681683510541916
    ],
    [
      -0.009204765781760216,
      0.9965836405754089,
      0.0820748507976532
    ],
    [
      -0.046080511063337326,
      -0.08241388201713562,
      0.9955322742462158
    ]
  ],
  "position": [
    1.42275071144104,
    3.624506711959839,
    0.17751452326774597
  ],
  "focal_length": 1624.0584716796875,
  "principal_point": [
    601.6626586914062,
    737.2704467773438
  ],
  "skew": 0.0,
  "pixel_aspect_ratio": 1.026161551475525,
  "radial_distortion": [
    0.10470592230558395,
    -0.08767837285995483,
    0.0
  ],
  "tangential_distortion": [
    -0.05374068394303322,
    0.003703630995005369
  ],
  "image_size": [
    1072,
    1920
  ]
}