{
  "orientation": [
    [
      0.923731803894043,
      0.23666730523109436,
      -0.3011779487133026
    ],
    [
      -0.2484673261642456,
      0.9686398506164551,
      -0.0009024094906635582
    ],
    [
      0.2915194034576416,
      0.07566646486520767,
      0.9535675048828125
    ]
  ],
  "position": [
    -5.94091272354126,
    -1.9307425022125244,
    0.8346661925315857
  ],
  "focal_length": 1624.0584716796875,
  "principal_point": [
    601.6626586914062,
    737.2704467773438
  ],
  "skew": 0.0,
  "pixel_aspect_ratio": 1.026161551475525,
  "radial_distortion": [
    0.10470592230558395,
    -0.08767837285995483,
    0.0
  ],
  "tangential_distortion": [
    -0.05374068394303322,
    0.003703630995005369
  ],
  "image_size": [
    1072,
    1920
  ]
}