{
  "orientation": [
    [
      0.9190987944602966,
      0.2480277121067047,
      -0.3061693608760834
    ],
    [
      -0.2490391731262207,
      0.9678082466125488,
      0.0364232175052166
    ],
    [
      0.305347204208374,
      0.04277162626385689,
      0.9512799978256226
    ]
  ],
  "position": [
    -6.127053260803223,
    -0.8689260482788086,
    0.7357247471809387
  ],
  "focal_length": 1624.0584716796875,
  "principal_point": [
    601.6626586914062,
    737.2704467773438
  ],
  "skew": 0.0,
  "pixel_aspect_ratio": 1.026161551475525,
  "radial_distortion": [
    0.10470592230558395,
    -0.08767837285995483,
    0.0
  ],
  "tangential_distortion": [
    -0.05374068394303322,
    0.003703630995005369
  ],
  "image_size": [
    1072,
    1920
  ]
}