{
  "orientation": [
    [
      0.9661737680435181,
      0.14281630516052246,
      -0.21473637223243713
    ],
    [
      -0.12193714082241058,
      0.986689567565918,
      0.10758720338344574
    ],
    [
      0.2272433489561081,
      -0.07776360213756561,
      0.9707282185554504
    ]
  ],
  "position": [
    -4.112979412078857,
    2.1131999492645264,
    0.920931339263916
  ],
  "focal_length": 1624.0584716796875,
  "principal_point": [
    601.6626586914062,
    737.2704467773438
  ],
  "skew": 0.0,
  "pixel_aspect_ratio": 1.026161551475525,
  "radial_distortion": [
    0.10470592230558395,
    -0.08767837285995483,
    0.0
  ],
  "tangential_distortion": [
    -0.05374068394303322,
    0.003703630995005369
  ],
  "image_size": [
    1072,
    1920
  ]
}