{
  "orientation": [
    [
      0.9863361716270447,
      -0.084775909781456,
      0.14125867187976837
    ],
    [
      0.07578297704458237,
      0.9948112368583679,
      0.06787927448749542
    ],
    [
      -0.1462802290916443,
      -0.05624677985906601,
      0.9876428246498108
    ]
  ],
  "position": [
    4.486311912536621,
    2.123666763305664,
    -0.09941979497671127
  ],
  "focal_length": 1624.0584716796875,
  "principal_point": [
    601.6626586914062,
    737.2704467773438
  ],
  "skew": 0.0,
  "pixel_aspect_ratio": 1.026161551475525,
  "radial_distortion": [
    0.10470592230558395,
    -0.08767837285995483,
    0.0
  ],
  "tangential_distortion": [
    -0.05374068394303322,
    0.003703630995005369
  ],
  "image_size": [
    1072,
    1920
  ]
}