{
  "orientation": [
    [
      0.9987900853157043,
      0.044731348752975464,
      -0.0204318780452013
    ],
    [
      -0.046058524399995804,
      0.9964891076087952,
      -0.06991508603096008
    ],
    [
      0.017232745885849,
      0.07077155262231827,
      0.9973436594009399
    ]
  ],
  "position": [
    0.6396252512931824,
    -2.5564680099487305,
    -0.23137326538562775
  ],
  "focal_length": 1624.0584716796875,
  "principal_point": [
    601.6626586914062,
    737.2704467773438
  ],
  "skew": 0.0,
  "pixel_aspect_ratio": 1.026161551475525,
  "radial_distortion": [
    0.10470592230558395,
    -0.08767837285995483,
    0.0
  ],
  "tangential_distortion": [
    -0.05374068394303322,
    0.003703630995005369
  ],
  "image_size": [
    1072,
    1920
  ]
}