{
  "orientation": [
    [
      0.9542880058288574,
      0.159335196018219,
      -0.25287678837776184
    ],
    [
      -0.14883573353290558,
      0.9870247840881348,
      0.060249220579862595
    ],
    [
      0.259195476770401,
      -0.01985800825059414,
      0.9656206965446472
    ]
  ],
  "position": [
    -4.564566135406494,
    0.4473820626735687,
    0.8126655220985413
  ],
  "focal_length": 1624.0584716796875,
  "principal_point": [
    601.6626586914062,
    737.2704467773438
  ],
  "skew": 0.0,
  "pixel_aspect_ratio": 1.026161551475525,
  "radial_distortion": [
    0.10470592230558395,
    -0.08767837285995483,
    0.0
  ],
  "tangential_distortion": [
    -0.05374068394303322,
    0.003703630995005369
  ],
  "image_size": [
    1072,
    1920
  ]
}