{
  "orientation": [
    [
      0.9862047433853149,
      -0.08090490847826004,
      0.14441107213497162
    ],
    [
      0.07414758950471878,
      0.9959121942520142,
      0.05158526077866554
    ],
    [
      -0.1479942500591278,
      -0.04016589745879173,
      0.9881722331047058
    ]
  ],
  "position": [
    4.623685359954834,
    1.6024922132492065,
    -0.23638348281383514
  ],
  "focal_length": 1624.0584716796875,
  "principal_point": [
    601.6626586914062,
    737.2704467773438
  ],
  "skew": 0.0,
  "pixel_aspect_ratio": 1.026161551475525,
  "radial_distortion": [
    0.10470592230558395,
    -0.08767837285995483,
    0.0
  ],
  "tangential_distortion": [
    -0.05374068394303322,
    0.003703630995005369
  ],
  "image_size": [
    1072,
    1920
  ]
}