{
  "orientation": [
    [
      0.9530872702598572,
      0.12455032020807266,
      -0.27588388323783875
    ],
    [
      -0.1206894963979721,
      0.9922062158584595,
      0.030998479574918747
    ],
    [
      0.27759456634521484,
      0.0037520327605307102,
      0.960690975189209
    ]
  ],
  "position": [
    -4.794678211212158,
    -0.30445873737335205,
    0.891480028629303
  ],
  "focal_length": 1624.0584716796875,
  "principal_point": [
    601.6626586914062,
    737.2704467773438
  ],
  "skew": 0.0,
  "pixel_aspect_ratio": 1.026161551475525,
  "radial_distortion": [
    0.10470592230558395,
    -0.08767837285995483,
    0.0
  ],
  "tangential_distortion": [
    -0.05374068394303322,
    0.003703630995005369
  ],
  "image_size": [
    1072,
    1920
  ]
}