{
  "orientation": [
    [
      0.9558053016662598,
      0.13146181404590607,
      -0.26297152042388916
    ],
    [
      -0.13198305666446686,
      0.9911266565322876,
      0.015762891620397568
    ],
    [
      0.262710303068161,
      0.019641531631350517,
      0.9646748304367065
    ]
  ],
  "position": [
    -4.484187126159668,
    -0.9477577209472656,
    0.5142552256584167
  ],
  "focal_length": 1624.0584716796875,
  "principal_point": [
    601.6626586914062,
    737.2704467773438
  ],
  "skew": 0.0,
  "pixel_aspect_ratio": 1.026161551475525,
  "radial_distortion": [
    0.10470592230558395,
    -0.08767837285995483,
    0.0
  ],
  "tangential_distortion": [
    -0.05374068394303322,
    0.003703630995005369
  ],
  "image_size": [
    1072,
    1920
  ]
}