{
  "orientation": [
    [
      0.9993661046028137,
      0.021454453468322754,
      0.028409168124198914
    ],
    [
      -0.01991952210664749,
      0.9983823895454407,
      -0.05325227975845337
    ],
    [
      -0.029505711048841476,
      0.05265262350440025,
      0.9981768727302551
    ]
  ],
  "position": [
    2.626751184463501,
    -1.6951191425323486,
    -0.238905668258667
  ],
  "focal_length": 1624.0584716796875,
  "principal_point": [
    601.6626586914062,
    737.2704467773438
  ],
  "skew": 0.0,
  "pixel_aspect_ratio": 1.026161551475525,
  "radial_distortion": [
    0.10470592230558395,
    -0.08767837285995483,
    0.0
  ],
  "tangential_distortion": [
    -0.05374068394303322,
    0.003703630995005369
  ],
  "image_size": [
    1072,
    1920
  ]
}