{
  "orientation": [
    [
      0.9866807460784912,
      0.10425237566232681,
      -0.12487011402845383
    ],
    [
      -0.11580268293619156,
      0.9892672300338745,
      -0.08910717815160751
    ],
    [
      0.11424028128385544,
      0.10238063335418701,
      0.9881636500358582
    ]
  ],
  "position": [
    -1.8764654397964478,
    -3.5246658325195312,
    -0.16391317546367645
  ],
  "focal_length": 1624.0584716796875,
  "principal_point": [
    601.6626586914062,
    737.2704467773438
  ],
  "skew": 0.0,
  "pixel_aspect_ratio": 1.026161551475525,
  "radial_distortion": [
    0.10470592230558395,
    -0.08767837285995483,
    0.0
  ],
  "tangential_distortion": [
    -0.05374068394303322,
    0.003703630995005369
  ],
  "image_size": [
    1072,
    1920
  ]
}