{
  "orientation": [
    [
      0.9883590936660767,
      0.0852741077542305,
      -0.1259947121143341
    ],
    [
      -0.06714367866516113,
      0.9876260161399841,
      0.14172707498073578
    ],
    [
      0.13652130961418152,
      -0.1316174864768982,
      0.9818547368049622
    ]
  ],
  "position": [
    -2.184177875518799,
    3.009308338165283,
    0.450085312128067
  ],
  "focal_length": 1624.0584716796875,
  "principal_point": [
    601.6626586914062,
    737.2704467773438
  ],
  "skew": 0.0,
  "pixel_aspect_ratio": 1.026161551475525,
  "radial_distortion": [
    0.10470592230558395,
    -0.08767837285995483,
    0.0
  ],
  "tangential_distortion": [
    -0.05374068394303322,
    0.003703630995005369
  ],
  "image_size": [
    1072,
    1920
  ]
}