{
  "orientation": [
    [
      0.9937378168106079,
      -0.07578643411397934,
      0.08210712671279907
    ],
    [
      0.0715993195772171,
      0.9960351586341858,
      0.052796926349401474
    ],
    [
      -0.08578287810087204,
      -0.04658748582005501,
      0.9952240586280823
    ]
  ],
  "position": [
    3.7520835399627686,
    1.0841434001922607,
    -0.23889367282390594
  ],
  "focal_length": 1624.0584716796875,
  "principal_point": [
    601.6626586914062,
    737.2704467773438
  ],
  "skew": 0.0,
  "pixel_aspect_ratio": 1.026161551475525,
  "radial_distortion": [
    0.10470592230558395,
    -0.08767837285995483,
    0.0
  ],
  "tangential_distortion": [
    -0.05374068394303322,
    0.003703630995005369
  ],
  "image_size": [
    1072,
    1920
  ]
}