{
  "orientation": [
    [
      0.9456188678741455,
      0.2022136151790619,
      -0.2547835111618042
    ],
    [
      -0.1914696842432022,
      0.9792391061782837,
      0.06655897945165634
    ],
    [
      0.26295313239097595,
      -0.014156102202832699,
      0.9647047519683838
    ]
  ],
  "position": [
    -4.378054141998291,
    1.1422029733657837,
    0.5803096294403076
  ],
  "focal_length": 1624.0584716796875,
  "principal_point": [
    601.6626586914062,
    737.2704467773438
  ],
  "skew": 0.0,
  "pixel_aspect_ratio": 1.026161551475525,
  "radial_distortion": [
    0.10470592230558395,
    -0.08767837285995483,
    0.0
  ],
  "tangential_distortion": [
    -0.05374068394303322,
    0.003703630995005369
  ],
  "image_size": [
    1072,
    1920
  ]
}