{
  "orientation": [
    [
      0.9992985725402832,
      -0.03669635206460953,
      -0.007469892036169767
    ],
    [
      0.03637651354074478,
      0.9985689520835876,
      -0.03920238837599754
    ],
    [
      0.00889778696000576,
      0.03890316188335419,
      0.9992033839225769
    ]
  ],
  "position": [
    2.1989691257476807,
    -2.3934531211853027,
    -0.4404201805591583
  ],
  "focal_length": 1624.0584716796875,
  "principal_point": [
    601.6626586914062,
    737.2704467773438
  ],
  "skew": 0.0,
  "pixel_aspect_ratio": 1.026161551475525,
  "radial_distortion": [
    0.10470592230558395,
    -0.08767837285995483,
    0.0
  ],
  "tangential_distortion": [
    -0.05374068394303322,
    0.003703630995005369
  ],
  "image_size": [
    1072,
    1920
  ]
}