{
  "orientation": [
    [
      0.996568500995636,
      0.07078199833631516,
      -0.04290898144245148
    ],
    [
      -0.0667637288570404,
      0.9938114881515503,
      0.08877716213464737
    ],
    [
      0.04892726242542267,
      -0.08560775965452194,
      0.9951268434524536
    ]
  ],
  "position": [
    -0.6686843037605286,
    3.3467440605163574,
    0.4018837511539459
  ],
  "focal_length": 1624.0584716796875,
  "principal_point": [
    601.6626586914062,
    737.2704467773438
  ],
  "skew": 0.0,
  "pixel_aspect_ratio": 1.026161551475525,
  "radial_distortion": [
    0.10470592230558395,
    -0.08767837285995483,
    0.0
  ],
  "tangential_distortion": [
    -0.05374068394303322,
    0.003703630995005369
  ],
  "image_size": [
    1072,
    1920
  ]
}