{
  "orientation": [
    [
      0.9976751804351807,
      -0.027088787406682968,
      0.06253363192081451
    ],
    [
      0.018657881766557693,
      0.9911182522773743,
      0.13166813552379608
    ],
    [
      -0.06554495543241501,
      -0.1301952749490738,
      0.9893195033073425
    ]
  ],
  "position": [
    1.4303417205810547,
    3.2845635414123535,
    -0.08543436229228973
  ],
  "focal_length": 1624.0584716796875,
  "principal_point": [
    601.6626586914062,
    737.2704467773438
  ],
  "skew": 0.0,
  "pixel_aspect_ratio": 1.026161551475525,
  "radial_distortion": [
    0.10470592230558395,
    -0.08767837285995483,
    0.0
  ],
  "tangential_distortion": [
    -0.05374068394303322,
    0.003703630995005369
  ],
  "image_size": [
    1072,
    1920
  ]
}