{
  "orientation": [
    [
      0.9932069182395935,
      -0.0679628849029541,
      0.0944516584277153
    ],
    [
      0.06541858613491058,
      0.9974133968353271,
      0.029781395569443703
    ],
    [
      -0.0962313786149025,
      -0.023400193080306053,
      0.9950838685035706
    ]
  ],
  "position": [
    3.9206972122192383,
    -0.18545398116111755,
    -0.29044944047927856
  ],
  "focal_length": 1624.0584716796875,
  "principal_point": [
    601.6626586914062,
    737.2704467773438
  ],
  "skew": 0.0,
  "pixel_aspect_ratio": 1.026161551475525,
  "radial_distortion": [
    0.10470592230558395,
    -0.08767837285995483,
    0.0
  ],
  "tangential_distortion": [
    -0.05374068394303322,
    0.003703630995005369
  ],
  "image_size": [
    1072,
    1920
  ]
}