{
  "orientation": [
    [
      0.9961148500442505,
      -0.04021615907549858,
      0.07834430783987045
    ],
    [
      0.04105405882000923,
      0.9991153478622437,
      -0.009113302454352379
    ],
    [
      -0.07790849357843399,
      0.01229424774646759,
      0.9968847036361694
    ]
  ],
  "position": [
    3.856422185897827,
    -1.1634515523910522,
    -0.40309810638427734
  ],
  "focal_length": 1624.0584716796875,
  "principal_point": [
    601.6626586914062,
    737.2704467773438
  ],
  "skew": 0.0,
  "pixel_aspect_ratio": 1.026161551475525,
  "radial_distortion": [
    0.10470592230558395,
    -0.08767837285995483,
    0.0
  ],
  "tangential_distortion": [
    -0.05374068394303322,
    0.003703630995005369
  ],
  "image_size": [
    1072,
    1920
  ]
}