{
  "orientation": [
    [
      0.9975336194038391,
      -0.023728854954242706,
      -0.06605798751115799
    ],
    [
      0.020535895600914955,
      0.9986070990562439,
      -0.048602085560560226
    ],
    [
      0.06711924821138382,
      0.04712565243244171,
      0.9966314435005188
    ]
  ],
  "position": [
    1.1370618343353271,
    -2.692742109298706,
    -0.37606188654899597
  ],
  "focal_length": 1624.0584716796875,
  "principal_point": [
    601.6626586914062,
    737.2704467773438
  ],
  "skew": 0.0,
  "pixel_aspect_ratio": 1.026161551475525,
  "radial_distortion": [
    0.10470592230558395,
    -0.08767837285995483,
    0.0
  ],
  "tangential_distortion": [
    -0.05374068394303322,
    0.003703630995005369
  ],
  "image_size": [
    1072,
    1920
  ]
}