{
  "orientation": [
    [
      0.9951194524765015,
      -0.08141855150461197,
      0.05575164780020714
    ],
    [
      0.08091872185468674,
      0.9966581463813782,
      0.01116850133985281
    ],
    [
      -0.056474655866622925,
      -0.006602641195058823,
      0.9983822107315063
    ]
  ],
  "position": [
    3.85127592086792,
    -0.6684513688087463,
    -0.4066685140132904
  ],
  "focal_length": 1624.0584716796875,
  "principal_point": [
    601.6626586914062,
    737.2704467773438
  ],
  "skew": 0.0,
  "pixel_aspect_ratio": 1.026161551475525,
  "radial_distortion": [
    0.10470592230558395,
    -0.08767837285995483,
    0.0
  ],
  "tangential_distortion": [
    -0.05374068394303322,
    0.003703630995005369
  ],
  "image_size": [
    1072,
    1920
  ]
}