{
  "orientation": [
    [
      0.974912703037262,
      0.07603128254413605,
      -0.2091996967792511
    ],
    [
      -0.08424270153045654,
      0.9959749579429626,
      -0.030612030997872353
    ],
    [
      0.20603018999099731,
      0.04746760427951813,
      0.9773936867713928
    ]
  ],
  "position": [
    -3.4163577556610107,
    -2.613010883331299,
    -0.04211760684847832
  ],
  "focal_length": 1624.0584716796875,
  "principal_point": [
    601.6626586914062,
    737.2704467773438
  ],
  "skew": 0.0,
  "pixel_aspect_ratio": 1.026161551475525,
  "radial_distortion": [
    0.10470592230558395,
    -0.08767837285995483,
    0.0
  ],
  "tangential_distortion": [
    -0.05374068394303322,
    0.003703630995005369
  ],
  "image_size": [
    1072,
    1920
  ]
}