{
  "orientation": [
    [
      0.9538163542747498,
      0.19156423211097717,
      -0.23138168454170227
    ],
    [
      -0.180594801902771,
      0.9812110662460327,
      0.06789939850568771
    ],
    [
      0.24004137516021729,
      -0.022977231070399284,
      0.9704906940460205
    ]
  ],
  "position": [
    -3.891205072402954,
    1.3895118236541748,
    0.401633083820343
  ],
  "focal_length": 1624.0584716796875,
  "principal_point": [
    601.6626586914062,
    737.2704467773438
  ],
  "skew": 0.0,
  "pixel_aspect_ratio": 1.026161551475525,
  "radial_distortion": [
    0.10470592230558395,
    -0.08767837285995483,
    0.0
  ],
  "tangential_distortion": [
    -0.05374068394303322,
    0.003703630995005369
  ],
  "image_size": [
    1072,
    1920
  ]
}