{
  "orientation": [
    [
      0.971854031085968,
      0.15379178524017334,
      -0.1784595549106598
    ],
    [
      -0.1401117593050003,
      0.9863099455833435,
      0.08695633709430695
    ],
    [
      0.18938960134983063,
      -0.05950458347797394,
      0.9800973534584045
    ]
  ],
  "position": [
    -2.840757369995117,
    2.4904274940490723,
    0.711408257484436
  ],
  "focal_length": 1624.0584716796875,
  "principal_point": [
    601.6626586914062,
    737.2704467773438
  ],
  "skew": 0.0,
  "pixel_aspect_ratio": 1.026161551475525,
  "radial_distortion": [
    0.10470592230558395,
    -0.08767837285995483,
    0.0
  ],
  "tangential_distortion": [
    -0.05374068394303322,
    0.003703630995005369
  ],
  "image_size": [
    1072,
    1920
  ]
}