{
  "orientation": [
    [
      0.9962325096130371,
      -0.07384829968214035,
      0.045466098934412
    ],
    [
      0.07402428239583969,
      0.9972540140151978,
      -0.0021968302316963673
    ],
    [
      -0.04517901688814163,
      0.005554148927330971,
      0.998963475227356
    ]
  ],
  "position": [
    3.452498197555542,
    -1.11264967918396,
    -0.39333242177963257
  ],
  "focal_length": 1624.0584716796875,
  "principal_point": [
    601.6626586914062,
    737.2704467773438
  ],
  "skew": 0.0,
  "pixel_aspect_ratio": 1.026161551475525,
  "radial_distortion": [
    0.10470592230558395,
    -0.08767837285995483,
    0.0
  ],
  "tangential_distortion": [
    -0.05374068394303322,
    0.003703630995005369
  ],
  "image_size": [
    1072,
    1920
  ]
}