{
  "orientation": [
    [
      0.9964137673377991,
      -0.06752970814704895,
      0.05098354443907738
    ],
    [
      0.06362340599298477,
      0.9951741695404053,
      0.07470216602087021
    ],
    [
      -0.055782124400138855,
      -0.07119052112102509,
      0.9959017634391785
    ]
  ],
  "position": [
    3.1109890937805176,
    2.158240795135498,
    -0.3031945824623108
  ],
  "focal_length": 1624.0584716796875,
  "principal_point": [
    601.6626586914062,
    737.2704467773438
  ],
  "skew": 0.0,
  "pixel_aspect_ratio": 1.026161551475525,
  "radial_distortion": [
    0.10470592230558395,
    -0.08767837285995483,
    0.0
  ],
  "tangential_distortion": [
    -0.05374068394303322,
    0.003703630995005369
  ],
  "image_size": [
    1072,
    1920
  ]
}