{
  "orientation": [
    [
      0.957516074180603,
      0.11277297884225845,
      -0.26541516184806824
    ],
    [
      -0.11676853895187378,
      0.9931588768959045,
      0.000729897990822792
    ],
    [
      0.2636817395687103,
      0.03029325231909752,
      0.9641339182853699
    ]
  ],
  "position": [
    -4.4036407470703125,
    -1.1931521892547607,
    0.5088030099868774
  ],
  "focal_length": 1624.0584716796875,
  "principal_point": [
    601.6626586914062,
    737.2704467773438
  ],
  "skew": 0.0,
  "pixel_aspect_ratio": 1.026161551475525,
  "radial_distortion": [
    0.10470592230558395,
    -0.08767837285995483,
    0.0
  ],
  "tangential_distortion": [
    -0.05374068394303322,
    0.003703630995005369
  ],
  "image_size": [
    1072,
    1920
  ]
}