{
  "orientation": [
    [
      0.9678669571876526,
      0.1569262146949768,
      -0.19648855924606323
    ],
    [
      -0.1743174046278,
      0.9818684458732605,
      -0.07448354363441467
    ],
    [
      0.18123750388622284,
      0.10634154081344604,
      0.9776729941368103
    ]
  ],
  "position": [
    -3.2902724742889404,
    -3.7206413745880127,
    0.04088476672768593
  ],
  "focal_length": 1624.0584716796875,
  "principal_point": [
    601.6626586914062,
    737.2704467773438
  ],
  "skew": 0.0,
  "pixel_aspect_ratio": 1.026161551475525,
  "radial_distortion": [
    0.10470592230558395,
    -0.08767837285995483,
    0.0
  ],
  "tangential_distortion": [
    -0.05374068394303322,
    0.003703630995005369
  ],
  "image_size": [
    1072,
    1920
  ]
}