{
  "orientation": [
    [
      0.9872669577598572,
      0.11516538262367249,
      -0.10973113775253296
    ],
    [
      -0.10594552755355835,
      0.9906062483787537,
      0.0864570289850235
    ],
    [
      0.11865720897912979,
      -0.07373064011335373,
      0.9901940226554871
    ]
  ],
  "position": [
    -1.8125848770141602,
    2.9907338619232178,
    0.5938103795051575
  ],
  "focal_length": 1624.0584716796875,
  "principal_point": [
    601.6626586914062,
    737.2704467773438
  ],
  "skew": 0.0,
  "pixel_aspect_ratio": 1.026161551475525,
  "radial_distortion": [
    0.10470592230558395,
    -0.08767837285995483,
    0.0
  ],
  "tangential_distortion": [
    -0.05374068394303322,
    0.003703630995005369
  ],
  "image_size": [
    1072,
    1920
  ]
}