{
  "orientation": [
    [
      0.9867140650749207,
      -0.09118632227182388,
      0.13446348905563354
    ],
    [
      0.08535581082105637,
      0.9951685070991516,
      0.0485185831785202
    ],
    [
      -0.1382380574941635,
      -0.036396726965904236,
      0.9897300004959106
    ]
  ],
  "position": [
    4.547942161560059,
    1.4116936922073364,
    -0.16837674379348755
  ],
  "focal_length": 1624.0584716796875,
  "principal_point": [
    601.6626586914062,
    737.2704467773438
  ],
  "skew": 0.0,
  "pixel_aspect_ratio": 1.026161551475525,
  "radial_distortion": [
    0.10470592230558395,
    -0.08767837285995483,
    0.0
  ],
  "tangential_distortion": [
    -0.05374068394303322,
    0.003703630995005369
  ],
  "image_size": [
    1072,
    1920
  ]
}