{
  "orientation": [
    [
      0.9942152500152588,
      0.07998979091644287,
      -0.07167717814445496
    ],
    [
      -0.08623632788658142,
      0.9923122525215149,
      -0.08876779675483704
    ],
    [
      0.06402561813592911,
      0.09443547576665878,
      0.9934700131416321
    ]
  ],
  "position": [
    -0.5166820883750916,
    -3.2525739669799805,
    -0.320928692817688
  ],
  "focal_length": 1624.0584716796875,
  "principal_point": [
    601.6626586914062,
    737.2704467773438
  ],
  "skew": 0.0,
  "pixel_aspect_ratio": 1.026161551475525,
  "radial_distortion": [
    0.10470592230558395,
    -0.08767837285995483,
    0.0
  ],
  "tangential_distortion": [
    -0.05374068394303322,
    0.003703630995005369
  ],
  "image_size": [
    1072,
    1920
  ]
}