{
  "orientation": [
    [
      0.9972339868545532,
      -0.06842073053121567,
      0.02903311885893345
    ],
    [
      0.06862910091876984,
      0.9976227283477783,
      -0.006241173017770052
    ],
    [
      -0.028537074103951454,
      0.008216426707804203,
      0.9995589852333069
    ]
  ],
  "position": [
    3.0157573223114014,
    -1.4053268432617188,
    -0.39678409695625305
  ],
  "focal_length": 1624.0584716796875,
  "principal_point": [
    601.6626586914062,
    737.2704467773438
  ],
  "skew": 0.0,
  "pixel_aspect_ratio": 1.026161551475525,
  "radial_distortion": [
    0.10470592230558395,
    -0.08767837285995483,
    0.0
  ],
  "tangential_distortion": [
    -0.05374068394303322,
    0.003703630995005369
  ],
  "image_size": [
    1072,
    1920
  ]
}