{
  "orientation": [
    [
      0.9592844247817993,
      0.17586030066013336,
      -0.2210124135017395
    ],
    [
      -0.1949070394039154,
      0.9785047769546509,
      -0.06737697124481201
    ],
    [
      0.2044127732515335,
      0.10771055519580841,
      0.9729408025741577
    ]
  ],
  "position": [
    -3.7314205169677734,
    -3.6914138793945312,
    0.13495974242687225
  ],
  "focal_length": 1624.0584716796875,
  "principal_point": [
    601.6626586914062,
    737.2704467773438
  ],
  "skew": 0.0,
  "pixel_aspect_ratio": 1.026161551475525,
  "radial_distortion": [
    0.10470592230558395,
    -0.08767837285995483,
    0.0
  ],
  "tangential_distortion": [
    -0.05374068394303322,
    0.003703630995005369
  ],
  "image_size": [
    1072,
    1920
  ]
}