{
  "orientation": [
    [
      0.9197036623954773,
      0.24811658263206482,
      -0.30427512526512146
    ],
    [
      -0.24602481722831726,
      0.9681784510612488,
      0.04585062339901924
    ],
    [
      0.30596891045570374,
      0.03269024193286896,
      0.9514800906181335
    ]
  ],
  "position": [
    -5.996664047241211,
    -0.47364524006843567,
    0.6714769601821899
  ],
  "focal_length": 1624.0584716796875,
  "principal_point": [
    601.6626586914062,
    737.2704467773438
  ],
  "skew": 0.0,
  "pixel_aspect_ratio": 1.026161551475525,
  "radial_distortion": [
    0.10470592230558395,
    -0.08767837285995483,
    0.0
  ],
  "tangential_distortion": [
    -0.05374068394303322,
    0.003703630995005369
  ],
  "image_size": [
    1072,
    1920
  ]
}