{
  "orientation": [
    [
      0.9387396574020386,
      0.22328166663646698,
      -0.262513130903244
    ],
    [
      -0.2146189659833908,
      0.9747528433799744,
      0.06160874292254448
    ],
    [
      0.2696415185928345,
      -0.0014942751731723547,
      0.9629595875740051
    ]
  ],
  "position": [
    -4.7950897216796875,
    0.6997020244598389,
    0.46279677748680115
  ],
  "focal_length": 1624.0584716796875,
  "principal_point": [
    601.6626586914062,
    737.2704467773438
  ],
  "skew": 0.0,
  "pixel_aspect_ratio": 1.026161551475525,
  "radial_distortion": [
    0.10470592230558395,
    -0.08767837285995483,
    0.0
  ],
  "tangential_distortion": [
    -0.05374068394303322,
    0.003703630995005369
  ],
  "image_size": [
    1072,
    1920
  ]
}