{
  "orientation": [
    [
      0.9397150874137878,
      0.20591910183429718,
      -0.2730071246623993
    ],
    [
      -0.22440974414348602,
      0.9737548232078552,
      -0.03797157108783722
    ],
    [
      0.2580229341983795,
      0.09694791585206985,
      0.9612623453140259
    ]
  ],
  "position": [
    -4.6521711349487305,
    -3.270016670227051,
    0.33800217509269714
  ],
  "focal_length": 1624.0584716796875,
  "principal_point": [
    601.6626586914062,
    737.2704467773438
  ],
  "skew": 0.0,
  "pixel_aspect_ratio": 1.026161551475525,
  "radial_distortion": [
    0.10470592230558395,
    -0.08767837285995483,
    0.0
  ],
  "tangential_distortion": [
    -0.05374068394303322,
    0.003703630995005369
  ],
  "image_size": [
    1072,
    1920
  ]
}