{
  "orientation": [
    [
      0.9928305149078369,
      -0.07093676179647446,
      0.09620554000139236
    ],
    [
      0.06761454790830612,
      0.9970114827156067,
      0.03736764192581177
    ],
    [
      -0.09856877475976944,
      -0.03059484250843525,
      0.9946598410606384
    ]
  ],
  "position": [
    4.011630058288574,
    0.2490168660879135,
    -0.2342723160982132
  ],
  "focal_length": 1624.0584716796875,
  "principal_point": [
    601.6626586914062,
    737.2704467773438
  ],
  "skew": 0.0,
  "pixel_aspect_ratio": 1.026161551475525,
  "radial_distortion": [
    0.10470592230558395,
    -0.08767837285995483,
    0.0
  ],
  "tangential_distortion": [
    -0.05374068394303322,
    0.003703630995005369
  ],
  "image_size": [
    1072,
    1920
  ]
}