{
  "orientation": [
    [
      0.9992616772651672,
      0.009863929823040962,
      0.037132032215595245
    ],
    [
      -0.007822652347385883,
      0.9984709620475769,
      -0.05472283065319061
    ],
    [
      -0.03761503845453262,
      0.05439195781946182,
      0.9978109002113342
    ]
  ],
  "position": [
    3.1425540447235107,
    -1.7081196308135986,
    -0.32748639583587646
  ],
  "focal_length": 1624.0584716796875,
  "principal_point": [
    601.6626586914062,
    737.2704467773438
  ],
  "skew": 0.0,
  "pixel_aspect_ratio": 1.026161551475525,
  "radial_distortion": [
    0.10470592230558395,
    -0.08767837285995483,
    0.0
  ],
  "tangential_distortion": [
    -0.05374068394303322,
    0.003703630995005369
  ],
  "image_size": [
    1072,
    1920
  ]
}