{
  "orientation": [
    [
      0.9931532740592957,
      -0.07436443865299225,
      0.09009137004613876
    ],
    [
      0.07017609477043152,
      0.9963401556015015,
      0.04880223050713539
    ],
    [
      -0.0933908000588417,
      -0.04214583337306976,
      0.9947370886802673
    ]
  ],
  "position": [
    3.921809196472168,
    0.6082772016525269,
    -0.2545461654663086
  ],
  "focal_length": 1624.0584716796875,
  "principal_point": [
    601.6626586914062,
    737.2704467773438
  ],
  "skew": 0.0,
  "pixel_aspect_ratio": 1.026161551475525,
  "radial_distortion": [
    0.10470592230558395,
    -0.08767837285995483,
    0.0
  ],
  "tangential_distortion": [
    -0.05374068394303322,
    0.003703630995005369
  ],
  "image_size": [
    1072,
    1920
  ]
}