{
  "orientation": [
    [
      0.990675687789917,
      -0.10443446785211563,
      0.08749359101057053
    ],
    [
      0.10250920802354813,
      0.9943861961364746,
      0.02622832916676998
    ],
    [
      -0.08974156528711319,
      -0.017014868557453156,
      0.9958197474479675
    ]
  ],
  "position": [
    4.05432653427124,
    0.26416152715682983,
    -0.4836123585700989
  ],
  "focal_length": 1624.0584716796875,
  "principal_point": [
    601.6626586914062,
    737.2704467773438
  ],
  "skew": 0.0,
  "pixel_aspect_ratio": 1.026161551475525,
  "radial_distortion": [
    0.10470592230558395,
    -0.08767837285995483,
    0.0
  ],
  "tangential_distortion": [
    -0.05374068394303322,
    0.003703630995005369
  ],
  "image_size": [
    1072,
    1920
  ]
}