{
  "orientation": [
    [
      0.9912253618240356,
      0.08862470835447311,
      -0.09807106107473373
    ],
    [
      -0.0974239856004715,
      0.9912644624710083,
      -0.08890092372894287
    ],
    [
      0.08933553844690323,
      0.09767532348632812,
      0.9912006258964539
    ]
  ],
  "position": [
    -1.2813953161239624,
    -3.3239214420318604,
    -0.17533181607723236
  ],
  "focal_length": 1624.0584716796875,
  "principal_point": [
    601.6626586914062,
    737.2704467773438
  ],
  "skew": 0.0,
  "pixel_aspect_ratio": 1.026161551475525,
  "radial_distortion": [
    0.10470592230558395,
    -0.08767837285995483,
    0.0
  ],
  "tangential_distortion": [
    -0.05374068394303322,
    0.003703630995005369
  ],
  "image_size": [
    1072,
    1920
  ]
}