{
  "orientation": [
    [
      0.9992078542709351,
      -0.010321450419723988,
      0.038434214890003204
    ],
    [
      0.004499922040849924,
      0.9888906478881836,
      0.14857667684555054
    ],
    [
      -0.039540763944387436,
      -0.14828602969646454,
      0.9881536960601807
    ]
  ],
  "position": [
    0.9418266415596008,
    3.5303871631622314,
    0.04684409499168396
  ],
  "focal_length": 1624.0584716796875,
  "principal_point": [
    601.6626586914062,
    737.2704467773438
  ],
  "skew": 0.0,
  "pixel_aspect_ratio": 1.026161551475525,
  "radial_distortion": [
    0.10470592230558395,
    -0.08767837285995483,
    0.0
  ],
  "tangential_distortion": [
    -0.05374068394303322,
    0.003703630995005369
  ],
  "image_size": [
    1072,
    1920
  ]
}