{
  "orientation": [
    [
      0.9321017861366272,
      0.21900343894958496,
      -0.28848525881767273
    ],
    [
      -0.2340688854455948,
      0.9720467925071716,
      -0.018352536484599113
    ],
    [
      0.27640190720558167,
      0.08463185280561447,
      0.9573084115982056
    ]
  ],
  "position": [
    -5.095269203186035,
    -2.862781286239624,
    0.4425412118434906
  ],
  "focal_length": 1624.0584716796875,
  "principal_point": [
    601.6626586914062,
    737.2704467773438
  ],
  "skew": 0.0,
  "pixel_aspect_ratio": 1.026161551475525,
  "radial_distortion": [
    0.10470592230558395,
    -0.08767837285995483,
    0.0
  ],
  "tangential_distortion": [
    -0.05374068394303322,
    0.003703630995005369
  ],
  "image_size": [
    1072,
    1920
  ]
}