{
  "orientation": [
    [
      0.9957918524742126,
      -0.03753286600112915,
      0.08360524475574493
    ],
    [
      0.031081566587090492,
      0.996533215045929,
      0.0771719217300415
    ],
    [
      -0.08621188998222351,
      -0.07424859702587128,
      0.9935062527656555
    ]
  ],
  "position": [
    2.6049106121063232,
    3.411060333251953,
    0.010116256773471832
  ],
  "focal_length": 1624.0584716796875,
  "principal_point": [
    601.6626586914062,
    737.2704467773438
  ],
  "skew": 0.0,
  "pixel_aspect_ratio": 1.026161551475525,
  "radial_distortion": [
    0.10470592230558395,
    -0.08767837285995483,
    0.0
  ],
  "tangential_distortion": [
    -0.05374068394303322,
    0.003703630995005369
  ],
  "image_size": [
    1072,
    1920
  ]
}