{
  "orientation": [
    [
      0.9784274101257324,
      0.11349789798259735,
      -0.17262089252471924
    ],
    [
      -0.0930144339799881,
      0.9881046414375305,
      0.12246448546648026
    ],
    [
      0.18446697294712067,
      -0.10376638174057007,
      0.9773456454277039
    ]
  ],
  "position": [
    -3.4027750492095947,
    2.6133975982666016,
    0.7485267519950867
  ],
  "focal_length": 1624.0584716796875,
  "principal_point": [
    601.6626586914062,
    737.2704467773438
  ],
  "skew": 0.0,
  "pixel_aspect_ratio": 1.026161551475525,
  "radial_distortion": [
    0.10470592230558395,
    -0.08767837285995483,
    0.0
  ],
  "tangential_distortion": [
    -0.05374068394303322,
    0.003703630995005369
  ],
  "image_size": [
    1072,
    1920
  ]
}