{
  "orientation": [
    [
      0.9906235933303833,
      -0.06412836909294128,
      0.12063337117433548
    ],
    [
      0.05229809880256653,
      0.9937320351600647,
      0.09880085289478302
    ],
    [
      -0.1262131780385971,
      -0.0915655642747879,
      0.9877681732177734
    ]
  ],
  "position": [
    2.6690382957458496,
    2.972837448120117,
    0.09594736248254776
  ],
  "focal_length": 1624.0584716796875,
  "principal_point": [
    601.6626586914062,
    737.2704467773438
  ],
  "skew": 0.0,
  "pixel_aspect_ratio": 1.026161551475525,
  "radial_distortion": [
    0.10470592230558395,
    -0.08767837285995483,
    0.0
  ],
  "tangential_distortion": [
    -0.05374068394303322,
    0.003703630995005369
  ],
  "image_size": [
    1072,
    1920
  ]
}