{
  "orientation": [
    [
      0.9943661689758301,
      -0.058399707078933716,
      0.08846147358417511
    ],
    [
      0.05702560767531395,
      0.9982107281684875,
      0.01798383891582489
    ],
    [
      -0.08935344219207764,
      -0.012837951071560383,
      0.9959172606468201
    ]
  ],
  "position": [
    3.8503997325897217,
    -0.5824152231216431,
    -0.3231201767921448
  ],
  "focal_length": 1624.0584716796875,
  "principal_point": [
    601.6626586914062,
    737.2704467773438
  ],
  "skew": 0.0,
  "pixel_aspect_ratio": 1.026161551475525,
  "radial_distortion": [
    0.10470592230558395,
    -0.08767837285995483,
    0.0
  ],
  "tangential_distortion": [
    -0.05374068394303322,
    0.003703630995005369
  ],
  "image_size": [
    1072,
    1920
  ]
}