{
  "orientation": [
    [
      0.9794865250587463,
      0.13849496841430664,
      -0.14637398719787598
    ],
    [
      -0.12809830904006958,
      0.9886689782142639,
      0.07825925201177597
    ],
    [
      0.155553936958313,
      -0.05790362134575844,
      0.9861288666725159
    ]
  ],
  "position": [
    -2.369041681289673,
    2.6071276664733887,
    0.5698679685592651
  ],
  "focal_length": 1624.0584716796875,
  "principal_point": [
    601.6626586914062,
    737.2704467773438
  ],
  "skew": 0.0,
  "pixel_aspect_ratio": 1.026161551475525,
  "radial_distortion": [
    0.10470592230558395,
    -0.08767837285995483,
    0.0
  ],
  "tangential_distortion": [
    -0.05374068394303322,
    0.003703630995005369
  ],
  "image_size": [
    1072,
    1920
  ]
}