{
  "orientation": [
    [
      0.9551597237586975,
      0.15264885127544403,
      -0.2537088990211487
    ],
    [
      -0.13858850300312042,
      0.9876921772956848,
      0.07250794023275375
    ],
    [
      0.2616545557975769,
      -0.03409552201628685,
      0.9645591378211975
    ]
  ],
  "position": [
    -4.644797325134277,
    1.0045257806777954,
    1.0743211507797241
  ],
  "focal_length": 1624.0584716796875,
  "principal_point": [
    601.6626586914062,
    737.2704467773438
  ],
  "skew": 0.0,
  "pixel_aspect_ratio": 1.026161551475525,
  "radial_distortion": [
    0.10470592230558395,
    -0.08767837285995483,
    0.0
  ],
  "tangential_distortion": [
    -0.05374068394303322,
    0.003703630995005369
  ],
  "image_size": [
    1072,
    1920
  ]
}