{
  "orientation": [
    [
      0.9989821314811707,
      -0.008174873888492584,
      0.044361017644405365
    ],
    [
      0.009798009879887104,
      0.9992857575416565,
      -0.03649604693055153
    ],
    [
      -0.04403098300099373,
      0.03689354658126831,
      0.9983487129211426
    ]
  ],
  "position": [
    3.4660701751708984,
    -1.3377317190170288,
    -0.29307204484939575
  ],
  "focal_length": 1624.0584716796875,
  "principal_point": [
    601.6626586914062,
    737.2704467773438
  ],
  "skew": 0.0,
  "pixel_aspect_ratio": 1.026161551475525,
  "radial_distortion": [
    0.10470592230558395,
    -0.08767837285995483,
    0.0
  ],
  "tangential_distortion": [
    -0.05374068394303322,
    0.003703630995005369
  ],
  "image_size": [
    1072,
    1920
  ]
}