{
  "orientation": [
    [
      0.9977073669433594,
      -0.020417945459485054,
      0.0645221695303917
    ],
    [
      0.01541098766028881,
      0.9968990683555603,
      0.07716690003871918
    ],
    [
      -0.06589768081903458,
      -0.07599563151597977,
      0.994928240776062
    ]
  ],
  "position": [
    1.9797298908233643,
    3.521338701248169,
    0.0655837431550026
  ],
  "focal_length": 1624.0584716796875,
  "principal_point": [
    601.6626586914062,
    737.2704467773438
  ],
  "skew": 0.0,
  "pixel_aspect_ratio": 1.026161551475525,
  "radial_distortion": [
    0.10470592230558395,
    -0.08767837285995483,
    0.0
  ],
  "tangential_distortion": [
    -0.05374068394303322,
    0.003703630995005369
  ],
  "image_size": [
    1072,
    1920
  ]
}