{
  "orientation": [
    [
      0.9593727588653564,
      0.09649249911308289,
      -0.2651285231113434
    ],
    [
      -0.10266052931547165,
      0.9946713447570801,
      -0.009472337551414967
    ],
    [
      0.26280173659324646,
      0.036305736750364304,
      0.964166522026062
    ]
  ],
  "position": [
    -4.363161087036133,
    -1.5853742361068726,
    0.41947317123413086
  ],
  "focal_length": 1624.0584716796875,
  "principal_point": [
    601.6626586914062,
    737.2704467773438
  ],
  "skew": 0.0,
  "pixel_aspect_ratio": 1.026161551475525,
  "radial_distortion": [
    0.10470592230558395,
    -0.08767837285995483,
    0.0
  ],
  "tangential_distortion": [
    -0.05374068394303322,
    0.003703630995005369
  ],
  "image_size": [
    1072,
    1920
  ]
}