{
  "orientation": [
    [
      0.9278819561004639,
      0.23482708632946014,
      -0.28964000940322876
    ],
    [
      -0.2480887770652771,
      0.9686917066574097,
      -0.009398067370057106
    ],
    [
      0.27836495637893677,
      0.08057673275470734,
      0.9570895433425903
    ]
  ],
  "position": [
    -5.323025703430176,
    -2.54892897605896,
    0.5141170620918274
  ],
  "focal_length": 1624.0584716796875,
  "principal_point": [
    601.6626586914062,
    737.2704467773438
  ],
  "skew": 0.0,
  "pixel_aspect_ratio": 1.026161551475525,
  "radial_distortion": [
    0.10470592230558395,
    -0.08767837285995483,
    0.0
  ],
  "tangential_distortion": [
    -0.05374068394303322,
    0.003703630995005369
  ],
  "image_size": [
    1072,
    1920
  ]
}