{
  "orientation": [
    [
      0.9912107586860657,
      -0.07391846925020218,
      0.10971437394618988
    ],
    [
      0.06505078822374344,
      0.9944808483123779,
      0.08231789618730545
    ],
    [
      -0.11519365757703781,
      -0.07445737719535828,
      0.9905486106872559
    ]
  ],
  "position": [
    3.5931241512298584,
    2.9126040935516357,
    -0.11518878489732742
  ],
  "focal_length": 1624.0584716796875,
  "principal_point": [
    601.6626586914062,
    737.2704467773438
  ],
  "skew": 0.0,
  "pixel_aspect_ratio": 1.026161551475525,
  "radial_distortion": [
    0.10470592230558395,
    -0.08767837285995483,
    0.0
  ],
  "tangential_distortion": [
    -0.05374068394303322,
    0.003703630995005369
  ],
  "image_size": [
    1072,
    1920
  ]
}