{
  "orientation": [
    [
      0.9947426319122314,
      0.004891870077699423,
      -0.10228946805000305
    ],
    [
      -0.008904537186026573,
      0.9992069602012634,
      -0.038808804005384445
    ],
    [
      0.10201849788427353,
      0.03951561450958252,
      0.99399733543396
    ]
  ],
  "position": [
    -0.4782449007034302,
    -2.803419828414917,
    -0.3116469979286194
  ],
  "focal_length": 1624.0584716796875,
  "principal_point": [
    601.6626586914062,
    737.2704467773438
  ],
  "skew": 0.0,
  "pixel_aspect_ratio": 1.026161551475525,
  "radial_distortion": [
    0.10470592230558395,
    -0.08767837285995483,
    0.0
  ],
  "tangential_distortion": [
    -0.05374068394303322,
    0.003703630995005369
  ],
  "image_size": [
    1072,
    1920
  ]
}