{
  "orientation": [
    [
      0.9609942436218262,
      0.15268364548683167,
      -0.23060297966003418
    ],
    [
      -0.13383367657661438,
      0.9864034056663513,
      0.09537722170352936
    ],
    [
      0.2420300990343094,
      -0.060794517397880554,
      0.9683622717857361
    ]
  ],
  "position": [
    -4.407182693481445,
    1.6781017780303955,
    0.9423255920410156
  ],
  "focal_length": 1624.0584716796875,
  "principal_point": [
    601.6626586914062,
    737.2704467773438
  ],
  "skew": 0.0,
  "pixel_aspect_ratio": 1.026161551475525,
  "radial_distortion": [
    0.10470592230558395,
    -0.08767837285995483,
    0.0
  ],
  "tangential_distortion": [
    -0.05374068394303322,
    0.003703630995005369
  ],
  "image_size": [
    1072,
    1920
  ]
}