{
  "orientation": [
    [
      0.9314349889755249,
      0.23396830260753632,
      -0.2787250578403473
    ],
    [
      -0.22618860006332397,
      0.9722194671630859,
      0.06023338437080383
    ],
    [
      0.2850746214389801,
      0.006940946914255619,
      0.958480179309845
    ]
  ],
  "position": [
    -5.216222763061523,
    0.4235104024410248,
    0.6508802771568298
  ],
  "focal_length": 1624.0584716796875,
  "principal_point": [
    601.6626586914062,
    737.2704467773438
  ],
  "skew": 0.0,
  "pixel_aspect_ratio": 1.026161551475525,
  "radial_distortion": [
    0.10470592230558395,
    -0.08767837285995483,
    0.0
  ],
  "tangential_distortion": [
    -0.05374068394303322,
    0.003703630995005369
  ],
  "image_size": [
    1072,
    1920
  ]
}