{
  "orientation": [
    [
      0.9986974000930786,
      0.05017327889800072,
      -0.009279523976147175
    ],
    [
      -0.04917145147919655,
      0.9949466586112976,
      0.08754069358110428
    ],
    [
      0.013624834828078747,
      -0.08697037398815155,
      0.9961177110671997
    ]
  ],
  "position": [
    0.033514056354761124,
    3.510321617126465,
    0.2980380654335022
  ],
  "focal_length": 1624.0584716796875,
  "principal_point": [
    601.6626586914062,
    737.2704467773438
  ],
  "skew": 0.0,
  "pixel_aspect_ratio": 1.026161551475525,
  "radial_distortion": [
    0.10470592230558395,
    -0.08767837285995483,
    0.0
  ],
  "tangential_distortion": [
    -0.05374068394303322,
    0.003703630995005369
  ],
  "image_size": [
    1072,
    1920
  ]
}