{
  "orientation": [
    [
      0.9485923647880554,
      0.19108270108699799,
      -0.2523091435432434
    ],
    [
      -0.21086637675762177,
      0.9760448932647705,
      -0.05358879640698433
    ],
    [
      0.2360251545906067,
      0.10403744131326675,
      0.9661616683006287
    ]
  ],
  "position": [
    -4.225170135498047,
    -3.5428130626678467,
    0.23237217962741852
  ],
  "focal_length": 1624.0584716796875,
  "principal_point": [
    601.6626586914062,
    737.2704467773438
  ],
  "skew": 0.0,
  "pixel_aspect_ratio": 1.026161551475525,
  "radial_distortion": [
    0.10470592230558395,
    -0.08767837285995483,
    0.0
  ],
  "tangential_distortion": [
    -0.05374068394303322,
    0.003703630995005369
  ],
  "image_size": [
    1072,
    1920
  ]
}