{
  "orientation": [
    [
      0.9255045652389526,
      0.23476555943489075,
      -0.297197550535202
    ],
    [
      -0.24718956649303436,
      0.9689573049545288,
      -0.004365017171949148
    ],
    [
      0.28694698214530945,
      0.0775039792060852,
      0.9548060297966003
    ]
  ],
  "position": [
    -5.721963405609131,
    -2.246119976043701,
    0.7090936303138733
  ],
  "focal_length": 1624.0584716796875,
  "principal_point": [
    601.6626586914062,
    737.2704467773438
  ],
  "skew": 0.0,
  "pixel_aspect_ratio": 1.026161551475525,
  "radial_distortion": [
    0.10470592230558395,
    -0.08767837285995483,
    0.0
  ],
  "tangential_distortion": [
    -0.05374068394303322,
    0.003703630995005369
  ],
  "image_size": [
    1072,
    1920
  ]
}