{
  "orientation": [
    [
      0.9971040487289429,
      0.058602768927812576,
      -0.04846903309226036
    ],
    [
      -0.06242859363555908,
      0.9947078824043274,
      -0.08160192519426346
    ],
    [
      0.04343043267726898,
      0.08439145982265472,
      0.9954857230186462
    ]
  ],
  "position": [
    -0.011834412813186646,
    -3.023432970046997,
    -0.32206788659095764
  ],
  "focal_length": 1624.0584716796875,
  "principal_point": [
    601.6626586914062,
    737.2704467773438
  ],
  "skew": 0.0,
  "pixel_aspect_ratio": 1.026161551475525,
  "radial_distortion": [
    0.10470592230558395,
    -0.08767837285995483,
    0.0
  ],
  "tangential_distortion": [
    -0.05374068394303322,
    0.003703630995005369
  ],
  "image_size": [
    1072,
    1920
  ]
}