{
  "orientation": [
    [
      0.981990396976471,
      0.07953766733407974,
      -0.1713726818561554
    ],
    [
      -0.0869390070438385,
      0.9955588579177856,
      -0.03611337020993233
    ],
    [
      0.16773921251296997,
      0.05036195367574692,
      0.9845441579818726
    ]
  ],
  "position": [
    -2.603649377822876,
    -2.7657787799835205,
    -0.1756160706281662
  ],
  "focal_length": 1624.0584716796875,
  "principal_point": [
    601.6626586914062,
    737.2704467773438
  ],
  "skew": 0.0,
  "pixel_aspect_ratio": 1.026161551475525,
  "radial_distortion": [
    0.10470592230558395,
    -0.08767837285995483,
    0.0
  ],
  "tangential_distortion": [
    -0.05374068394303322,
    0.003703630995005369
  ],
  "image_size": [
    1072,
    1920
  ]
}