{
  "orientation": [
    [
      0.9727624654769897,
      0.1292157769203186,
      -0.1924486756324768
    ],
    [
      -0.10875535756349564,
      0.9875825643539429,
      0.1133711040019989
    ],
    [
      0.2047082930803299,
      -0.08935333043336868,
      0.9747360944747925
    ]
  ],
  "position": [
    -3.8595316410064697,
    2.3346621990203857,
    0.8520859479904175
  ],
  "focal_length": 1624.0584716796875,
  "principal_point": [
    601.6626586914062,
    737.2704467773438
  ],
  "skew": 0.0,
  "pixel_aspect_ratio": 1.026161551475525,
  "radial_distortion": [
    0.10470592230558395,
    -0.08767837285995483,
    0.0
  ],
  "tangential_distortion": [
    -0.05374068394303322,
    0.003703630995005369
  ],
  "image_size": [
    1072,
    1920
  ]
}