{
  "orientation": [
    [
      0.9962599277496338,
      0.05266086384654045,
      -0.06850536167621613
    ],
    [
      -0.0419989712536335,
      0.9879904985427856,
      0.14869701862335205
    ],
    [
      0.07551316171884537,
      -0.14526373147964478,
      0.9865070581436157
    ]
  ],
  "position": [
    -0.7824064493179321,
    3.475647449493408,
    0.350165456533432
  ],
  "focal_length": 1624.0584716796875,
  "principal_point": [
    601.6626586914062,
    737.2704467773438
  ],
  "skew": 0.0,
  "pixel_aspect_ratio": 1.026161551475525,
  "radial_distortion": [
    0.10470592230558395,
    -0.08767837285995483,
    0.0
  ],
  "tangential_distortion": [
    -0.05374068394303322,
    0.003703630995005369
  ],
  "image_size": [
    1072,
    1920
  ]
}