{
  "orientation": [
    [
      0.9934680461883545,
      -0.052620891481637955,
      0.10125360637903214
    ],
    [
      0.04479845613241196,
      0.9959433674812317,
      0.07803764939308167
    ],
    [
      -0.10494927316904068,
      -0.07299190759658813,
      0.9917952418327332
    ]
  ],
  "position": [
    3.2280004024505615,
    3.1554107666015625,
    -0.09769061952829361
  ],
  "focal_length": 1624.0584716796875,
  "principal_point": [
    601.6626586914062,
    737.2704467773438
  ],
  "skew": 0.0,
  "pixel_aspect_ratio": 1.026161551475525,
  "radial_distortion": [
    0.10470592230558395,
    -0.08767837285995483,
    0.0
  ],
  "tangential_distortion": [
    -0.05374068394303322,
    0.003703630995005369
  ],
  "image_size": [
    1072,
    1920
  ]
}