{
  "orientation": [
    [
      0.9985261559486389,
      -0.05044453963637352,
      0.020021235570311546
    ],
    [
      0.05075366050004959,
      0.9985948801040649,
      -0.015243912115693092
    ],
    [
      -0.019224131479859352,
      0.016237596049904823,
      0.9996833205223083
    ]
  ],
  "position": [
    2.69909405708313,
    -1.8677663803100586,
    -0.43759629130363464
  ],
  "focal_length": 1624.0584716796875,
  "principal_point": [
    601.6626586914062,
    737.2704467773438
  ],
  "skew": 0.0,
  "pixel_aspect_ratio": 1.026161551475525,
  "radial_distortion": [
    0.10470592230558395,
    -0.08767837285995483,
    0.0
  ],
  "tangential_distortion": [
    -0.05374068394303322,
    0.003703630995005369
  ],
  "image_size": [
    1072,
    1920
  ]
}