{
  "orientation": [
    [
      0.9990271329879761,
      0.027743425220251083,
      -0.034279704093933105
    ],
    [
      -0.022153839468955994,
      0.987845778465271,
      0.15385019779205322
    ],
    [
      0.03813139349222183,
      -0.15294109284877777,
      0.9874993562698364
    ]
  ],
  "position": [
    -0.18673278391361237,
    3.6574432849884033,
    0.3349541127681732
  ],
  "focal_length": 1624.0584716796875,
  "principal_point": [
    601.6626586914062,
    737.2704467773438
  ],
  "skew": 0.0,
  "pixel_aspect_ratio": 1.026161551475525,
  "radial_distortion": [
    0.10470592230558395,
    -0.08767837285995483,
    0.0
  ],
  "tangential_distortion": [
    -0.05374068394303322,
    0.003703630995005369
  ],
  "image_size": [
    1072,
    1920
  ]
}