{
  "orientation": [
    [
      0.9933159351348877,
      -0.04856792464852333,
      0.10471212863922119
    ],
    [
      0.03657037764787674,
      0.9928537011146545,
      0.11359626054763794
    ],
    [
      -0.10948095470666885,
      -0.10900761187076569,
      0.9879935383796692
    ]
  ],
  "position": [
    2.3935909271240234,
    3.1193928718566895,
    -0.0260947085916996
  ],
  "focal_length": 1624.0584716796875,
  "principal_point": [
    601.6626586914062,
    737.2704467773438
  ],
  "skew": 0.0,
  "pixel_aspect_ratio": 1.026161551475525,
  "radial_distortion": [
    0.10470592230558395,
    -0.08767837285995483,
    0.0
  ],
  "tangential_distortion": [
    -0.05374068394303322,
    0.003703630995005369
  ],
  "image_size": [
    1072,
    1920
  ]
}