{
  "orientation": [
    [
      0.9866218566894531,
      0.04612911120057106,
      -0.15636314451694489
    ],
    [
      -0.05275126174092293,
      0.9978665113449097,
      -0.03846720606088638
    ],
    [
      0.15425509214401245,
      0.046200938522815704,
      0.9869502782821655
    ]
  ],
  "position": [
    -2.442237377166748,
    -2.911824941635132,
    -0.19096091389656067
  ],
  "focal_length": 1624.0584716796875,
  "principal_point": [
    601.6626586914062,
    737.2704467773438
  ],
  "skew": 0.0,
  "pixel_aspect_ratio": 1.026161551475525,
  "radial_distortion": [
    0.10470592230558395,
    -0.08767837285995483,
    0.0
  ],
  "tangential_distortion": [
    -0.05374068394303322,
    0.003703630995005369
  ],
  "image_size": [
    1072,
    1920
  ]
}