{
  "orientation": [
    [
      0.9936578273773193,
      -0.08761570602655411,
      0.07048159837722778
    ],
    [
      0.08676624298095703,
      0.9961153268814087,
      0.015030820854008198
    ],
    [
      -0.0715247318148613,
      -0.008820069022476673,
      0.9973998069763184
    ]
  ],
  "position": [
    4.197689056396484,
    -0.25284844636917114,
    -0.5964124202728271
  ],
  "focal_length": 1624.0584716796875,
  "principal_point": [
    601.6626586914062,
    737.2704467773438
  ],
  "skew": 0.0,
  "pixel_aspect_ratio": 1.026161551475525,
  "radial_distortion": [
    0.10470592230558395,
    -0.08767837285995483,
    0.0
  ],
  "tangential_distortion": [
    -0.05374068394303322,
    0.003703630995005369
  ],
  "image_size": [
    1072,
    1920
  ]
}