{
  "orientation": [
    [
      0.9909986853599548,
      0.0349038727581501,
      -0.1292414665222168
    ],
    [
      -0.03987119719386101,
      0.9985543489456177,
      -0.036047954112291336
    ],
    [
      0.12779642641544342,
      0.040876489132642746,
      0.9909577369689941
    ]
  ],
  "position": [
    -1.6901698112487793,
    -2.904283046722412,
    -0.22800038754940033
  ],
  "focal_length": 1624.0584716796875,
  "principal_point": [
    601.6626586914062,
    737.2704467773438
  ],
  "skew": 0.0,
  "pixel_aspect_ratio": 1.026161551475525,
  "radial_distortion": [
    0.10470592230558395,
    -0.08767837285995483,
    0.0
  ],
  "tangential_distortion": [
    -0.05374068394303322,
    0.003703630995005369
  ],
  "image_size": [
    1072,
    1920
  ]
}