{
  "orientation": [
    [
      0.9996309876441956,
      0.023115184158086777,
      0.014268037863075733
    ],
    [
      -0.024243902415037155,
      0.9961035251617432,
      0.08479367196559906
    ],
    [
      -0.01225242204964161,
      -0.08510829508304596,
      0.9962963461875916
    ]
  ],
  "position": [
    0.651385486125946,
    3.5613584518432617,
    0.21601766347885132
  ],
  "focal_length": 1624.0584716796875,
  "principal_point": [
    601.6626586914062,
    737.2704467773438
  ],
  "skew": 0.0,
  "pixel_aspect_ratio": 1.026161551475525,
  "radial_distortion": [
    0.10470592230558395,
    -0.08767837285995483,
    0.0
  ],
  "tangential_distortion": [
    -0.05374068394303322,
    0.003703630995005369
  ],
  "image_size": [
    1072,
    1920
  ]
}