{
  "orientation": [
    [
      0.9193165302276611,
      0.23752781748771667,
      -0.3137478232383728
    ],
    [
      -0.24015319347381592,
      0.9702442288398743,
      0.03086303360760212
    ],
    [
      0.3117428719997406,
      0.04697464779019356,
      0.9490046501159668
    ]
  ],
  "position": [
    -6.387965202331543,
    -1.2256169319152832,
    0.8934188485145569
  ],
  "focal_length": 1624.0584716796875,
  "principal_point": [
    601.6626586914062,
    737.2704467773438
  ],
  "skew": 0.0,
  "pixel_aspect_ratio": 1.026161551475525,
  "radial_distortion": [
    0.10470592230558395,
    -0.08767837285995483,
    0.0
  ],
  "tangential_distortion": [
    -0.05374068394303322,
    0.003703630995005369
  ],
  "image_size": [
    1072,
    1920
  ]
}