{
  "orientation": [
    [
      0.9867848753929138,
      -0.0783650204539299,
      0.1418258398771286
    ],
    [
      0.06856215745210648,
      0.9949914813041687,
      0.07274016737937927
    ],
    [
      -0.14681579172611237,
      -0.062055010348558426,
      0.9872153997421265
    ]
  ],
  "position": [
    4.411516189575195,
    2.251720428466797,
    -0.2018609195947647
  ],
  "focal_length": 1624.0584716796875,
  "principal_point": [
    601.6626586914062,
    737.2704467773438
  ],
  "skew": 0.0,
  "pixel_aspect_ratio": 1.026161551475525,
  "radial_distortion": [
    0.10470592230558395,
    -0.08767837285995483,
    0.0
  ],
  "tangential_distortion": [
    -0.05374068394303322,
    0.003703630995005369
  ],
  "image_size": [
    1072,
    1920
  ]
}