{
  "orientation": [
    [
      0.9994363784790039,
      0.03223016858100891,
      -0.00938570685684681
    ],
    [
      -0.03278440982103348,
      0.9972447156906128,
      -0.06654481589794159
    ],
    [
      0.007215095683932304,
      0.06681501120328903,
      0.997739315032959
    ]
  ],
  "position": [
    1.1569349765777588,
    -2.2597460746765137,
    -0.20500348508358002
  ],
  "focal_length": 1624.0584716796875,
  "principal_point": [
    601.6626586914062,
    737.2704467773438
  ],
  "skew": 0.0,
  "pixel_aspect_ratio": 1.026161551475525,
  "radial_distortion": [
    0.10470592230558395,
    -0.08767837285995483,
    0.0
  ],
  "tangential_distortion": [
    -0.05374068394303322,
    0.003703630995005369
  ],
  "image_size": [
    1072,
    1920
  ]
}