{
  "orientation": [
    [
      0.9752293825149536,
      0.1393735259771347,
      -0.17176352441310883
    ],
    [
      -0.15496599674224854,
      0.9845995903015137,
      -0.0809268057346344
    ],
    [
      0.15783923864364624,
      0.1055397018790245,
      0.981808602809906
    ]
  ],
  "position": [
    -2.8579068183898926,
    -3.6951372623443604,
    -0.0165792778134346
  ],
  "focal_length": 1624.0584716796875,
  "principal_point": [
    601.6626586914062,
    737.2704467773438
  ],
  "skew": 0.0,
  "pixel_aspect_ratio": 1.026161551475525,
  "radial_distortion": [
    0.10470592230558395,
    -0.08767837285995483,
    0.0
  ],
  "tangential_distortion": [
    -0.05374068394303322,
    0.003703630995005369
  ],
  "image_size": [
    1072,
    1920
  ]
}