{
  "orientation": [
    [
      0.9964994192123413,
      -0.01359243132174015,
      -0.08248749375343323
    ],
    [
      0.010189841501414776,
      0.9990852475166321,
      -0.04153146594762802
    ],
    [
      0.08297654986381531,
      0.04054554924368858,
      0.9957263469696045
    ]
  ],
  "position": [
    0.7231728434562683,
    -2.644864797592163,
    -0.38006436824798584
  ],
  "focal_length": 1624.0584716796875,
  "principal_point": [
    601.6626586914062,
    737.2704467773438
  ],
  "skew": 0.0,
  "pixel_aspect_ratio": 1.026161551475525,
  "radial_distortion": [
    0.10470592230558395,
    -0.08767837285995483,
    0.0
  ],
  "tangential_distortion": [
    -0.05374068394303322,
    0.003703630995005369
  ],
  "image_size": [
    1072,
    1920
  ]
}