{
  "orientation": [
    [
      0.9999958276748657,
      0.002624864922836423,
      -0.0012249713763594627
    ],
    [
      -0.0024026192259043455,
      0.9878487586975098,
      0.15539969503879547
    ],
    [
      0.0016179897356778383,
      -0.15539610385894775,
      0.9878509044647217
    ]
  ],
  "position": [
    0.3705484867095947,
    3.644728422164917,
    0.19764721393585205
  ],
  "focal_length": 1624.0584716796875,
  "principal_point": [
    601.6626586914062,
    737.2704467773438
  ],
  "skew": 0.0,
  "pixel_aspect_ratio": 1.026161551475525,
  "radial_distortion": [
    0.10470592230558395,
    -0.08767837285995483,
    0.0
  ],
  "tangential_distortion": [
    -0.05374068394303322,
    0.003703630995005369
  ],
  "image_size": [
    1072,
    1920
  ]
}