{
  "orientation": [
    [
      0.9636656641960144,
      0.1020827442407608,
      -0.24683509767055511
    ],
    [
      -0.10969334840774536,
      0.9938158988952637,
      -0.017243335023522377
    ],
    [
      0.24354839324951172,
      0.04369297996163368,
      0.9689040780067444
    ]
  ],
  "position": [
    -3.9586730003356934,
    -2.118713140487671,
    0.08917400240898132
  ],
  "focal_length": 1624.0584716796875,
  "principal_point": [
    601.6626586914062,
    737.2704467773438
  ],
  "skew": 0.0,
  "pixel_aspect_ratio": 1.026161551475525,
  "radial_distortion": [
    0.10470592230558395,
    -0.08767837285995483,
    0.0
  ],
  "tangential_distortion": [
    -0.05374068394303322,
    0.003703630995005369
  ],
  "image_size": [
    1072,
    1920
  ]
}