{
  "orientation": [
    [
      0.9986597299575806,
      -0.050151675939559937,
      -0.012786995619535446
    ],
    [
      0.050506219267845154,
      0.9982996582984924,
      0.02910204976797104
    ],
    [
      0.011305736377835274,
      -0.029708867892622948,
      0.9994946718215942
    ]
  ],
  "position": [
    2.627084493637085,
    1.8246504068374634,
    0.3096920847892761
  ],
  "focal_length": 1624.0584716796875,
  "principal_point": [
    601.6626586914062,
    737.2704467773438
  ],
  "skew": 0.0,
  "pixel_aspect_ratio": 1.026161551475525,
  "radial_distortion": [
    0.10470592230558395,
    -0.08767837285995483,
    0.0
  ],
  "tangential_distortion": [
    -0.05374068394303322,
    0.003703630995005369
  ],
  "image_size": [
    1072,
    1920
  ]
}