{
  "orientation": [
    [
      0.9457206130027771,
      0.1780184954404831,
      -0.27188584208488464
    ],
    [
      -0.19664797186851501,
      0.9795459508895874,
      -0.042653001844882965
    ],
    [
      0.2587316632270813,
      0.09380362182855606,
      0.9613838195800781
    ]
  ],
  "position": [
    -3.848480701446533,
    -2.5945143699645996,
    -0.23746949434280396
  ],
  "focal_length": 1624.0584716796875,
  "principal_point": [
    601.6626586914062,
    737.2704467773438
  ],
  "skew": 0.0,
  "pixel_aspect_ratio": 1.026161551475525,
  "radial_distortion": [
    0.10470592230558395,
    -0.08767837285995483,
    0.0
  ],
  "tangential_distortion": [
    -0.05374068394303322,
    0.003703630995005369
  ],
  "image_size": [
    1072,
    1920
  ]
}