{
  "orientation": [
    [
      0.9218316078186035,
      0.23483480513095856,
      -0.30834904313087463
    ],
    [
      -0.2291908860206604,
      0.9718291759490967,
      0.05495043471455574
    ],
    [
      0.312566876411438,
      0.020015742629766464,
      0.9496848583221436
    ]
  ],
  "position": [
    -5.091074466705322,
    -0.37453413009643555,
    -0.4786524474620819
  ],
  "focal_length": 1624.0584716796875,
  "principal_point": [
    601.6626586914062,
    737.2704467773438
  ],
  "skew": 0.0,
  "pixel_aspect_ratio": 1.026161551475525,
  "radial_distortion": [
    0.10470592230558395,
    -0.08767837285995483,
    0.0
  ],
  "tangential_distortion": [
    -0.05374068394303322,
    0.003703630995005369
  ],
  "image_size": [
    1072,
    1920
  ]
}