{
  "orientation": [
    [
      0.9997484087944031,
      0.022134654223918915,
      0.003632625797763467
    ],
    [
      -0.02182004414498806,
      0.9972233772277832,
      -0.07119956612586975
    ],
    [
      -0.005198517348617315,
      0.07110238820314407,
      0.9974554777145386
    ]
  ],
  "position": [
    2.519791841506958,
    -2.624199390411377,
    0.40312471985816956
  ],
  "focal_length": 1624.0584716796875,
  "principal_point": [
    601.6626586914062,
    737.2704467773438
  ],
  "skew": 0.0,
  "pixel_aspect_ratio": 1.026161551475525,
  "radial_distortion": [
    0.10470592230558395,
    -0.08767837285995483,
    0.0
  ],
  "tangential_distortion": [
    -0.05374068394303322,
    0.003703630995005369
  ],
  "image_size": [
    1072,
    1920
  ]
}