{
  "orientation": [
    [
      0.9987131357192993,
      -0.049464933574199677,
      0.011195315979421139
    ],
    [
      0.04973763972520828,
      0.9984353184700012,
      -0.025555012747645378
    ],
    [
      -0.009913722053170204,
      0.026078954339027405,
      0.9996107220649719
    ]
  ],
  "position": [
    2.522891044616699,
    -1.4473040103912354,
    0.7368668913841248
  ],
  "focal_length": 1624.0584716796875,
  "principal_point": [
    601.6626586914062,
    737.2704467773438
  ],
  "skew": 0.0,
  "pixel_aspect_ratio": 1.026161551475525,
  "radial_distortion": [
    0.10470592230558395,
    -0.08767837285995483,
    0.0
  ],
  "tangential_distortion": [
    -0.05374068394303322,
    0.003703630995005369
  ],
  "image_size": [
    1072,
    1920
  ]
}