{
  "orientation": [
    [
      0.9986469745635986,
      -0.03344259038567543,
      0.0398215726017952
    ],
    [
      0.03307303041219711,
      0.9994038939476013,
      0.009903449565172195
    ],
    [
      -0.040129031985998154,
      -0.00857303012162447,
      0.999157726764679
    ]
  ],
  "position": [
    3.3104641437530518,
    -1.1187974214553833,
    0.3406192660331726
  ],
  "focal_length": 1624.0584716796875,
  "principal_point": [
    601.6626586914062,
    737.2704467773438
  ],
  "skew": 0.0,
  "pixel_aspect_ratio": 1.026161551475525,
  "radial_distortion": [
    0.10470592230558395,
    -0.08767837285995483,
    0.0
  ],
  "tangential_distortion": [
    -0.05374068394303322,
    0.003703630995005369
  ],
  "image_size": [
    1072,
    1920
  ]
}