{
  "orientation": [
    [
      0.9933240413665771,
      0.1012745350599289,
      -0.055234145373106
    ],
    [
      -0.09258182346820831,
      0.9855237603187561,
      0.14202642440795898
    ],
    [
      0.06881822645664215,
      -0.13596458733081818,
      0.9883206486701965
    ]
  ],
  "position": [
    0.9535670876502991,
    2.568838357925415,
    -0.28155091404914856
  ],
  "focal_length": 1624.0584716796875,
  "principal_point": [
    601.6626586914062,
    737.2704467773438
  ],
  "skew": 0.0,
  "pixel_aspect_ratio": 1.026161551475525,
  "radial_distortion": [
    0.10470592230558395,
    -0.08767837285995483,
    0.0
  ],
  "tangential_distortion": [
    -0.05374068394303322,
    0.003703630995005369
  ],
  "image_size": [
    1072,
    1920
  ]
}