{
  "orientation": [
    [
      0.9831434488296509,
      0.09273488074541092,
      -0.1575726866722107
    ],
    [
      -0.11054607480764389,
      0.9879528880119324,
      -0.10829894989728928
    ],
    [
      0.1456313133239746,
      0.12389244884252548,
      0.981550931930542
    ]
  ],
  "position": [
    -0.9419714212417603,
    -3.7672011852264404,
    0.3613939881324768
  ],
  "focal_length": 1624.0584716796875,
  "principal_point": [
    601.6626586914062,
    737.2704467773438
  ],
  "skew": 0.0,
  "pixel_aspect_ratio": 1.026161551475525,
  "radial_distortion": [
    0.10470592230558395,
    -0.08767837285995483,
    0.0
  ],
  "tangential_distortion": [
    -0.05374068394303322,
    0.003703630995005369
  ],
  "image_size": [
    1072,
    1920
  ]
}