{
  "orientation": [
    [
      0.9984859228134155,
      0.021227242425084114,
      -0.05074717849493027
    ],
    [
      -0.01748327538371086,
      0.9971702694892883,
      0.0731147900223732
    ],
    [
      0.05215560644865036,
      -0.07211685925722122,
      0.9960315823554993
    ]
  ],
  "position": [
    1.8048672676086426,
    2.7224581241607666,
    0.17150913178920746
  ],
  "focal_length": 1624.0584716796875,
  "principal_point": [
    601.6626586914062,
    737.2704467773438
  ],
  "skew": 0.0,
  "pixel_aspect_ratio": 1.026161551475525,
  "radial_distortion": [
    0.10470592230558395,
    -0.08767837285995483,
    0.0
  ],
  "tangential_distortion": [
    -0.05374068394303322,
    0.003703630995005369
  ],
  "image_size": [
    1072,
    1920
  ]
}