{
  "orientation": [
    [
      0.9979280233383179,
      -0.06305447220802307,
      0.012799878604710102
    ],
    [
      0.06317483633756638,
      0.9979597926139832,
      -0.009226997382938862
    ],
    [
      -0.012191960588097572,
      0.01001650933176279,
      0.9998754858970642
    ]
  ],
  "position": [
    2.7605767250061035,
    -0.9235790967941284,
    0.6309837698936462
  ],
  "focal_length": 1624.0584716796875,
  "principal_point": [
    601.6626586914062,
    737.2704467773438
  ],
  "skew": 0.0,
  "pixel_aspect_ratio": 1.026161551475525,
  "radial_distortion": [
    0.10470592230558395,
    -0.08767837285995483,
    0.0
  ],
  "tangential_distortion": [
    -0.05374068394303322,
    0.003703630995005369
  ],
  "image_size": [
    1072,
    1920
  ]
}