{
  "orientation": [
    [
      0.9931774735450745,
      0.08948905766010284,
      -0.07476801425218582
    ],
    [
      -0.0977143868803978,
      0.9885746240615845,
      -0.1147698387503624
    ],
    [
      0.06364312022924423,
      0.12129273265600204,
      0.9905744194984436
    ]
  ],
  "position": [
    0.6717948913574219,
    -3.3118975162506104,
    0.47716352343559265
  ],
  "focal_length": 1624.0584716796875,
  "principal_point": [
    601.6626586914062,
    737.2704467773438
  ],
  "skew": 0.0,
  "pixel_aspect_ratio": 1.026161551475525,
  "radial_distortion": [
    0.10470592230558395,
    -0.08767837285995483,
    0.0
  ],
  "tangential_distortion": [
    -0.05374068394303322,
    0.003703630995005369
  ],
  "image_size": [
    1072,
    1920
  ]
}