{
  "orientation": [
    [
      0.9512511491775513,
      0.1885194182395935,
      -0.24409370124340057
    ],
    [
      -0.20871461927890778,
      0.9761674404144287,
      -0.05945875123143196
    ],
    [
      0.22706718742847443,
      0.10750612616539001,
      0.967927098274231
    ]
  ],
  "position": [
    -2.9825632572174072,
    -2.8342983722686768,
    -0.2142326384782791
  ],
  "focal_length": 1624.0584716796875,
  "principal_point": [
    601.6626586914062,
    737.2704467773438
  ],
  "skew": 0.0,
  "pixel_aspect_ratio": 1.026161551475525,
  "radial_distortion": [
    0.10470592230558395,
    -0.08767837285995483,
    0.0
  ],
  "tangential_distortion": [
    -0.05374068394303322,
    0.003703630995005369
  ],
  "image_size": [
    1072,
    1920
  ]
}