{
  "orientation": [
    [
      0.9325450658798218,
      0.20653481781482697,
      -0.2961469888687134
    ],
    [
      -0.2155998796224594,
      0.9764795303344727,
      0.002094957046210766
    ],
    [
      0.28961414098739624,
      0.06189561262726784,
      0.9551400542259216
    ]
  ],
  "position": [
    -4.502570152282715,
    -1.9530293941497803,
    -0.5054348111152649
  ],
  "focal_length": 1624.0584716796875,
  "principal_point": [
    601.6626586914062,
    737.2704467773438
  ],
  "skew": 0.0,
  "pixel_aspect_ratio": 1.026161551475525,
  "radial_distortion": [
    0.10470592230558395,
    -0.08767837285995483,
    0.0
  ],
  "tangential_distortion": [
    -0.05374068394303322,
    0.003703630995005369
  ],
  "image_size": [
    1072,
    1920
  ]
}