{
  "orientation": [
    [
      0.9996340274810791,
      -0.02133995108306408,
      0.01662588119506836
    ],
    [
      0.019624199718236923,
      0.9950624108314514,
      0.09729202091693878
    ],
    [
      -0.018619997426867485,
      -0.09693014621734619,
      0.9951170086860657
    ]
  ],
  "position": [
    2.0884885787963867,
    3.1103763580322266,
    -0.3019920587539673
  ],
  "focal_length": 1624.0584716796875,
  "principal_point": [
    601.6626586914062,
    737.2704467773438
  ],
  "skew": 0.0,
  "pixel_aspect_ratio": 1.026161551475525,
  "radial_distortion": [
    0.10470592230558395,
    -0.08767837285995483,
    0.0
  ],
  "tangential_distortion": [
    -0.05374068394303322,
    0.003703630995005369
  ],
  "image_size": [
    1072,
    1920
  ]
}