{
  "orientation": [
    [
      0.9955182075500488,
      0.0746428444981575,
      -0.0580689013004303
    ],
    [
      -0.08020573854446411,
      0.9917247295379639,
      -0.10024498403072357
    ],
    [
      0.05010579898953438,
      0.10445316880941391,
      0.9932668209075928
    ]
  ],
  "position": [
    1.2809622287750244,
    -2.998777389526367,
    0.5142996907234192
  ],
  "focal_length": 1624.0584716796875,
  "principal_point": [
    601.6626586914062,
    737.2704467773438
  ],
  "skew": 0.0,
  "pixel_aspect_ratio": 1.026161551475525,
  "radial_distortion": [
    0.10470592230558395,
    -0.08767837285995483,
    0.0
  ],
  "tangential_distortion": [
    -0.05374068394303322,
    0.003703630995005369
  ],
  "image_size": [
    1072,
    1920
  ]
}