{
  "orientation": [
    [
      0.9995867609977722,
      -0.010167889297008514,
      -0.02688802219927311
    ],
    [
      0.008415565825998783,
      0.9978822469711304,
      -0.06449965387582779
    ],
    [
      0.027486905455589294,
      0.06424671411514282,
      0.9975554347038269
    ]
  ],
  "position": [
    1.5650607347488403,
    -2.579749822616577,
    0.8696417808532715
  ],
  "focal_length": 1624.0584716796875,
  "principal_point": [
    601.6626586914062,
    737.2704467773438
  ],
  "skew": 0.0,
  "pixel_aspect_ratio": 1.026161551475525,
  "radial_distortion": [
    0.10470592230558395,
    -0.08767837285995483,
    0.0
  ],
  "tangential_distortion": [
    -0.05374068394303322,
    0.003703630995005369
  ],
  "image_size": [
    1072,
    1920
  ]
}