{
  "orientation": [
    [
      0.9951678514480591,
      0.04231854900717735,
      -0.08860081434249878
    ],
    [
      -0.051255080848932266,
      0.993550181388855,
      -0.10114811360836029
    ],
    [
      0.08374891430139542,
      0.10520059615373611,
      0.9909182190895081
    ]
  ],
  "position": [
    0.40011146664619446,
    -3.4100420475006104,
    0.6141881942749023
  ],
  "focal_length": 1624.0584716796875,
  "principal_point": [
    601.6626586914062,
    737.2704467773438
  ],
  "skew": 0.0,
  "pixel_aspect_ratio": 1.026161551475525,
  "radial_distortion": [
    0.10470592230558395,
    -0.08767837285995483,
    0.0
  ],
  "tangential_distortion": [
    -0.05374068394303322,
    0.003703630995005369
  ],
  "image_size": [
    1072,
    1920
  ]
}