{
  "orientation": [
    [
      0.998420000076294,
      -0.0393763929605484,
      0.04008818417787552
    ],
    [
      0.03871200606226921,
      0.9991020560264587,
      0.017216933891177177
    ],
    [
      -0.040730126202106476,
      -0.0156378373503685,
      0.9990478157997131
    ]
  ],
  "position": [
    3.74111270904541,
    -0.6261442303657532,
    0.2155422419309616
  ],
  "focal_length": 1624.0584716796875,
  "principal_point": [
    601.6626586914062,
    737.2704467773438
  ],
  "skew": 0.0,
  "pixel_aspect_ratio": 1.026161551475525,
  "radial_distortion": [
    0.10470592230558395,
    -0.08767837285995483,
    0.0
  ],
  "tangential_distortion": [
    -0.05374068394303322,
    0.003703630995005369
  ],
  "image_size": [
    1072,
    1920
  ]
}