{
  "orientation": [
    [
      0.9325833320617676,
      0.19890277087688446,
      -0.301207572221756
    ],
    [
      -0.2131771594285965,
      0.9768994450569153,
      -0.014931438490748405
    ],
    [
      0.2912796139717102,
      0.07813539355993271,
      0.9534416794776917
    ]
  ],
  "position": [
    -4.425926685333252,
    -2.5885345935821533,
    0.5076163411140442
  ],
  "focal_length": 1624.0584716796875,
  "principal_point": [
    601.6626586914062,
    737.2704467773438
  ],
  "skew": 0.0,
  "pixel_aspect_ratio": 1.026161551475525,
  "radial_distortion": [
    0.10470592230558395,
    -0.08767837285995483,
    0.0
  ],
  "tangential_distortion": [
    -0.05374068394303322,
    0.003703630995005369
  ],
  "image_size": [
    1072,
    1920
  ]
}