{
  "orientation": [
    [
      0.9253401160240173,
      0.21281132102012634,
      -0.31377851963043213
    ],
    [
      -0.2138705998659134,
      0.9763547778129578,
      0.03147541731595993
    ],
    [
      0.3130575120449066,
      0.03798253461718559,
      0.9489743709564209
    ]
  ],
  "position": [
    -4.9662299156188965,
    -1.0865398645401,
    0.6835433840751648
  ],
  "focal_length": 1624.0584716796875,
  "principal_point": [
    601.6626586914062,
    737.2704467773438
  ],
  "skew": 0.0,
  "pixel_aspect_ratio": 1.026161551475525,
  "radial_distortion": [
    0.10470592230558395,
    -0.08767837285995483,
    0.0
  ],
  "tangential_distortion": [
    -0.05374068394303322,
    0.003703630995005369
  ],
  "image_size": [
    1072,
    1920
  ]
}