{
  "orientation": [
    [
      0.928309440612793,
      0.21891264617443085,
      -0.30053091049194336
    ],
    [
      -0.2076873779296875,
      0.9757426977157593,
      0.06922505795955658
    ],
    [
      0.3083950877189636,
      -0.0018458004342392087,
      0.9512565732002258
    ]
  ],
  "position": [
    -4.784423351287842,
    -0.0993562713265419,
    0.5531224608421326
  ],
  "focal_length": 1624.0584716796875,
  "principal_point": [
    601.6626586914062,
    737.2704467773438
  ],
  "skew": 0.0,
  "pixel_aspect_ratio": 1.026161551475525,
  "radial_distortion": [
    0.10470592230558395,
    -0.08767837285995483,
    0.0
  ],
  "tangential_distortion": [
    -0.05374068394303322,
    0.003703630995005369
  ],
  "image_size": [
    1072,
    1920
  ]
}