{
  "orientation": [
    [
      0.982625424861908,
      0.12077854573726654,
      -0.14092473685741425
    ],
    [
      -0.10381477326154709,
      0.9870740175247192,
      0.12209586799144745
    ],
    [
      0.15384970605373383,
      -0.10534443706274033,
      0.9824626445770264
    ]
  ],
  "position": [
    -1.8457669019699097,
    3.3757457733154297,
    -0.24152888357639313
  ],
  "focal_length": 1624.0584716796875,
  "principal_point": [
    601.6626586914062,
    737.2704467773438
  ],
  "skew": 0.0,
  "pixel_aspect_ratio": 1.026161551475525,
  "radial_distortion": [
    0.10470592230558395,
    -0.08767837285995483,
    0.0
  ],
  "tangential_distortion": [
    -0.05374068394303322,
    0.003703630995005369
  ],
  "image_size": [
    1072,
    1920
  ]
}