{
  "orientation": [
    [
      0.9988492727279663,
      -0.041425932198762894,
      0.024166075512766838
    ],
    [
      0.039082106202840805,
      0.9951292872428894,
      0.09049994498491287
    ],
    [
      -0.027797415852546692,
      -0.08945134282112122,
      0.9956032037734985
    ]
  ],
  "position": [
    2.4014077186584473,
    2.864823818206787,
    -0.2994661033153534
  ],
  "focal_length": 1624.0584716796875,
  "principal_point": [
    601.6626586914062,
    737.2704467773438
  ],
  "skew": 0.0,
  "pixel_aspect_ratio": 1.026161551475525,
  "radial_distortion": [
    0.10470592230558395,
    -0.08767837285995483,
    0.0
  ],
  "tangential_distortion": [
    -0.05374068394303322,
    0.003703630995005369
  ],
  "image_size": [
    1072,
    1920
  ]
}