{
  "orientation": [
    [
      0.9266759157180786,
      0.22380366921424866,
      -0.3019663691520691
    ],
    [
      -0.2115216702222824,
      0.9746260643005371,
      0.07322955131530762
    ],
    [
      0.3106933534145355,
      -0.0039876303635537624,
      0.9505018591880798
    ]
  ],
  "position": [
    -5.209167003631592,
    0.924669086933136,
    -0.1283954679965973
  ],
  "focal_length": 1624.0584716796875,
  "principal_point": [
    601.6626586914062,
    737.2704467773438
  ],
  "skew": 0.0,
  "pixel_aspect_ratio": 1.026161551475525,
  "radial_distortion": [
    0.10470592230558395,
    -0.08767837285995483,
    0.0
  ],
  "tangential_distortion": [
    -0.05374068394303322,
    0.003703630995005369
  ],
  "image_size": [
    1072,
    1920
  ]
}