{
  "orientation": [
    [
      0.948276937007904,
      0.1817895919084549,
      -0.26023709774017334
    ],
    [
      -0.20093072950839996,
      0.9783936738967896,
      -0.04871014505624771
    ],
    [
      0.24575933814048767,
      0.09848033636808395,
      0.9643152952194214
    ]
  ],
  "position": [
    -3.3262345790863037,
    -3.300579309463501,
    0.374960333108902
  ],
  "focal_length": 1624.0584716796875,
  "principal_point": [
    601.6626586914062,
    737.2704467773438
  ],
  "skew": 0.0,
  "pixel_aspect_ratio": 1.026161551475525,
  "radial_distortion": [
    0.10470592230558395,
    -0.08767837285995483,
    0.0
  ],
  "tangential_distortion": [
    -0.05374068394303322,
    0.003703630995005369
  ],
  "image_size": [
    1072,
    1920
  ]
}