{
  "orientation": [
    [
      0.99912428855896,
      0.008482477627694607,
      -0.04097239673137665
    ],
    [
      -0.011723906733095646,
      0.9967633485794067,
      -0.07953200489282608
    ],
    [
      0.04016515612602234,
      0.07994271069765091,
      0.9959899187088013
    ]
  ],
  "position": [
    1.2378754615783691,
    -2.9610090255737305,
    0.7807292342185974
  ],
  "focal_length": 1624.0584716796875,
  "principal_point": [
    601.6626586914062,
    737.2704467773438
  ],
  "skew": 0.0,
  "pixel_aspect_ratio": 1.026161551475525,
  "radial_distortion": [
    0.10470592230558395,
    -0.08767837285995483,
    0.0
  ],
  "tangential_distortion": [
    -0.05374068394303322,
    0.003703630995005369
  ],
  "image_size": [
    1072,
    1920
  ]
}