{
  "orientation": [
    [
      0.9234500527381897,
      0.21440638601779938,
      -0.31822922825813293
    ],
    [
      -0.21292467415332794,
      0.9762545228004456,
      0.03987661004066467
    ],
    [
      0.3192225396633148,
      0.03093479759991169,
      0.9471747279167175
    ]
  ],
  "position": [
    -5.1328301429748535,
    -0.7626251578330994,
    -0.3012774884700775
  ],
  "focal_length": 1624.0584716796875,
  "principal_point": [
    601.6626586914062,
    737.2704467773438
  ],
  "skew": 0.0,
  "pixel_aspect_ratio": 1.026161551475525,
  "radial_distortion": [
    0.10470592230558395,
    -0.08767837285995483,
    0.0
  ],
  "tangential_distortion": [
    -0.05374068394303322,
    0.003703630995005369
  ],
  "image_size": [
    1072,
    1920
  ]
}