{
  "orientation": [
    [
      0.9939394593238831,
      0.05777033418416977,
      -0.09352494031190872
    ],
    [
      -0.04992598667740822,
      0.9952019453048706,
      0.08414588123559952
    ],
    [
      0.09793733805418015,
      -0.07896658778190613,
      0.9920547008514404
    ]
  ],
  "position": [
    0.8923053741455078,
    2.8720943927764893,
    0.1735708862543106
  ],
  "focal_length": 1624.0584716796875,
  "principal_point": [
    601.6626586914062,
    737.2704467773438
  ],
  "skew": 0.0,
  "pixel_aspect_ratio": 1.026161551475525,
  "radial_distortion": [
    0.10470592230558395,
    -0.08767837285995483,
    0.0
  ],
  "tangential_distortion": [
    -0.05374068394303322,
    0.003703630995005369
  ],
  "image_size": [
    1072,
    1920
  ]
}