{
  "orientation": [
    [
      0.9996643662452698,
      -0.004333827178925276,
      0.02554054744541645
    ],
    [
      0.005161593668162823,
      0.9994605779647827,
      -0.03243361413478851
    ],
    [
      -0.025386208668351173,
      0.03255455940961838,
      0.9991475343704224
    ]
  ],
  "position": [
    2.7649784088134766,
    -1.9695931673049927,
    0.40897369384765625
  ],
  "focal_length": 1624.0584716796875,
  "principal_point": [
    601.6626586914062,
    737.2704467773438
  ],
  "skew": 0.0,
  "pixel_aspect_ratio": 1.026161551475525,
  "radial_distortion": [
    0.10470592230558395,
    -0.08767837285995483,
    0.0
  ],
  "tangential_distortion": [
    -0.05374068394303322,
    0.003703630995005369
  ],
  "image_size": [
    1072,
    1920
  ]
}