{
  "orientation": [
    [
      0.9754083156585693,
      0.12390323728322983,
      -0.18228177726268768
    ],
    [
      -0.1085410788655281,
      0.9898252487182617,
      0.0920042023062706
    ],
    [
      0.191826730966568,
      -0.06995660066604614,
      0.9789323806762695
    ]
  ],
  "position": [
    -0.5965671539306641,
    2.8843305110931396,
    0.1724471151828766
  ],
  "focal_length": 1624.0584716796875,
  "principal_point": [
    601.6626586914062,
    737.2704467773438
  ],
  "skew": 0.0,
  "pixel_aspect_ratio": 1.026161551475525,
  "radial_distortion": [
    0.10470592230558395,
    -0.08767837285995483,
    0.0
  ],
  "tangential_distortion": [
    -0.05374068394303322,
    0.003703630995005369
  ],
  "image_size": [
    1072,
    1920
  ]
}