{
  "orientation": [
    [
      0.9972946643829346,
      -0.07158643007278442,
      -0.016694607213139534
    ],
    [
      0.072051502764225,
      0.9969747066497803,
      0.029154488816857338
    ],
    [
      0.014557035639882088,
      -0.030278488993644714,
      0.9994354844093323
    ]
  ],
  "position": [
    2.6603524684906006,
    1.5148112773895264,
    0.3713732361793518
  ],
  "focal_length": 1624.0584716796875,
  "principal_point": [
    601.6626586914062,
    737.2704467773438
  ],
  "skew": 0.0,
  "pixel_aspect_ratio": 1.026161551475525,
  "radial_distortion": [
    0.10470592230558395,
    -0.08767837285995483,
    0.0
  ],
  "tangential_distortion": [
    -0.05374068394303322,
    0.003703630995005369
  ],
  "image_size": [
    1072,
    1920
  ]
}