{
  "orientation": [
    [
      0.9718541502952576,
      0.1679142266511917,
      -0.16524024307727814
    ],
    [
      -0.1442652940750122,
      0.9787018299102783,
      0.14604879915714264
    ],
    [
      0.18624460697174072,
      -0.11809969693422318,
      0.9753796458244324
    ]
  ],
  "position": [
    -2.1937477588653564,
    2.0690219402313232,
    0.14387518167495728
  ],
  "focal_length": 1624.0584716796875,
  "principal_point": [
    601.6626586914062,
    737.2704467773438
  ],
  "skew": 0.0,
  "pixel_aspect_ratio": 1.026161551475525,
  "radial_distortion": [
    0.10470592230558395,
    -0.08767837285995483,
    0.0
  ],
  "tangential_distortion": [
    -0.05374068394303322,
    0.003703630995005369
  ],
  "image_size": [
    1072,
    1920
  ]
}