{
  "orientation": [
    [
      0.961034893989563,
      0.1787126511335373,
      -0.21088790893554688
    ],
    [
      -0.15223932266235352,
      0.9789646863937378,
      0.13583554327487946
    ],
    [
      0.23072734475135803,
      -0.09843726456165314,
      0.968026340007782
    ]
  ],
  "position": [
    -2.841252326965332,
    1.9027507305145264,
    0.29985782504081726
  ],
  "focal_length": 1624.0584716796875,
  "principal_point": [
    601.6626586914062,
    737.2704467773438
  ],
  "skew": 0.0,
  "pixel_aspect_ratio": 1.026161551475525,
  "radial_distortion": [
    0.10470592230558395,
    -0.08767837285995483,
    0.0
  ],
  "tangential_distortion": [
    -0.05374068394303322,
    0.003703630995005369
  ],
  "image_size": [
    1072,
    1920
  ]
}