{
  "orientation": [
    [
      0.9995628595352173,
      0.011681057512760162,
      -0.027158528566360474
    ],
    [
      -0.008309860713779926,
      0.9926074147224426,
      0.12108447402715683
    ],
    [
      0.028372153639793396,
      -0.12080586701631546,
      0.9922705888748169
    ]
  ],
  "position": [
    1.0775432586669922,
    3.5329439640045166,
    -0.23835833370685577
  ],
  "focal_length": 1624.0584716796875,
  "principal_point": [
    601.6626586914062,
    737.2704467773438
  ],
  "skew": 0.0,
  "pixel_aspect_ratio": 1.026161551475525,
  "radial_distortion": [
    0.10470592230558395,
    -0.08767837285995483,
    0.0
  ],
  "tangential_distortion": [
    -0.05374068394303322,
    0.003703630995005369
  ],
  "image_size": [
    1072,
    1920
  ]
}