{
  "orientation": [
    [
      0.9779634475708008,
      0.13913151621818542,
      -0.1556597650051117
    ],
    [
      -0.12101978063583374,
      0.9853249192237854,
      0.12037042528390884
    ],
    [
      0.17012275755405426,
      -0.09887996315956116,
      0.980449378490448
    ]
  ],
  "position": [
    -2.4331846237182617,
    3.1695709228515625,
    -0.21724942326545715
  ],
  "focal_length": 1624.0584716796875,
  "principal_point": [
    601.6626586914062,
    737.2704467773438
  ],
  "skew": 0.0,
  "pixel_aspect_ratio": 1.026161551475525,
  "radial_distortion": [
    0.10470592230558395,
    -0.08767837285995483,
    0.0
  ],
  "tangential_distortion": [
    -0.05374068394303322,
    0.003703630995005369
  ],
  "image_size": [
    1072,
    1920
  ]
}