{
  "orientation": [
    [
      0.9976842403411865,
      0.0234348326921463,
      -0.06385139375925064
    ],
    [
      -0.02932378649711609,
      0.9952424764633179,
      -0.09291165322065353
    ],
    [
      0.06137024983763695,
      0.09456885606050491,
      0.9936248660087585
    ]
  ],
  "position": [
    0.8360561728477478,
    -3.2407169342041016,
    0.6964667439460754
  ],
  "focal_length": 1624.0584716796875,
  "principal_point": [
    601.6626586914062,
    737.2704467773438
  ],
  "skew": 0.0,
  "pixel_aspect_ratio": 1.026161551475525,
  "radial_distortion": [
    0.10470592230558395,
    -0.08767837285995483,
    0.0
  ],
  "tangential_distortion": [
    -0.05374068394303322,
    0.003703630995005369
  ],
  "image_size": [
    1072,
    1920
  ]
}