{
  "orientation": [
    [
      0.9440849423408508,
      0.19558024406433105,
      -0.26542794704437256
    ],
    [
      -0.1749712973833084,
      0.9795402884483337,
      0.09942793846130371
    ],
    [
      0.27944350242614746,
      -0.047426145523786545,
      0.9589901566505432
    ]
  ],
  "position": [
    -4.636435031890869,
    2.2440483570098877,
    0.06622885912656784
  ],
  "focal_length": 1624.0584716796875,
  "principal_point": [
    601.6626586914062,
    737.2704467773438
  ],
  "skew": 0.0,
  "pixel_aspect_ratio": 1.026161551475525,
  "radial_distortion": [
    0.10470592230558395,
    -0.08767837285995483,
    0.0
  ],
  "tangential_distortion": [
    -0.05374068394303322,
    0.003703630995005369
  ],
  "image_size": [
    1072,
    1920
  ]
}