{
  "orientation": [
    [
      0.9384013414382935,
      0.16195830702781677,
      -0.30524155497550964
    ],
    [
      -0.17630824446678162,
      0.9841348528862,
      -0.01985011249780655
    ],
    [
      0.29718396067619324,
      0.07244397699832916,
      0.952068030834198
    ]
  ],
  "position": [
    -4.790550231933594,
    -2.0152783393859863,
    0.008167893625795841
  ],
  "focal_length": 1624.0584716796875,
  "principal_point": [
    601.6626586914062,
    737.2704467773438
  ],
  "skew": 0.0,
  "pixel_aspect_ratio": 1.026161551475525,
  "radial_distortion": [
    0.10470592230558395,
    -0.08767837285995483,
    0.0
  ],
  "tangential_distortion": [
    -0.05374068394303322,
    0.003703630995005369
  ],
  "image_size": [
    1072,
    1920
  ]
}