{
  "orientation": [
    [
      0.9979820847511292,
      -0.048016730695962906,
      0.04154745489358902
    ],
    [
      0.04446110129356384,
      0.9955872297286987,
      0.08263950794935226
    ],
    [
      -0.04533219709992409,
      -0.0806254968047142,
      0.9957130551338196
    ]
  ],
  "position": [
    2.9113762378692627,
    2.554978132247925,
    -0.2980782091617584
  ],
  "focal_length": 1624.0584716796875,
  "principal_point": [
    601.6626586914062,
    737.2704467773438
  ],
  "skew": 0.0,
  "pixel_aspect_ratio": 1.026161551475525,
  "radial_distortion": [
    0.10470592230558395,
    -0.08767837285995483,
    0.0
  ],
  "tangential_distortion": [
    -0.05374068394303322,
    0.003703630995005369
  ],
  "image_size": [
    1072,
    1920
  ]
}