{
  "orientation": [
    [
      0.9987970590591431,
      0.04898705333471298,
      0.0021676402539014816
    ],
    [
      -0.04883640632033348,
      0.9898053407669067,
      0.13379241526126862
    ],
    [
      0.004408554174005985,
      -0.13373734056949615,
      0.9910070300102234
    ]
  ],
  "position": [
    2.458240032196045,
    2.3599603176116943,
    -0.23354044556617737
  ],
  "focal_length": 1624.0584716796875,
  "principal_point": [
    601.6626586914062,
    737.2704467773438
  ],
  "skew": 0.0,
  "pixel_aspect_ratio": 1.026161551475525,
  "radial_distortion": [
    0.10470592230558395,
    -0.08767837285995483,
    0.0
  ],
  "tangential_distortion": [
    -0.05374068394303322,
    0.003703630995005369
  ],
  "image_size": [
    1072,
    1920
  ]
}