{
  "orientation": [
    [
      0.9787715077400208,
      0.11633793264627457,
      -0.16873592138290405
    ],
    [
      -0.13525359332561493,
      0.9852007627487183,
      -0.10528966784477234
    ],
    [
      0.15398956835269928,
      0.12587666511535645,
      0.980021595954895
    ]
  ],
  "position": [
    -1.3664613962173462,
    -3.7907583713531494,
    0.3527888059616089
  ],
  "focal_length": 1624.0584716796875,
  "principal_point": [
    601.6626586914062,
    737.2704467773438
  ],
  "skew": 0.0,
  "pixel_aspect_ratio": 1.026161551475525,
  "radial_distortion": [
    0.10470592230558395,
    -0.08767837285995483,
    0.0
  ],
  "tangential_distortion": [
    -0.05374068394303322,
    0.003703630995005369
  ],
  "image_size": [
    1072,
    1920
  ]
}