{
  "orientation": [
    [
      0.9363406300544739,
      0.22490960359573364,
      -0.2695958614349365
    ],
    [
      -0.2045876830816269,
      0.9735581278800964,
      0.10162921249866486
    ],
    [
      0.2853246331214905,
      -0.040003564208745956,
      0.957595705986023
    ]
  ],
  "position": [
    -4.09993314743042,
    0.8023951649665833,
    0.3546951413154602
  ],
  "focal_length": 1624.0584716796875,
  "principal_point": [
    601.6626586914062,
    737.2704467773438
  ],
  "skew": 0.0,
  "pixel_aspect_ratio": 1.026161551475525,
  "radial_distortion": [
    0.10470592230558395,
    -0.08767837285995483,
    0.0
  ],
  "tangential_distortion": [
    -0.05374068394303322,
    0.003703630995005369
  ],
  "image_size": [
    1072,
    1920
  ]
}