{
  "orientation": [
    [
      0.9830477833747864,
      0.1214880719780922,
      -0.13732348382472992
    ],
    [
      -0.13906964659690857,
      0.9821498394012451,
      -0.12665434181690216
    ],
    [
      0.11948525160551071,
      0.14360478520393372,
      0.9823955297470093
    ]
  ],
  "position": [
    -0.37666717171669006,
    -3.8224055767059326,
    0.13901633024215698
  ],
  "focal_length": 1624.0584716796875,
  "principal_point": [
    601.6626586914062,
    737.2704467773438
  ],
  "skew": 0.0,
  "pixel_aspect_ratio": 1.026161551475525,
  "radial_distortion": [
    0.10470592230558395,
    -0.08767837285995483,
    0.0
  ],
  "tangential_distortion": [
    -0.05374068394303322,
    0.003703630995005369
  ],
  "image_size": [
    1072,
    1920
  ]
}