{
  "orientation": [
    [
      0.9995300769805908,
      -0.027608178555965424,
      -0.013321787118911743
    ],
    [
      0.028116736561059952,
      0.9988186955451965,
      0.03963111713528633
    ],
    [
      0.012211907655000687,
      -0.03998705744743347,
      0.9991255402565002
    ]
  ],
  "position": [
    2.4534199237823486,
    2.1796650886535645,
    0.28293487429618835
  ],
  "focal_length": 1624.0584716796875,
  "principal_point": [
    601.6626586914062,
    737.2704467773438
  ],
  "skew": 0.0,
  "pixel_aspect_ratio": 1.026161551475525,
  "radial_distortion": [
    0.10470592230558395,
    -0.08767837285995483,
    0.0
  ],
  "tangential_distortion": [
    -0.05374068394303322,
    0.003703630995005369
  ],
  "image_size": [
    1072,
    1920
  ]
}