{
  "orientation": [
    [
      0.9991668462753296,
      -0.007783496752381325,
      0.04006322845816612
    ],
    [
      0.004790561739355326,
      0.9972269535064697,
      0.07426615804433823
    ],
    [
      -0.04053018242120743,
      -0.07401235401630402,
      0.9964333772659302
    ]
  ],
  "position": [
    3.6716983318328857,
    0.5606427192687988,
    -0.15652813017368317
  ],
  "focal_length": 1624.0584716796875,
  "principal_point": [
    601.6626586914062,
    737.2704467773438
  ],
  "skew": 0.0,
  "pixel_aspect_ratio": 1.026161551475525,
  "radial_distortion": [
    0.10470592230558395,
    -0.08767837285995483,
    0.0
  ],
  "tangential_distortion": [
    -0.05374068394303322,
    0.003703630995005369
  ],
  "image_size": [
    1072,
    1920
  ]
}