{
  "orientation": [
    [
      0.9999598860740662,
      -0.006376341916620731,
      -0.006289131473749876
    ],
    [
      0.007025398779660463,
      0.9939892292022705,
      0.10925231128931046
    ],
    [
      0.005554698873311281,
      -0.10929211229085922,
      0.9939941763877869
    ]
  ],
  "position": [
    1.532236933708191,
    3.3664121627807617,
    -0.20686106383800507
  ],
  "focal_length": 1624.0584716796875,
  "principal_point": [
    601.6626586914062,
    737.2704467773438
  ],
  "skew": 0.0,
  "pixel_aspect_ratio": 1.026161551475525,
  "radial_distortion": [
    0.10470592230558395,
    -0.08767837285995483,
    0.0
  ],
  "tangential_distortion": [
    -0.05374068394303322,
    0.003703630995005369
  ],
  "image_size": [
    1072,
    1920
  ]
}