{
  "orientation": [
    [
      0.9368730783462524,
      0.20509552955627441,
      -0.28320419788360596
    ],
    [
      -0.18646575510501862,
      0.9781867861747742,
      0.09154871851205826
    ],
    [
      0.2958028316497803,
      -0.0329616479575634,
      0.9546801447868347
    ]
  ],
  "position": [
    -4.97684383392334,
    1.922681212425232,
    0.12209939956665039
  ],
  "focal_length": 1624.0584716796875,
  "principal_point": [
    601.6626586914062,
    737.2704467773438
  ],
  "skew": 0.0,
  "pixel_aspect_ratio": 1.026161551475525,
  "radial_distortion": [
    0.10470592230558395,
    -0.08767837285995483,
    0.0
  ],
  "tangential_distortion": [
    -0.05374068394303322,
    0.003703630995005369
  ],
  "image_size": [
    1072,
    1920
  ]
}