{
  "orientation": [
    [
      0.9915427565574646,
      0.06093893200159073,
      -0.11458347737789154
    ],
    [
      -0.07396671175956726,
      0.9908246397972107,
      -0.11311722546815872
    ],
    [
      0.10663888603448868,
      0.12063593417406082,
      0.9869524240493774
    ]
  ],
  "position": [
    -0.01771029271185398,
    -3.685391426086426,
    0.4907539188861847
  ],
  "focal_length": 1624.0584716796875,
  "principal_point": [
    601.6626586914062,
    737.2704467773438
  ],
  "skew": 0.0,
  "pixel_aspect_ratio": 1.026161551475525,
  "radial_distortion": [
    0.10470592230558395,
    -0.08767837285995483,
    0.0
  ],
  "tangential_distortion": [
    -0.05374068394303322,
    0.003703630995005369
  ],
  "image_size": [
    1072,
    1920
  ]
}