{
  "orientation": [
    [
      0.9769641160964966,
      0.13734133541584015,
      -0.16333554685115814
    ],
    [
      -0.15764273703098297,
      0.9803504943847656,
      -0.11858203262090683
    ],
    [
      0.14383986592292786,
      0.14159904420375824,
      0.9794180989265442
    ]
  ],
  "position": [
    -0.8759158253669739,
    -3.707498550415039,
    0.09137213975191116
  ],
  "focal_length": 1624.0584716796875,
  "principal_point": [
    601.6626586914062,
    737.2704467773438
  ],
  "skew": 0.0,
  "pixel_aspect_ratio": 1.026161551475525,
  "radial_distortion": [
    0.10470592230558395,
    -0.08767837285995483,
    0.0
  ],
  "tangential_distortion": [
    -0.05374068394303322,
    0.003703630995005369
  ],
  "image_size": [
    1072,
    1920
  ]
}