{
  "orientation": [
    [
      0.9563156962394714,
      0.1572425812482834,
      -0.24644486606121063
    ],
    [
      -0.17978695034980774,
      0.9810909628868103,
      -0.07167448848485947
    ],
    [
      0.2305145412683487,
      0.11285100877285004,
      0.966502845287323
    ]
  ],
  "position": [
    -3.015002727508545,
    -3.6380982398986816,
    0.3764150142669678
  ],
  "focal_length": 1624.0584716796875,
  "principal_point": [
    601.6626586914062,
    737.2704467773438
  ],
  "skew": 0.0,
  "pixel_aspect_ratio": 1.026161551475525,
  "radial_distortion": [
    0.10470592230558395,
    -0.08767837285995483,
    0.0
  ],
  "tangential_distortion": [
    -0.05374068394303322,
    0.003703630995005369
  ],
  "image_size": [
    1072,
    1920
  ]
}