{
  "orientation": [
    [
      0.9994341731071472,
      0.02353714592754841,
      0.024027260020375252
    ],
    [
      -0.02596312388777733,
      0.9940024018287659,
      0.10623164474964142
    ],
    [
      -0.021382763981819153,
      -0.10679535567760468,
      0.9940510988235474
    ]
  ],
  "position": [
    3.2061362266540527,
    1.364303469657898,
    -0.23047691583633423
  ],
  "focal_length": 1624.0584716796875,
  "principal_point": [
    601.6626586914062,
    737.2704467773438
  ],
  "skew": 0.0,
  "pixel_aspect_ratio": 1.026161551475525,
  "radial_distortion": [
    0.10470592230558395,
    -0.08767837285995483,
    0.0
  ],
  "tangential_distortion": [
    -0.05374068394303322,
    0.003703630995005369
  ],
  "image_size": [
    1072,
    1920
  ]
}