{
  "orientation": [
    [
      0.9973892569541931,
      -0.07164154201745987,
      0.009061271324753761
    ],
    [
      0.07159421592950821,
      0.997418999671936,
      0.005444376263767481
    ],
    [
      -0.009427927434444427,
      -0.004781428258866072,
      0.9999441504478455
    ]
  ],
  "position": [
    2.9370310306549072,
    -0.36560752987861633,
    0.5276776552200317
  ],
  "focal_length": 1624.0584716796875,
  "principal_point": [
    601.6626586914062,
    737.2704467773438
  ],
  "skew": 0.0,
  "pixel_aspect_ratio": 1.026161551475525,
  "radial_distortion": [
    0.10470592230558395,
    -0.08767837285995483,
    0.0
  ],
  "tangential_distortion": [
    -0.05374068394303322,
    0.003703630995005369
  ],
  "image_size": [
    1072,
    1920
  ]
}