{
  "orientation": [
    [
      0.995576024055481,
      0.08764238655567169,
      -0.033870868384838104
    ],
    [
      -0.08209910243749619,
      0.9867340326309204,
      0.14005617797374725
    ],
    [
      0.04569639638066292,
      -0.1366558074951172,
      0.989564061164856
    ]
  ],
  "position": [
    1.5264784097671509,
    2.6616556644439697,
    -0.1978110820055008
  ],
  "focal_length": 1624.0584716796875,
  "principal_point": [
    601.6626586914062,
    737.2704467773438
  ],
  "skew": 0.0,
  "pixel_aspect_ratio": 1.026161551475525,
  "radial_distortion": [
    0.10470592230558395,
    -0.08767837285995483,
    0.0
  ],
  "tangential_distortion": [
    -0.05374068394303322,
    0.003703630995005369
  ],
  "image_size": [
    1072,
    1920
  ]
}