{
  "orientation": [
    [
      0.9655256271362305,
      0.15933270752429962,
      -0.20584802329540253
    ],
    [
      -0.13633044064044952,
      0.9831777215003967,
      0.121554896235466
    ],
    [
      0.2217528522014618,
      -0.08930101245641708,
      0.9710051417350769
    ]
  ],
  "position": [
    -3.6651031970977783,
    2.86820650100708,
    0.1219133511185646
  ],
  "focal_length": 1624.0584716796875,
  "principal_point": [
    601.6626586914062,
    737.2704467773438
  ],
  "skew": 0.0,
  "pixel_aspect_ratio": 1.026161551475525,
  "radial_distortion": [
    0.10470592230558395,
    -0.08767837285995483,
    0.0
  ],
  "tangential_distortion": [
    -0.05374068394303322,
    0.003703630995005369
  ],
  "image_size": [
    1072,
    1920
  ]
}