{
  "orientation": [
    [
      0.9982064962387085,
      -0.04261470586061478,
      0.042044587433338165
    ],
    [
      0.041591014713048935,
      0.9988236427307129,
      0.024929635226726532
    ],
    [
      -0.04305749759078026,
      -0.02313624881207943,
      0.9988046884536743
    ]
  ],
  "position": [
    3.780752182006836,
    -0.3228727877140045,
    0.15266487002372742
  ],
  "focal_length": 1624.0584716796875,
  "principal_point": [
    601.6626586914062,
    737.2704467773438
  ],
  "skew": 0.0,
  "pixel_aspect_ratio": 1.026161551475525,
  "radial_distortion": [
    0.10470592230558395,
    -0.08767837285995483,
    0.0
  ],
  "tangential_distortion": [
    -0.05374068394303322,
    0.003703630995005369
  ],
  "image_size": [
    1072,
    1920
  ]
}