{
  "orientation": [
    [
      0.9996015429496765,
      -0.02466534823179245,
      -0.01372454036027193
    ],
    [
      0.02383084036409855,
      0.9980342388153076,
      -0.05796317756175995
    ],
    [
      0.015127243474125862,
      0.057613011449575424,
      0.9982243776321411
    ]
  ],
  "position": [
    1.9467544555664062,
    -2.362149953842163,
    0.8454319834709167
  ],
  "focal_length": 1624.0584716796875,
  "principal_point": [
    601.6626586914062,
    737.2704467773438
  ],
  "skew": 0.0,
  "pixel_aspect_ratio": 1.026161551475525,
  "radial_distortion": [
    0.10470592230558395,
    -0.08767837285995483,
    0.0
  ],
  "tangential_distortion": [
    -0.05374068394303322,
    0.003703630995005369
  ],
  "image_size": [
    1072,
    1920
  ]
}