{
  "orientation": [
    [
      0.982977032661438,
      0.10586417466402054,
      -0.15016305446624756
    ],
    [
      -0.09038186818361282,
      0.9902026057243347,
      0.1064421683549881
    ],
    [
      0.15996025502681732,
      -0.09105818718671799,
      0.9829146265983582
    ]
  ],
  "position": [
    0.06405873596668243,
    3.1794564723968506,
    0.29234275221824646
  ],
  "focal_length": 1624.0584716796875,
  "principal_point": [
    601.6626586914062,
    737.2704467773438
  ],
  "skew": 0.0,
  "pixel_aspect_ratio": 1.026161551475525,
  "radial_distortion": [
    0.10470592230558395,
    -0.08767837285995483,
    0.0
  ],
  "tangential_distortion": [
    -0.05374068394303322,
    0.003703630995005369
  ],
  "image_size": [
    1072,
    1920
  ]
}