{
  "orientation": [
    [
      0.9880115985870361,
      0.07398940622806549,
      -0.1354939490556717
    ],
    [
      -0.08941294252872467,
      0.9897305965423584,
      -0.11152854561805725
    ],
    [
      0.1258505880832672,
      0.12230640649795532,
      0.9844809770584106
    ]
  ],
  "position": [
    -0.5086735486984253,
    -3.658252716064453,
    0.45677390694618225
  ],
  "focal_length": 1624.0584716796875,
  "principal_point": [
    601.6626586914062,
    737.2704467773438
  ],
  "skew": 0.0,
  "pixel_aspect_ratio": 1.026161551475525,
  "radial_distortion": [
    0.10470592230558395,
    -0.08767837285995483,
    0.0
  ],
  "tangential_distortion": [
    -0.05374068394303322,
    0.003703630995005369
  ],
  "image_size": [
    1072,
    1920
  ]
}