{
  "orientation": [
    [
      0.9728025197982788,
      0.15100069344043732,
      -0.17565326392650604
    ],
    [
      -0.13090118765830994,
      0.983991801738739,
      0.1209338828921318
    ],
    [
      0.19110247492790222,
      -0.09465155750513077,
      0.9769958853721619
    ]
  ],
  "position": [
    -3.051058769226074,
    2.997770071029663,
    -0.09744367748498917
  ],
  "focal_length": 1624.0584716796875,
  "principal_point": [
    601.6626586914062,
    737.2704467773438
  ],
  "skew": 0.0,
  "pixel_aspect_ratio": 1.026161551475525,
  "radial_distortion": [
    0.10470592230558395,
    -0.08767837285995483,
    0.0
  ],
  "tangential_distortion": [
    -0.05374068394303322,
    0.003703630995005369
  ],
  "image_size": [
    1072,
    1920
  ]
}