{
  "orientation": [
    [
      0.9963412284851074,
      0.04546208679676056,
      -0.072369784116745
    ],
    [
      -0.03626695275306702,
      0.9916625022888184,
      0.12365362048149109
    ],
    [
      0.07738795131444931,
      -0.12057656794786453,
      0.9896829724311829
    ]
  ],
  "position": [
    -0.08019264042377472,
    3.646035671234131,
    -0.19423654675483704
  ],
  "focal_length": 1624.0584716796875,
  "principal_point": [
    601.6626586914062,
    737.2704467773438
  ],
  "skew": 0.0,
  "pixel_aspect_ratio": 1.026161551475525,
  "radial_distortion": [
    0.10470592230558395,
    -0.08767837285995483,
    0.0
  ],
  "tangential_distortion": [
    -0.05374068394303322,
    0.003703630995005369
  ],
  "image_size": [
    1072,
    1920
  ]
}