{
  "orientation": [
    [
      0.998664915561676,
      -0.018971437588334084,
      0.04804655909538269
    ],
    [
      0.016117461025714874,
      0.9981215596199036,
      0.05910637602210045
    ],
    [
      -0.04907764121890068,
      -0.058253075927495956,
      0.9970947504043579
    ]
  ],
  "position": [
    3.9225075244903564,
    0.21099242568016052,
    -0.10734950006008148
  ],
  "focal_length": 1624.0584716796875,
  "principal_point": [
    601.6626586914062,
    737.2704467773438
  ],
  "skew": 0.0,
  "pixel_aspect_ratio": 1.026161551475525,
  "radial_distortion": [
    0.10470592230558395,
    -0.08767837285995483,
    0.0
  ],
  "tangential_distortion": [
    -0.05374068394303322,
    0.003703630995005369
  ],
  "image_size": [
    1072,
    1920
  ]
}