{
  "orientation": [
    [
      0.9432100057601929,
      0.2176772505044937,
      -0.25094133615493774
    ],
    [
      -0.1951482743024826,
      0.9743893146514893,
      0.11172566562891006
    ],
    [
      0.2688346803188324,
      -0.05640999600291252,
      0.9615330696105957
    ]
  ],
  "position": [
    -3.6499218940734863,
    1.1156617403030396,
    0.18540813028812408
  ],
  "focal_length": 1624.0584716796875,
  "principal_point": [
    601.6626586914062,
    737.2704467773438
  ],
  "skew": 0.0,
  "pixel_aspect_ratio": 1.026161551475525,
  "radial_distortion": [
    0.10470592230558395,
    -0.08767837285995483,
    0.0
  ],
  "tangential_distortion": [
    -0.05374068394303322,
    0.003703630995005369
  ],
  "image_size": [
    1072,
    1920
  ]
}