{
  "orientation": [
    [
      0.9991109371185303,
      0.018030093982815742,
      0.038108646869659424
    ],
    [
      -0.021592959761619568,
      0.9952191114425659,
      0.09525050222873688
    ],
    [
      -0.03620908036828041,
      -0.0959886983036995,
      0.9947236180305481
    ]
  ],
  "position": [
    3.6199283599853516,
    1.0046617984771729,
    -0.21929378807544708
  ],
  "focal_length": 1624.0584716796875,
  "principal_point": [
    601.6626586914062,
    737.2704467773438
  ],
  "skew": 0.0,
  "pixel_aspect_ratio": 1.026161551475525,
  "radial_distortion": [
    0.10470592230558395,
    -0.08767837285995483,
    0.0
  ],
  "tangential_distortion": [
    -0.05374068394303322,
    0.003703630995005369
  ],
  "image_size": [
    1072,
    1920
  ]
}