{
  "orientation": [
    [
      0.9878234267234802,
      0.09993678331375122,
      -0.11923719942569733
    ],
    [
      -0.0848325863480568,
      0.9884411096572876,
      0.12564876675605774
    ],
    [
      0.1304158866405487,
      -0.11400359123945236,
      0.984883189201355
    ]
  ],
  "position": [
    -1.2028141021728516,
    3.5989599227905273,
    -0.17197848856449127
  ],
  "focal_length": 1624.0584716796875,
  "principal_point": [
    601.6626586914062,
    737.2704467773438
  ],
  "skew": 0.0,
  "pixel_aspect_ratio": 1.026161551475525,
  "radial_distortion": [
    0.10470592230558395,
    -0.08767837285995483,
    0.0
  ],
  "tangential_distortion": [
    -0.05374068394303322,
    0.003703630995005369
  ],
  "image_size": [
    1072,
    1920
  ]
}