{
  "orientation": [
    [
      0.9984479546546936,
      -0.03008529171347618,
      0.04686804488301277
    ],
    [
      0.0280072670429945,
      0.9986220002174377,
      0.044380687177181244
    ],
    [
      -0.04813866689801216,
      -0.042999159544706345,
      0.9979146718978882
    ]
  ],
  "position": [
    3.8913965225219727,
    -0.027173494920134544,
    0.03540731966495514
  ],
  "focal_length": 1624.0584716796875,
  "principal_point": [
    601.6626586914062,
    737.2704467773438
  ],
  "skew": 0.0,
  "pixel_aspect_ratio": 1.026161551475525,
  "radial_distortion": [
    0.10470592230558395,
    -0.08767837285995483,
    0.0
  ],
  "tangential_distortion": [
    -0.05374068394303322,
    0.003703630995005369
  ],
  "image_size": [
    1072,
    1920
  ]
}