{
  "orientation": [
    [
      0.9286560416221619,
      0.20540392398834229,
      -0.3088805079460144
    ],
    [
      -0.2070230096578598,
      0.9779380559921265,
      0.02790445275604725
    ],
    [
      0.3077976703643799,
      0.03803172707557678,
      0.9506914019584656
    ]
  ],
  "position": [
    -4.9489641189575195,
    -1.3577390909194946,
    -0.39570605754852295
  ],
  "focal_length": 1624.0584716796875,
  "principal_point": [
    601.6626586914062,
    737.2704467773438
  ],
  "skew": 0.0,
  "pixel_aspect_ratio": 1.026161551475525,
  "radial_distortion": [
    0.10470592230558395,
    -0.08767837285995483,
    0.0
  ],
  "tangential_distortion": [
    -0.05374068394303322,
    0.003703630995005369
  ],
  "image_size": [
    1072,
    1920
  ]
}