{
  "orientation": [
    [
      0.9801181554794312,
      0.14764107763767242,
      -0.13255397975444794
    ],
    [
      -0.1277974545955658,
      0.9807769656181335,
      0.1474597156047821
    ],
    [
      0.1517769992351532,
      -0.12758788466453552,
      0.9801454544067383
    ]
  ],
  "position": [
    -1.6070566177368164,
    2.112110137939453,
    -0.03454708680510521
  ],
  "focal_length": 1624.0584716796875,
  "principal_point": [
    601.6626586914062,
    737.2704467773438
  ],
  "skew": 0.0,
  "pixel_aspect_ratio": 1.026161551475525,
  "radial_distortion": [
    0.10470592230558395,
    -0.08767837285995483,
    0.0
  ],
  "tangential_distortion": [
    -0.05374068394303322,
    0.003703630995005369
  ],
  "image_size": [
    1072,
    1920
  ]
}