{
  "orientation": [
    [
      0.9967115521430969,
      0.04077204689383507,
      -0.0700264647603035
    ],
    [
      -0.03510048985481262,
      0.9961448311805725,
      0.08039529621601105
    ],
    [
      0.0730343833565712,
      -0.07767295837402344,
      0.9943001866340637
    ]
  ],
  "position": [
    1.3876774311065674,
    2.8518331050872803,
    0.17547450959682465
  ],
  "focal_length": 1624.0584716796875,
  "principal_point": [
    601.6626586914062,
    737.2704467773438
  ],
  "skew": 0.0,
  "pixel_aspect_ratio": 1.026161551475525,
  "radial_distortion": [
    0.10470592230558395,
    -0.08767837285995483,
    0.0
  ],
  "tangential_distortion": [
    -0.05374068394303322,
    0.003703630995005369
  ],
  "image_size": [
    1072,
    1920
  ]
}