{
  "orientation": [
    [
      0.9568637609481812,
      0.16304652392864227,
      -0.24047355353832245
    ],
    [
      -0.18644128739833832,
      0.9793789386749268,
      -0.0778239294886589
    ],
    [
      0.2228258103132248,
      0.11930110305547714,
      0.9675308465957642
    ]
  ],
  "position": [
    -2.7258496284484863,
    -3.017467737197876,
    -0.010548018850386143
  ],
  "focal_length": 1624.0584716796875,
  "principal_point": [
    601.6626586914062,
    737.2704467773438
  ],
  "skew": 0.0,
  "pixel_aspect_ratio": 1.026161551475525,
  "radial_distortion": [
    0.10470592230558395,
    -0.08767837285995483,
    0.0
  ],
  "tangential_distortion": [
    -0.05374068394303322,
    0.003703630995005369
  ],
  "image_size": [
    1072,
    1920
  ]
}