{
  "orientation": [
    [
      0.9282962679862976,
      0.23206044733524323,
      -0.29054081439971924
    ],
    [
      -0.239477276802063,
      0.9708474278450012,
      0.010289173573255539
    ],
    [
      0.2844585180282593,
      0.06002651900053024,
      0.9568072557449341
    ]
  ],
  "position": [
    -4.227663993835449,
    -2.0904221534729004,
    0.3001411557197571
  ],
  "focal_length": 1624.0584716796875,
  "principal_point": [
    601.6626586914062,
    737.2704467773438
  ],
  "skew": 0.0,
  "pixel_aspect_ratio": 1.026161551475525,
  "radial_distortion": [
    0.10470592230558395,
    -0.08767837285995483,
    0.0
  ],
  "tangential_distortion": [
    -0.05374068394303322,
    0.003703630995005369
  ],
  "image_size": [
    1072,
    1920
  ]
}