{
  "orientation": [
    [
      0.9266772270202637,
      0.22639653086662292,
      -0.30002328753471375
    ],
    [
      -0.22194987535476685,
      0.9738109111785889,
      0.04930121824145317
    ],
    [
      0.3033275604248047,
      0.02090381272137165,
      0.9526570439338684
    ]
  ],
  "position": [
    -4.729712963104248,
    -0.684697687625885,
    0.44925788044929504
  ],
  "focal_length": 1624.0584716796875,
  "principal_point": [
    601.6626586914062,
    737.2704467773438
  ],
  "skew": 0.0,
  "pixel_aspect_ratio": 1.026161551475525,
  "radial_distortion": [
    0.10470592230558395,
    -0.08767837285995483,
    0.0
  ],
  "tangential_distortion": [
    -0.05374068394303322,
    0.003703630995005369
  ],
  "image_size": [
    1072,
    1920
  ]
}