{
  "orientation": [
    [
      0.9896842241287231,
      0.11614939570426941,
      -0.08387157320976257
    ],
    [
      -0.10388651490211487,
      0.9849486351013184,
      0.13814392685890198
    ],
    [
      0.09865452349185944,
      -0.1280057281255722,
      0.9868544936180115
    ]
  ],
  "position": [
    -0.34869441390037537,
    2.1843037605285645,
    -0.2786185145378113
  ],
  "focal_length": 1624.0584716796875,
  "principal_point": [
    601.6626586914062,
    737.2704467773438
  ],
  "skew": 0.0,
  "pixel_aspect_ratio": 1.026161551475525,
  "radial_distortion": [
    0.10470592230558395,
    -0.08767837285995483,
    0.0
  ],
  "tangential_distortion": [
    -0.05374068394303322,
    0.003703630995005369
  ],
  "image_size": [
    1072,
    1920
  ]
}