{
  "orientation": [
    [
      0.9971832036972046,
      0.05585503205657005,
      -0.05005890130996704
    ],
    [
      -0.06044125556945801,
      0.9936073422431946,
      -0.09534838050603867
    ],
    [
      0.04441320523619652,
      0.09810542315244675,
      0.9941844940185547
    ]
  ],
  "position": [
    1.6764602661132812,
    -2.914398431777954,
    0.4486866593360901
  ],
  "focal_length": 1624.0584716796875,
  "principal_point": [
    601.6626586914062,
    737.2704467773438
  ],
  "skew": 0.0,
  "pixel_aspect_ratio": 1.026161551475525,
  "radial_distortion": [
    0.10470592230558395,
    -0.08767837285995483,
    0.0
  ],
  "tangential_distortion": [
    -0.05374068394303322,
    0.003703630995005369
  ],
  "image_size": [
    1072,
    1920
  ]
}