{
  "orientation": [
    [
      0.9695033431053162,
      0.15595312416553497,
      -0.18905532360076904
    ],
    [
      -0.18064549565315247,
      0.9760488271713257,
      -0.12122669816017151
    ],
    [
      0.1656215488910675,
      0.15168167650699615,
      0.9744548201560974
    ]
  ],
  "position": [
    -1.26589834690094,
    -3.7805984020233154,
    -0.02929903380572796
  ],
  "focal_length": 1624.0584716796875,
  "principal_point": [
    601.6626586914062,
    737.2704467773438
  ],
  "skew": 0.0,
  "pixel_aspect_ratio": 1.026161551475525,
  "radial_distortion": [
    0.10470592230558395,
    -0.08767837285995483,
    0.0
  ],
  "tangential_distortion": [
    -0.05374068394303322,
    0.003703630995005369
  ],
  "image_size": [
    1072,
    1920
  ]
}