{
  "orientation": [
    [
      0.9996623396873474,
      -0.005545540247112513,
      -0.025384964421391487
    ],
    [
      0.0070930905640125275,
      0.9980950951576233,
      0.06128505989909172
    ],
    [
      0.024996750056743622,
      -0.06144442409276962,
      0.997797429561615
    ]
  ],
  "position": [
    2.19242525100708,
    2.5226998329162598,
    0.23321743309497833
  ],
  "focal_length": 1624.0584716796875,
  "principal_point": [
    601.6626586914062,
    737.2704467773438
  ],
  "skew": 0.0,
  "pixel_aspect_ratio": 1.026161551475525,
  "radial_distortion": [
    0.10470592230558395,
    -0.08767837285995483,
    0.0
  ],
  "tangential_distortion": [
    -0.05374068394303322,
    0.003703630995005369
  ],
  "image_size": [
    1072,
    1920
  ]
}