{
  "orientation": [
    [
      0.9982722401618958,
      0.024421686306595802,
      -0.0534430667757988
    ],
    [
      -0.017849093303084373,
      0.9925922751426697,
      0.12017503380775452
    ],
    [
      0.05598204955458641,
      -0.11901348829269409,
      0.9913131594657898
    ]
  ],
  "position": [
    0.44897931814193726,
    3.572896957397461,
    -0.24474769830703735
  ],
  "focal_length": 1624.0584716796875,
  "principal_point": [
    601.6626586914062,
    737.2704467773438
  ],
  "skew": 0.0,
  "pixel_aspect_ratio": 1.026161551475525,
  "radial_distortion": [
    0.10470592230558395,
    -0.08767837285995483,
    0.0
  ],
  "tangential_distortion": [
    -0.05374068394303322,
    0.003703630995005369
  ],
  "image_size": [
    1072,
    1920
  ]
}