{
  "orientation": [
    [
      0.9991655945777893,
      -0.016566572710871696,
      0.0373312309384346
    ],
    [
      0.017253084108233452,
      0.9996865391731262,
      -0.018143195658922195
    ],
    [
      -0.03701895847916603,
      0.01877213642001152,
      0.9991382360458374
    ]
  ],
  "position": [
    3.123812437057495,
    -1.7456101179122925,
    0.3112853765487671
  ],
  "focal_length": 1624.0584716796875,
  "principal_point": [
    601.6626586914062,
    737.2704467773438
  ],
  "skew": 0.0,
  "pixel_aspect_ratio": 1.026161551475525,
  "radial_distortion": [
    0.10470592230558395,
    -0.08767837285995483,
    0.0
  ],
  "tangential_distortion": [
    -0.05374068394303322,
    0.003703630995005369
  ],
  "image_size": [
    1072,
    1920
  ]
}