{
  "orientation": [
    [
      0.952275276184082,
      0.1985476016998291,
      -0.2318417876958847
    ],
    [
      -0.17392103374004364,
      0.9771196246147156,
      0.1224285215139389
    ],
    [
      0.2508450448513031,
      -0.07626349478960037,
      0.9650184512138367
    ]
  ],
  "position": [
    -3.276797294616699,
    1.4753239154815674,
    0.16946625709533691
  ],
  "focal_length": 1624.0584716796875,
  "principal_point": [
    601.6626586914062,
    737.2704467773438
  ],
  "skew": 0.0,
  "pixel_aspect_ratio": 1.026161551475525,
  "radial_distortion": [
    0.10470592230558395,
    -0.08767837285995483,
    0.0
  ],
  "tangential_distortion": [
    -0.05374068394303322,
    0.003703630995005369
  ],
  "image_size": [
    1072,
    1920
  ]
}