{
  "orientation": [
    [
      0.9891744256019592,
      0.10097566246986389,
      -0.10647956281900406
    ],
    [
      -0.11444360017776489,
      0.9850103259086609,
      -0.12906339764595032
    ],
    [
      0.09185120463371277,
      0.1398521065711975,
      0.9859030246734619
    ]
  ],
  "position": [
    0.008598292246460915,
    -3.682049512863159,
    0.3355902433395386
  ],
  "focal_length": 1624.0584716796875,
  "principal_point": [
    601.6626586914062,
    737.2704467773438
  ],
  "skew": 0.0,
  "pixel_aspect_ratio": 1.026161551475525,
  "radial_distortion": [
    0.10470592230558395,
    -0.08767837285995483,
    0.0
  ],
  "tangential_distortion": [
    -0.05374068394303322,
    0.003703630995005369
  ],
  "image_size": [
    1072,
    1920
  ]
}