{
  "orientation": [
    [
      0.9913522601127625,
      0.10890474915504456,
      -0.07321549206972122
    ],
    [
      -0.09830868244171143,
      0.985905647277832,
      0.1353713572025299
    ],
    [
      0.08692615479230881,
      -0.12700296938419342,
      0.9880860447883606
    ]
  ],
  "position": [
    0.28852277994155884,
    2.2687525749206543,
    -0.34880590438842773
  ],
  "focal_length": 1624.0584716796875,
  "principal_point": [
    601.6626586914062,
    737.2704467773438
  ],
  "skew": 0.0,
  "pixel_aspect_ratio": 1.026161551475525,
  "radial_distortion": [
    0.10470592230558395,
    -0.08767837285995483,
    0.0
  ],
  "tangential_distortion": [
    -0.05374068394303322,
    0.003703630995005369
  ],
  "image_size": [
    1072,
    1920
  ]
}