{
  "orientation": [
    [
      0.9976269602775574,
      -0.06856837123632431,
      -0.00623531686142087
    ],
    [
      0.06870633363723755,
      0.9973092675209045,
      0.025566335767507553
    ],
    [
      0.004465497564524412,
      -0.025934070348739624,
      0.999653697013855
    ]
  ],
  "position": [
    2.9700887203216553,
    0.930018961429596,
    0.28937551379203796
  ],
  "focal_length": 1624.0584716796875,
  "principal_point": [
    601.6626586914062,
    737.2704467773438
  ],
  "skew": 0.0,
  "pixel_aspect_ratio": 1.026161551475525,
  "radial_distortion": [
    0.10470592230558395,
    -0.08767837285995483,
    0.0
  ],
  "tangential_distortion": [
    -0.05374068394303322,
    0.003703630995005369
  ],
  "image_size": [
    1072,
    1920
  ]
}