{
  "orientation": [
    [
      0.9319717884063721,
      0.22651883959770203,
      -0.2830508351325989
    ],
    [
      -0.21031422913074493,
      0.9737722873687744,
      0.08680713921785355
    ],
    [
      0.2952904999256134,
      -0.02137218974530697,
      0.9551684260368347
    ]
  ],
  "position": [
    -4.448054790496826,
    0.3382405936717987,
    0.40315645933151245
  ],
  "focal_length": 1624.0584716796875,
  "principal_point": [
    601.6626586914062,
    737.2704467773438
  ],
  "skew": 0.0,
  "pixel_aspect_ratio": 1.026161551475525,
  "radial_distortion": [
    0.10470592230558395,
    -0.08767837285995483,
    0.0
  ],
  "tangential_distortion": [
    -0.05374068394303322,
    0.003703630995005369
  ],
  "image_size": [
    1072,
    1920
  ]
}