{
  "orientation": [
    [
      0.9976410865783691,
      0.06592915952205658,
      -0.01912110112607479
    ],
    [
      -0.06276926398277283,
      0.9888948798179626,
      0.1347104012966156
    ],
    [
      0.02779010310769081,
      -0.13319240510463715,
      0.9907004833221436
    ]
  ],
  "position": [
    1.933752417564392,
    2.5189948081970215,
    -0.24126271903514862
  ],
  "focal_length": 1624.0584716796875,
  "principal_point": [
    601.6626586914062,
    737.2704467773438
  ],
  "skew": 0.0,
  "pixel_aspect_ratio": 1.026161551475525,
  "radial_distortion": [
    0.10470592230558395,
    -0.08767837285995483,
    0.0
  ],
  "tangential_distortion": [
    -0.05374068394303322,
    0.003703630995005369
  ],
  "image_size": [
    1072,
    1920
  ]
}