{
  "orientation": [
    [
      0.9725162982940674,
      0.12889108061790466,
      -0.19390489161014557
    ],
    [
      -0.15125596523284912,
      0.9828715324401855,
      -0.10528621077537537
    ],
    [
      0.17701314389705658,
      0.13172182440757751,
      0.9753541350364685
    ]
  ],
  "position": [
    -1.9445050954818726,
    -3.94368052482605,
    0.3315270245075226
  ],
  "focal_length": 1624.0584716796875,
  "principal_point": [
    601.6626586914062,
    737.2704467773438
  ],
  "skew": 0.0,
  "pixel_aspect_ratio": 1.026161551475525,
  "radial_distortion": [
    0.10470592230558395,
    -0.08767837285995483,
    0.0
  ],
  "tangential_distortion": [
    -0.05374068394303322,
    0.003703630995005369
  ],
  "image_size": [
    1072,
    1920
  ]
}