{
  "orientation": [
    [
      0.9992645382881165,
      0.03335077315568924,
      0.018922459334135056
    ],
    [
      -0.035303011536598206,
      0.9927963614463806,
      0.11449472606182098
    ],
    [
      -0.014967662282288074,
      -0.11507854610681534,
      0.9932436347007751
    ]
  ],
  "position": [
    2.8694257736206055,
    1.7884106636047363,
    -0.2828952968120575
  ],
  "focal_length": 1624.0584716796875,
  "principal_point": [
    601.6626586914062,
    737.2704467773438
  ],
  "skew": 0.0,
  "pixel_aspect_ratio": 1.026161551475525,
  "radial_distortion": [
    0.10470592230558395,
    -0.08767837285995483,
    0.0
  ],
  "tangential_distortion": [
    -0.05374068394303322,
    0.003703630995005369
  ],
  "image_size": [
    1072,
    1920
  ]
}