{
  "orientation": [
    [
      0.9233625531196594,
      0.22532808780670166,
      -0.3108518123626709
    ],
    [
      -0.213364377617836,
      0.9742828011512756,
      0.07244803756475449
    ],
    [
      0.3191821575164795,
      -0.0005710991099476814,
      0.9476932287216187
    ]
  ],
  "position": [
    -5.2761101722717285,
    0.523575484752655,
    -0.06049342453479767
  ],
  "focal_length": 1624.0584716796875,
  "principal_point": [
    601.6626586914062,
    737.2704467773438
  ],
  "skew": 0.0,
  "pixel_aspect_ratio": 1.026161551475525,
  "radial_distortion": [
    0.10470592230558395,
    -0.08767837285995483,
    0.0
  ],
  "tangential_distortion": [
    -0.05374068394303322,
    0.003703630995005369
  ],
  "image_size": [
    1072,
    1920
  ]
}