{
  "orientation": [
    [
      0.9986099600791931,
      -0.036024294793605804,
      0.03847590833902359
    ],
    [
      0.035438697785139084,
      0.9992470145225525,
      0.015795139595866203
    ],
    [
      -0.03901594504714012,
      -0.01440964825451374,
      0.9991346597671509
    ]
  ],
  "position": [
    3.586439609527588,
    -0.822055995464325,
    0.28961697220802307
  ],
  "focal_length": 1624.0584716796875,
  "principal_point": [
    601.6626586914062,
    737.2704467773438
  ],
  "skew": 0.0,
  "pixel_aspect_ratio": 1.026161551475525,
  "radial_distortion": [
    0.10470592230558395,
    -0.08767837285995483,
    0.0
  ],
  "tangential_distortion": [
    -0.05374068394303322,
    0.003703630995005369
  ],
  "image_size": [
    1072,
    1920
  ]
}