{
  "orientation": [
    [
      0.9930131435394287,
      0.07115781307220459,
      -0.09413508325815201
    ],
    [
      -0.0590219609439373,
      0.9902790188789368,
      0.12595200538635254
    ],
    [
      0.10218246281147003,
      -0.11951596289873123,
      0.987559974193573
    ]
  ],
  "position": [
    -0.6182941198348999,
    3.661139726638794,
    -0.17681172490119934
  ],
  "focal_length": 1624.0584716796875,
  "principal_point": [
    601.6626586914062,
    737.2704467773438
  ],
  "skew": 0.0,
  "pixel_aspect_ratio": 1.026161551475525,
  "radial_distortion": [
    0.10470592230558395,
    -0.08767837285995483,
    0.0
  ],
  "tangential_distortion": [
    -0.05374068394303322,
    0.003703630995005369
  ],
  "image_size": [
    1072,
    1920
  ]
}