{
  "orientation": [
    [
      0.9861000776290894,
      0.1317576766014099,
      -0.10122524201869965
    ],
    [
      -0.1155330166220665,
      0.9815785884857178,
      0.15216949582099915
    ],
    [
      0.11941003054380417,
      -0.13835948705673218,
      0.9831570982933044
    ]
  ],
  "position": [
    -0.9344420433044434,
    2.308166027069092,
    -0.09915924817323685
  ],
  "focal_length": 1624.0584716796875,
  "principal_point": [
    601.6626586914062,
    737.2704467773438
  ],
  "skew": 0.0,
  "pixel_aspect_ratio": 1.026161551475525,
  "radial_distortion": [
    0.10470592230558395,
    -0.08767837285995483,
    0.0
  ],
  "tangential_distortion": [
    -0.05374068394303322,
    0.003703630995005369
  ],
  "image_size": [
    1072,
    1920
  ]
}