{
  "orientation": [
    [
      0.9387930631637573,
      0.2032890021800995,
      -0.2781027853488922
    ],
    [
      -0.21988755464553833,
      0.9750788807868958,
      -0.02950744330883026
    ],
    [
      0.2651735842227936,
      0.08885271847248077,
      0.9600979685783386
    ]
  ],
  "position": [
    -3.7382960319519043,
    -2.994920015335083,
    0.39914798736572266
  ],
  "focal_length": 1624.0584716796875,
  "principal_point": [
    601.6626586914062,
    737.2704467773438
  ],
  "skew": 0.0,
  "pixel_aspect_ratio": 1.026161551475525,
  "radial_distortion": [
    0.10470592230558395,
    -0.08767837285995483,
    0.0
  ],
  "tangential_distortion": [
    -0.05374068394303322,
    0.003703630995005369
  ],
  "image_size": [
    1072,
    1920
  ]
}