{
  "orientation": [
    [
      0.9898695349693298,
      0.07807137817144394,
      -0.11858809739351273
    ],
    [
      -0.06683976203203201,
      0.993143618106842,
      0.09590715914964676
    ],
    [
      0.12526261806488037,
      -0.08700917661190033,
      0.9883009195327759
    ]
  ],
  "position": [
    0.47289183735847473,
    3.037107467651367,
    0.26410502195358276
  ],
  "focal_length": 1624.0584716796875,
  "principal_point": [
    601.6626586914062,
    737.2704467773438
  ],
  "skew": 0.0,
  "pixel_aspect_ratio": 1.026161551475525,
  "radial_distortion": [
    0.10470592230558395,
    -0.08767837285995483,
    0.0
  ],
  "tangential_distortion": [
    -0.05374068394303322,
    0.003703630995005369
  ],
  "image_size": [
    1072,
    1920
  ]
}