{
  "orientation": [
    [
      0.9989874958992004,
      0.03848814591765404,
      -0.02329564280807972
    ],
    [
      -0.040381185710430145,
      0.9953769445419312,
      -0.08714441955089569
    ],
    [
      0.019833918660879135,
      0.08799689263105392,
      0.9959232807159424
    ]
  ],
  "position": [
    2.087031364440918,
    -2.786163806915283,
    0.43601664900779724
  ],
  "focal_length": 1624.0584716796875,
  "principal_point": [
    601.6626586914062,
    737.2704467773438
  ],
  "skew": 0.0,
  "pixel_aspect_ratio": 1.026161551475525,
  "radial_distortion": [
    0.10470592230558395,
    -0.08767837285995483,
    0.0
  ],
  "tangential_distortion": [
    -0.05374068394303322,
    0.003703630995005369
  ],
  "image_size": [
    1072,
    1920
  ]
}