{
  "orientation": [
    [
      0.9979179501533508,
      -0.06397799402475357,
      0.00816235039383173
    ],
    [
      0.06390762329101562,
      0.9979186654090881,
      0.008609243668615818
    ],
    [
      -0.00869616400450468,
      -0.00806968193501234,
      0.9999296069145203
    ]
  ],
  "position": [
    3.2295444011688232,
    0.06336798518896103,
    0.44021114706993103
  ],
  "focal_length": 1624.0584716796875,
  "principal_point": [
    601.6626586914062,
    737.2704467773438
  ],
  "skew": 0.0,
  "pixel_aspect_ratio": 1.026161551475525,
  "radial_distortion": [
    0.10470592230558395,
    -0.08767837285995483,
    0.0
  ],
  "tangential_distortion": [
    -0.05374068394303322,
    0.003703630995005369
  ],
  "image_size": [
    1072,
    1920
  ]
}