{
  "orientation": [
    [
      0.9640691876411438,
      0.1452762633562088,
      -0.22240827977657318
    ],
    [
      -0.16869758069515228,
      0.9815400838851929,
      -0.09011207520961761
    ],
    [
      0.20521149039268494,
      0.1243940070271492,
      0.9707803130149841
    ]
  ],
  "position": [
    -2.418698310852051,
    -3.85978102684021,
    0.2891633212566376
  ],
  "focal_length": 1624.0584716796875,
  "principal_point": [
    601.6626586914062,
    737.2704467773438
  ],
  "skew": 0.0,
  "pixel_aspect_ratio": 1.026161551475525,
  "radial_distortion": [
    0.10470592230558395,
    -0.08767837285995483,
    0.0
  ],
  "tangential_distortion": [
    -0.05374068394303322,
    0.003703630995005369
  ],
  "image_size": [
    1072,
    1920
  ]
}