{
  "orientation": [
    [
      0.9991039633750916,
      -0.04231636971235275,
      -0.0007883282960392535
    ],
    [
      0.04225114360451698,
      0.9983081221580505,
      -0.039945922791957855
    ],
    [
      0.002477361122146249,
      0.039876822382211685,
      0.9992015361785889
    ]
  ],
  "position": [
    2.181736469268799,
    -1.8679276704788208,
    0.8270604610443115
  ],
  "focal_length": 1624.0584716796875,
  "principal_point": [
    601.6626586914062,
    737.2704467773438
  ],
  "skew": 0.0,
  "pixel_aspect_ratio": 1.026161551475525,
  "radial_distortion": [
    0.10470592230558395,
    -0.08767837285995483,
    0.0
  ],
  "tangential_distortion": [
    -0.05374068394303322,
    0.003703630995005369
  ],
  "image_size": [
    1072,
    1920
  ]
}