{
  "orientation": [
    [
      0.9978105425834656,
      -0.06610752642154694,
      0.0019855427090078592
    ],
    [
      0.06605713814496994,
      0.9976293444633484,
      0.01929089054465294
    ],
    [
      -0.0032561086118221283,
      -0.01911749318242073,
      0.9998119473457336
    ]
  ],
  "position": [
    3.172424554824829,
    0.4702661633491516,
    0.3385620415210724
  ],
  "focal_length": 1624.0584716796875,
  "principal_point": [
    601.6626586914062,
    737.2704467773438
  ],
  "skew": 0.0,
  "pixel_aspect_ratio": 1.026161551475525,
  "radial_distortion": [
    0.10470592230558395,
    -0.08767837285995483,
    0.0
  ],
  "tangential_distortion": [
    -0.05374068394303322,
    0.003703630995005369
  ],
  "image_size": [
    1072,
    1920
  ]
}