{
  "orientation": [
    [
      0.9264492392539978,
      0.23213782906532288,
      -0.29631710052490234
    ],
    [
      -0.23505643010139465,
      0.9716267585754395,
      0.02626735158264637
    ],
    [
      0.29400724172592163,
      0.04531586915254593,
      0.954728364944458
    ]
  ],
  "position": [
    -4.479537010192871,
    -1.6106467247009277,
    0.38817963004112244
  ],
  "focal_length": 1624.0584716796875,
  "principal_point": [
    601.6626586914062,
    737.2704467773438
  ],
  "skew": 0.0,
  "pixel_aspect_ratio": 1.026161551475525,
  "radial_distortion": [
    0.10470592230558395,
    -0.08767837285995483,
    0.0
  ],
  "tangential_distortion": [
    -0.05374068394303322,
    0.003703630995005369
  ],
  "image_size": [
    1072,
    1920
  ]
}