{
  "orientation": [
    [
      0.9308998584747314,
      0.21778099238872528,
      -0.29325222969055176
    ],
    [
      -0.2019774317741394,
      0.975821852684021,
      0.08352770656347275
    ],
    [
      0.30435267090797424,
      -0.01852559670805931,
      0.9523792862892151
    ]
  ],
  "position": [
    -5.141390800476074,
    1.4766812324523926,
    -0.0005809824215248227
  ],
  "focal_length": 1624.0584716796875,
  "principal_point": [
    601.6626586914062,
    737.2704467773438
  ],
  "skew": 0.0,
  "pixel_aspect_ratio": 1.026161551475525,
  "radial_distortion": [
    0.10470592230558395,
    -0.08767837285995483,
    0.0
  ],
  "tangential_distortion": [
    -0.05374068394303322,
    0.003703630995005369
  ],
  "image_size": [
    1072,
    1920
  ]
}