{
  "orientation": [
    [
      0.9627818465232849,
      0.15947981178760529,
      -0.2182139754295349
    ],
    [
      -0.18420635163784027,
      0.9779918193817139,
      -0.09797988831996918
    ],
    [
      0.19778567552566528,
      0.13452965021133423,
      0.9709699153900146
    ]
  ],
  "position": [
    -1.9632333517074585,
    -3.4384500980377197,
    -0.06384764611721039
  ],
  "focal_length": 1624.0584716796875,
  "principal_point": [
    601.6626586914062,
    737.2704467773438
  ],
  "skew": 0.0,
  "pixel_aspect_ratio": 1.026161551475525,
  "radial_distortion": [
    0.10470592230558395,
    -0.08767837285995483,
    0.0
  ],
  "tangential_distortion": [
    -0.05374068394303322,
    0.003703630995005369
  ],
  "image_size": [
    1072,
    1920
  ]
}