{
  "orientation": [
    [
      0.9553548097610474,
      0.1753517985343933,
      -0.23780031502246857
    ],
    [
      -0.15139470994472504,
      0.9816833138465881,
      0.11566121131181717
    ],
    [
      0.2537260055541992,
      -0.07449577748775482,
      0.9644031524658203
    ]
  ],
  "position": [
    -4.185985088348389,
    2.687405824661255,
    0.21868780255317688
  ],
  "focal_length": 1624.0584716796875,
  "principal_point": [
    601.6626586914062,
    737.2704467773438
  ],
  "skew": 0.0,
  "pixel_aspect_ratio": 1.026161551475525,
  "radial_distortion": [
    0.10470592230558395,
    -0.08767837285995483,
    0.0
  ],
  "tangential_distortion": [
    -0.05374068394303322,
    0.003703630995005369
  ],
  "image_size": [
    1072,
    1920
  ]
}