{
  "orientation": [
    [
      0.9389724135398865,
      0.2304811030626297,
      -0.25536099076271057
    ],
    [
      -0.26181989908218384,
      0.9603350758552551,
      -0.09595271199941635
    ],
    [
      0.22311682999134064,
      0.1569555401802063,
      0.9620726704597473
    ]
  ],
  "position": [
    -0.8139647245407104,
    -2.013007879257202,
    0.661677896976471
  ],
  "focal_length": 1624.0584716796875,
  "principal_point": [
    601.6626586914062,
    737.2704467773438
  ],
  "skew": 0.0,
  "pixel_aspect_ratio": 1.026161551475525,
  "radial_distortion": [
    0.10470592230558395,
    -0.08767837285995483,
    0.0
  ],
  "tangential_distortion": [
    -0.05374068394303322,
    0.003703630995005369
  ],
  "image_size": [
    1072,
    1920
  ]
}