{
  "orientation": [
    [
      0.9728937745094299,
      0.12601542472839355,
      -0.19390156865119934
    ],
    [
      -0.1284974217414856,
      0.99170982837677,
      -0.00022494999575428665
    ],
    [
      0.19226573407649994,
      0.025134705007076263,
      0.981020987033844
    ]
  ],
  "position": [
    -0.43669193983078003,
    -1.2706921100616455,
    0.40284156799316406
  ],
  "focal_length": 1624.0584716796875,
  "principal_point": [
    601.6626586914062,
    737.2704467773438
  ],
  "skew": 0.0,
  "pixel_aspect_ratio": 1.026161551475525,
  "radial_distortion": [
    0.10470592230558395,
    -0.08767837285995483,
    0.0
  ],
  "tangential_distortion": [
    -0.05374068394303322,
    0.003703630995005369
  ],
  "image_size": [
    1072,
    1920
  ]
}