{
  "orientation": [
    [
      0.997931182384491,
      0.057787321507930756,
      0.028178349137306213
    ],
    [
      -0.05552111193537712,
      0.9956005811691284,
      -0.07547792047262192
    ],
    [
      -0.032416049391031265,
      0.07375727593898773,
      0.996749222278595
    ]
  ],
  "position": [
    3.789261817932129,
    -1.8269013166427612,
    -0.017307545989751816
  ],
  "focal_length": 1624.0584716796875,
  "principal_point": [
    601.6626586914062,
    737.2704467773438
  ],
  "skew": 0.0,
  "pixel_aspect_ratio": 1.026161551475525,
  "radial_distortion": [
    0.10470592230558395,
    -0.08767837285995483,
    0.0
  ],
  "tangential_distortion": [
    -0.05374068394303322,
    0.003703630995005369
  ],
  "image_size": [
    1072,
    1920
  ]
}