{
  "orientation": [
    [
      0.9537464380264282,
      0.16048237681388855,
      -0.2541910707950592
    ],
    [
      -0.13977237045764923,
      0.9853556752204895,
      0.0976620614528656
    ],
    [
      0.2661416530609131,
      -0.05761595815420151,
      0.962210476398468
    ]
  ],
  "position": [
    -2.7125840187072754,
    1.1874604225158691,
    0.712579607963562
  ],
  "focal_length": 1624.0584716796875,
  "principal_point": [
    601.6626586914062,
    737.2704467773438
  ],
  "skew": 0.0,
  "pixel_aspect_ratio": 1.026161551475525,
  "radial_distortion": [
    0.10470592230558395,
    -0.08767837285995483,
    0.0
  ],
  "tangential_distortion": [
    -0.05374068394303322,
    0.003703630995005369
  ],
  "image_size": [
    1072,
    1920
  ]
}