{
  "orientation": [
    [
      0.9243199825286865,
      0.20158050954341888,
      -0.3240336775779724
    ],
    [
      -0.22604459524154663,
      0.9733238816261292,
      -0.039299674332141876
    ],
    [
      0.30746766924858093,
      0.10957153886556625,
      0.9452289342880249
    ]
  ],
  "position": [
    -2.965830087661743,
    -0.8819296360015869,
    1.3220347166061401
  ],
  "focal_length": 1624.0584716796875,
  "principal_point": [
    601.6626586914062,
    737.2704467773438
  ],
  "skew": 0.0,
  "pixel_aspect_ratio": 1.026161551475525,
  "radial_distortion": [
    0.10470592230558395,
    -0.08767837285995483,
    0.0
  ],
  "tangential_distortion": [
    -0.05374068394303322,
    0.003703630995005369
  ],
  "image_size": [
    1072,
    1920
  ]
}