{
  "orientation": [
    [
      0.9598702192306519,
      0.1706264317035675,
      -0.22256633639335632
    ],
    [
      -0.15320391952991486,
      0.9837653636932373,
      0.09345744550228119
    ],
    [
      0.2348993718624115,
      -0.05560898035764694,
      0.9704276919364929
    ]
  ],
  "position": [
    -1.9226839542388916,
    2.4000935554504395,
    0.3457604944705963
  ],
  "focal_length": 1624.0584716796875,
  "principal_point": [
    601.6626586914062,
    737.2704467773438
  ],
  "skew": 0.0,
  "pixel_aspect_ratio": 1.026161551475525,
  "radial_distortion": [
    0.10470592230558395,
    -0.08767837285995483,
    0.0
  ],
  "tangential_distortion": [
    -0.05374068394303322,
    0.003703630995005369
  ],
  "image_size": [
    1072,
    1920
  ]
}