{
  "orientation": [
    [
      0.9514304995536804,
      0.1722017228603363,
      -0.2551991939544678
    ],
    [
      -0.15899336338043213,
      0.9846744537353516,
      0.07167543470859528
    ],
    [
      0.263630747795105,
      -0.027619216591119766,
      0.9642282128334045
    ]
  ],
  "position": [
    -2.682565212249756,
    -0.024714235216379166,
    0.5189998745918274
  ],
  "focal_length": 1624.0584716796875,
  "principal_point": [
    601.6626586914062,
    737.2704467773438
  ],
  "skew": 0.0,
  "pixel_aspect_ratio": 1.026161551475525,
  "radial_distortion": [
    0.10470592230558395,
    -0.08767837285995483,
    0.0
  ],
  "tangential_distortion": [
    -0.05374068394303322,
    0.003703630995005369
  ],
  "image_size": [
    1072,
    1920
  ]
}