{
  "orientation": [
    [
      0.9683068990707397,
      0.13891084492206573,
      -0.20757053792476654
    ],
    [
      -0.11464428901672363,
      0.9855440855026245,
      0.12473786622285843
    ],
    [
      0.22189736366271973,
      -0.0969877541065216,
      0.9702344536781311
    ]
  ],
  "position": [
    -2.107664108276367,
    1.7044663429260254,
    0.4740109443664551
  ],
  "focal_length": 1624.0584716796875,
  "principal_point": [
    601.6626586914062,
    737.2704467773438
  ],
  "skew": 0.0,
  "pixel_aspect_ratio": 1.026161551475525,
  "radial_distortion": [
    0.10470592230558395,
    -0.08767837285995483,
    0.0
  ],
  "tangential_distortion": [
    -0.05374068394303322,
    0.003703630995005369
  ],
  "image_size": [
    1072,
    1920
  ]
}