{
  "orientation": [
    [
      0.9921837449073792,
      0.04637628421187401,
      -0.1158474013209343
    ],
    [
      -0.03361916542053223,
      0.9933913350105286,
      0.10974272340536118
    ],
    [
      0.12017126381397247,
      -0.10499025136232376,
      0.9871858358383179
    ]
  ],
  "position": [
    -0.24524284899234772,
    2.4046335220336914,
    0.29601356387138367
  ],
  "focal_length": 1624.0584716796875,
  "principal_point": [
    601.6626586914062,
    737.2704467773438
  ],
  "skew": 0.0,
  "pixel_aspect_ratio": 1.026161551475525,
  "radial_distortion": [
    0.10470592230558395,
    -0.08767837285995483,
    0.0
  ],
  "tangential_distortion": [
    -0.05374068394303322,
    0.003703630995005369
  ],
  "image_size": [
    1072,
    1920
  ]
}