{
  "orientation": [
    [
      0.998806893825531,
      -0.04626278579235077,
      0.01563889905810356
    ],
    [
      0.045170314610004425,
      0.9969156384468079,
      0.064177967607975
    ],
    [
      -0.018559714779257774,
      -0.06339498609304428,
      0.9978159070014954
    ]
  ],
  "position": [
    3.9307727813720703,
    0.4516591727733612,
    -0.1714751124382019
  ],
  "focal_length": 1624.0584716796875,
  "principal_point": [
    601.6626586914062,
    737.2704467773438
  ],
  "skew": 0.0,
  "pixel_aspect_ratio": 1.026161551475525,
  "radial_distortion": [
    0.10470592230558395,
    -0.08767837285995483,
    0.0
  ],
  "tangential_distortion": [
    -0.05374068394303322,
    0.003703630995005369
  ],
  "image_size": [
    1072,
    1920
  ]
}