{
  "orientation": [
    [
      0.9539396166801453,
      0.1482924073934555,
      -0.2607845962047577
    ],
    [
      -0.1391041874885559,
      0.9888340830802917,
      0.053452569991350174
    ],
    [
      0.26579931378364563,
      -0.014714295044541359,
      0.9639160633087158
    ]
  ],
  "position": [
    -2.868229627609253,
    -0.42408591508865356,
    0.5881739854812622
  ],
  "focal_length": 1624.0584716796875,
  "principal_point": [
    601.6626586914062,
    737.2704467773438
  ],
  "skew": 0.0,
  "pixel_aspect_ratio": 1.026161551475525,
  "radial_distortion": [
    0.10470592230558395,
    -0.08767837285995483,
    0.0
  ],
  "tangential_distortion": [
    -0.05374068394303322,
    0.003703630995005369
  ],
  "image_size": [
    1072,
    1920
  ]
}