{
  "orientation": [
    [
      0.9646300673484802,
      0.15509453415870667,
      -0.213153675198555
    ],
    [
      -0.13892528414726257,
      0.9863007068634033,
      0.08894212543964386
    ],
    [
      0.22402805089950562,
      -0.05618381127715111,
      0.9729619026184082
    ]
  ],
  "position": [
    -1.5093086957931519,
    2.5733346939086914,
    0.2614383101463318
  ],
  "focal_length": 1624.0584716796875,
  "principal_point": [
    601.6626586914062,
    737.2704467773438
  ],
  "skew": 0.0,
  "pixel_aspect_ratio": 1.026161551475525,
  "radial_distortion": [
    0.10470592230558395,
    -0.08767837285995483,
    0.0
  ],
  "tangential_distortion": [
    -0.05374068394303322,
    0.003703630995005369
  ],
  "image_size": [
    1072,
    1920
  ]
}