{
  "orientation": [
    [
      0.92540043592453,
      0.206825390458107,
      -0.3175804018974304
    ],
    [
      -0.202581986784935,
      0.9781502485275269,
      0.04671841114759445
    ],
    [
      0.32030388712882996,
      0.021102827042341232,
      0.9470797777175903
    ]
  ],
  "position": [
    -3.592381715774536,
    0.9439520835876465,
    1.1697136163711548
  ],
  "focal_length": 1624.0584716796875,
  "principal_point": [
    601.6626586914062,
    737.2704467773438
  ],
  "skew": 0.0,
  "pixel_aspect_ratio": 1.026161551475525,
  "radial_distortion": [
    0.10470592230558395,
    -0.08767837285995483,
    0.0
  ],
  "tangential_distortion": [
    -0.05374068394303322,
    0.003703630995005369
  ],
  "image_size": [
    1072,
    1920
  ]
}