{
  "orientation": [
    [
      0.960437536239624,
      0.14810419082641602,
      -0.23584935069084167
    ],
    [
      -0.12490992248058319,
      0.985995352268219,
      0.11050217598676682
    ],
    [
      0.24891218543052673,
      -0.07667051255702972,
      0.9654865860939026
    ]
  ],
  "position": [
    -2.471024751663208,
    1.4601480960845947,
    0.6234980821609497
  ],
  "focal_length": 1624.0584716796875,
  "principal_point": [
    601.6626586914062,
    737.2704467773438
  ],
  "skew": 0.0,
  "pixel_aspect_ratio": 1.026161551475525,
  "radial_distortion": [
    0.10470592230558395,
    -0.08767837285995483,
    0.0
  ],
  "tangential_distortion": [
    -0.05374068394303322,
    0.003703630995005369
  ],
  "image_size": [
    1072,
    1920
  ]
}