{
  "orientation": [
    [
      0.9959846138954163,
      0.0886923223733902,
      0.01218086015433073
    ],
    [
      -0.08702685683965683,
      0.9911069869995117,
      -0.10066430270671844
    ],
    [
      -0.021000687032938004,
      0.09920003265142441,
      0.9948458671569824
    ]
  ],
  "position": [
    3.5296356678009033,
    -1.9489097595214844,
    0.02752389758825302
  ],
  "focal_length": 1624.0584716796875,
  "principal_point": [
    601.6626586914062,
    737.2704467773438
  ],
  "skew": 0.0,
  "pixel_aspect_ratio": 1.026161551475525,
  "radial_distortion": [
    0.10470592230558395,
    -0.08767837285995483,
    0.0
  ],
  "tangential_distortion": [
    -0.05374068394303322,
    0.003703630995005369
  ],
  "image_size": [
    1072,
    1920
  ]
}