{
  "orientation": [
    [
      0.9670849442481995,
      0.1923328936100006,
      -0.16659760475158691
    ],
    [
      -0.21534737944602966,
      0.9674071073532104,
      -0.1332252323627472
    ],
    [
      0.13554412126541138,
      0.1647164672613144,
      0.9769832491874695
    ]
  ],
  "position": [
    0.818253219127655,
    -2.502547025680542,
    0.2909061312675476
  ],
  "focal_length": 1624.0584716796875,
  "principal_point": [
    601.6626586914062,
    737.2704467773438
  ],
  "skew": 0.0,
  "pixel_aspect_ratio": 1.026161551475525,
  "radial_distortion": [
    0.10470592230558395,
    -0.08767837285995483,
    0.0
  ],
  "tangential_distortion": [
    -0.05374068394303322,
    0.003703630995005369
  ],
  "image_size": [
    1072,
    1920
  ]
}