{
  "orientation": [
    [
      0.9945713877677917,
      0.003075854852795601,
      -0.10401082038879395
    ],
    [
      0.007447557523846626,
      0.9948953986167908,
      0.10063646733760834
    ],
    [
      0.10378942638635635,
      -0.10086477547883987,
      0.9894716143608093
    ]
  ],
  "position": [
    1.423036813735962,
    2.1026766300201416,
    -0.12889012694358826
  ],
  "focal_length": 1624.0584716796875,
  "principal_point": [
    601.6626586914062,
    737.2704467773438
  ],
  "skew": 0.0,
  "pixel_aspect_ratio": 1.026161551475525,
  "radial_distortion": [
    0.10470592230558395,
    -0.08767837285995483,
    0.0
  ],
  "tangential_distortion": [
    -0.05374068394303322,
    0.003703630995005369
  ],
  "image_size": [
    1072,
    1920
  ]
}