{
  "orientation": [
    [
      0.9406623244285583,
      0.21177081763744354,
      -0.2651555836200714
    ],
    [
      -0.1930556297302246,
      0.9765709042549133,
      0.09507270902395248
    ],
    [
      0.27907684445381165,
      -0.03824153542518616,
      0.9595069885253906
    ]
  ],
  "position": [
    -2.7352135181427,
    1.912664771080017,
    0.6180338263511658
  ],
  "focal_length": 1624.0584716796875,
  "principal_point": [
    601.6626586914062,
    737.2704467773438
  ],
  "skew": 0.0,
  "pixel_aspect_ratio": 1.026161551475525,
  "radial_distortion": [
    0.10470592230558395,
    -0.08767837285995483,
    0.0
  ],
  "tangential_distortion": [
    -0.05374068394303322,
    0.003703630995005369
  ],
  "image_size": [
    1072,
    1920
  ]
}