{
  "orientation": [
    [
      0.9934155344963074,
      0.020916558802127838,
      -0.1126413494348526
    ],
    [
      -0.010013791732490063,
      0.9952824711799622,
      0.09650123864412308
    ],
    [
      0.11412843316793442,
      -0.09473785758018494,
      0.988938570022583
    ]
  ],
  "position": [
    0.1829879879951477,
    2.2504968643188477,
    0.1628144383430481
  ],
  "focal_length": 1624.0584716796875,
  "principal_point": [
    601.6626586914062,
    737.2704467773438
  ],
  "skew": 0.0,
  "pixel_aspect_ratio": 1.026161551475525,
  "radial_distortion": [
    0.10470592230558395,
    -0.08767837285995483,
    0.0
  ],
  "tangential_distortion": [
    -0.05374068394303322,
    0.003703630995005369
  ],
  "image_size": [
    1072,
    1920
  ]
}