{
  "orientation": [
    [
      0.97133868932724,
      0.1321866512298584,
      -0.19755451381206512
    ],
    [
      -0.1339099109172821,
      0.9909824728965759,
      0.00467101763933897
    ],
    [
      0.19639050960540771,
      0.021917367354035378,
      0.9802807569503784
    ]
  ],
  "position": [
    -0.7485412955284119,
    -1.1750504970550537,
    0.4228454828262329
  ],
  "focal_length": 1624.0584716796875,
  "principal_point": [
    601.6626586914062,
    737.2704467773438
  ],
  "skew": 0.0,
  "pixel_aspect_ratio": 1.026161551475525,
  "radial_distortion": [
    0.10470592230558395,
    -0.08767837285995483,
    0.0
  ],
  "tangential_distortion": [
    -0.05374068394303322,
    0.003703630995005369
  ],
  "image_size": [
    1072,
    1920
  ]
}