{
  "orientation": [
    [
      0.9983769059181213,
      0.01136386301368475,
      0.05580665543675423
    ],
    [
      -0.00963606871664524,
      0.9994688034057617,
      -0.031132454052567482
    ],
    [
      -0.056130796670913696,
      0.030544167384505272,
      0.9979560971260071
    ]
  ],
  "position": [
    4.407637119293213,
    -1.265966534614563,
    -0.0617004930973053
  ],
  "focal_length": 1624.0584716796875,
  "principal_point": [
    601.6626586914062,
    737.2704467773438
  ],
  "skew": 0.0,
  "pixel_aspect_ratio": 1.026161551475525,
  "radial_distortion": [
    0.10470592230558395,
    -0.08767837285995483,
    0.0
  ],
  "tangential_distortion": [
    -0.05374068394303322,
    0.003703630995005369
  ],
  "image_size": [
    1072,
    1920
  ]
}