{
  "orientation": [
    [
      0.9859699010848999,
      0.14817579090595245,
      -0.07685859501361847
    ],
    [
      -0.15745756030082703,
      0.978451669216156,
      -0.13356457650661469
    ],
    [
      0.055411383509635925,
      0.14379261434078217,
      0.9880552887916565
    ]
  ],
  "position": [
    1.7879281044006348,
    -2.3479838371276855,
    0.22936037182807922
  ],
  "focal_length": 1624.0584716796875,
  "principal_point": [
    601.6626586914062,
    737.2704467773438
  ],
  "skew": 0.0,
  "pixel_aspect_ratio": 1.026161551475525,
  "radial_distortion": [
    0.10470592230558395,
    -0.08767837285995483,
    0.0
  ],
  "tangential_distortion": [
    -0.05374068394303322,
    0.003703630995005369
  ],
  "image_size": [
    1072,
    1920
  ]
}