{
  "orientation": [
    [
      0.9500889778137207,
      0.186576247215271,
      -0.2500403821468353
    ],
    [
      -0.16747398674488068,
      0.9812103509902954,
      0.09580588340759277
    ],
    [
      0.26321732997894287,
      -0.04914885386824608,
      0.9634838104248047
    ]
  ],
  "position": [
    -2.4111008644104004,
    2.158745288848877,
    0.4869743585586548
  ],
  "focal_length": 1624.0584716796875,
  "principal_point": [
    601.6626586914062,
    737.2704467773438
  ],
  "skew": 0.0,
  "pixel_aspect_ratio": 1.026161551475525,
  "radial_distortion": [
    0.10470592230558395,
    -0.08767837285995483,
    0.0
  ],
  "tangential_distortion": [
    -0.05374068394303322,
    0.003703630995005369
  ],
  "image_size": [
    1072,
    1920
  ]
}