{
  "orientation": [
    [
      0.9698445796966553,
      0.1425800770521164,
      -0.19766730070114136
    ],
    [
      -0.12633457779884338,
      0.9876601099967957,
      0.09255830198526382
    ],
    [
      0.20842507481575012,
      -0.06479495018720627,
      0.9758896231651306
    ]
  ],
  "position": [
    -1.0293723344802856,
    2.8405840396881104,
    0.2954820394515991
  ],
  "focal_length": 1624.0584716796875,
  "principal_point": [
    601.6626586914062,
    737.2704467773438
  ],
  "skew": 0.0,
  "pixel_aspect_ratio": 1.026161551475525,
  "radial_distortion": [
    0.10470592230558395,
    -0.08767837285995483,
    0.0
  ],
  "tangential_distortion": [
    -0.05374068394303322,
    0.003703630995005369
  ],
  "image_size": [
    1072,
    1920
  ]
}