{
  "orientation": [
    [
      0.998801589012146,
      0.024964207783341408,
      0.042096830904483795
    ],
    [
      -0.023082049563527107,
      0.9987373948097229,
      -0.044618573039770126
    ],
    [
      -0.04315754398703575,
      0.04359342157840729,
      0.9981167316436768
    ]
  ],
  "position": [
    3.9846444129943848,
    -1.4373666048049927,
    -0.0005888676969334483
  ],
  "focal_length": 1624.0584716796875,
  "principal_point": [
    601.6626586914062,
    737.2704467773438
  ],
  "skew": 0.0,
  "pixel_aspect_ratio": 1.026161551475525,
  "radial_distortion": [
    0.10470592230558395,
    -0.08767837285995483,
    0.0
  ],
  "tangential_distortion": [
    -0.05374068394303322,
    0.003703630995005369
  ],
  "image_size": [
    1072,
    1920
  ]
}