{
  "orientation": [
    [
      0.9948568940162659,
      0.09949975460767746,
      -0.0189618282020092
    ],
    [
      -0.10097870230674744,
      0.9889371395111084,
      -0.10865844041109085
    ],
    [
      0.007940568029880524,
      0.11001434177160263,
      0.9938982725143433
    ]
  ],
  "position": [
    2.8010079860687256,
    -1.8269459009170532,
    0.24642860889434814
  ],
  "focal_length": 1624.0584716796875,
  "principal_point": [
    601.6626586914062,
    737.2704467773438
  ],
  "skew": 0.0,
  "pixel_aspect_ratio": 1.026161551475525,
  "radial_distortion": [
    0.10470592230558395,
    -0.08767837285995483,
    0.0
  ],
  "tangential_distortion": [
    -0.05374068394303322,
    0.003703630995005369
  ],
  "image_size": [
    1072,
    1920
  ]
}