{
  "orientation": [
    [
      0.9590430855751038,
      0.14437370002269745,
      -0.24370592832565308
    ],
    [
      -0.13886606693267822,
      0.9895141124725342,
      0.03972518444061279
    ],
    [
      0.24688571691513062,
      -0.004255678504705429,
      0.969035267829895
    ]
  ],
  "position": [
    -2.57717227935791,
    -0.735132098197937,
    0.4830034673213959
  ],
  "focal_length": 1624.0584716796875,
  "principal_point": [
    601.6626586914062,
    737.2704467773438
  ],
  "skew": 0.0,
  "pixel_aspect_ratio": 1.026161551475525,
  "radial_distortion": [
    0.10470592230558395,
    -0.08767837285995483,
    0.0
  ],
  "tangential_distortion": [
    -0.05374068394303322,
    0.003703630995005369
  ],
  "image_size": [
    1072,
    1920
  ]
}