{
  "orientation": [
    [
      0.9982917904853821,
      -0.04643303155899048,
      0.03546106070280075
    ],
    [
      0.04493257775902748,
      0.998106837272644,
      0.0419982448220253
    ],
    [
      -0.037344034761190414,
      -0.04033314809203148,
      0.998488187789917
    ]
  ],
  "position": [
    4.177624702453613,
    -0.020432183519005775,
    -0.1111004650592804
  ],
  "focal_length": 1624.0584716796875,
  "principal_point": [
    601.6626586914062,
    737.2704467773438
  ],
  "skew": 0.0,
  "pixel_aspect_ratio": 1.026161551475525,
  "radial_distortion": [
    0.10470592230558395,
    -0.08767837285995483,
    0.0
  ],
  "tangential_distortion": [
    -0.05374068394303322,
    0.003703630995005369
  ],
  "image_size": [
    1072,
    1920
  ]
}