{
  "orientation": [
    [
      0.9510390162467957,
      0.17141090333461761,
      -0.2571830153465271
    ],
    [
      -0.1575104147195816,
      0.984750509262085,
      0.07387121766805649
    ],
    [
      0.2659234404563904,
      -0.029745405539870262,
      0.9635351300239563
    ]
  ],
  "position": [
    -2.7489678859710693,
    0.3052186369895935,
    0.5559965372085571
  ],
  "focal_length": 1624.0584716796875,
  "principal_point": [
    601.6626586914062,
    737.2704467773438
  ],
  "skew": 0.0,
  "pixel_aspect_ratio": 1.026161551475525,
  "radial_distortion": [
    0.10470592230558395,
    -0.08767837285995483,
    0.0
  ],
  "tangential_distortion": [
    -0.05374068394303322,
    0.003703630995005369
  ],
  "image_size": [
    1072,
    1920
  ]
}