{
  "orientation": [
    [
      0.9884169697761536,
      0.06869953125715256,
      -0.13532285392284393
    ],
    [
      -0.0525345578789711,
      0.9914311170578003,
      0.11960141360759735
    ],
    [
      0.14237983524799347,
      -0.11110693961381912,
      0.9835563898086548
    ]
  ],
  "position": [
    -0.7658300399780273,
    2.3965213298797607,
    0.4343695640563965
  ],
  "focal_length": 1624.0584716796875,
  "principal_point": [
    601.6626586914062,
    737.2704467773438
  ],
  "skew": 0.0,
  "pixel_aspect_ratio": 1.026161551475525,
  "radial_distortion": [
    0.10470592230558395,
    -0.08767837285995483,
    0.0
  ],
  "tangential_distortion": [
    -0.05374068394303322,
    0.003703630995005369
  ],
  "image_size": [
    1072,
    1920
  ]
}