{
  "orientation": [
    [
      0.9285510182380676,
      0.24247314035892487,
      -0.28106895089149475
    ],
    [
      -0.27207261323928833,
      0.9596574902534485,
      -0.07095105201005936
    ],
    [
      0.252526193857193,
      0.14235283434391022,
      0.957061231136322
    ]
  ],
  "position": [
    -1.717612624168396,
    -1.364827275276184,
    0.8844874501228333
  ],
  "focal_length": 1624.0584716796875,
  "principal_point": [
    601.6626586914062,
    737.2704467773438
  ],
  "skew": 0.0,
  "pixel_aspect_ratio": 1.026161551475525,
  "radial_distortion": [
    0.10470592230558395,
    -0.08767837285995483,
    0.0
  ],
  "tangential_distortion": [
    -0.05374068394303322,
    0.003703630995005369
  ],
  "image_size": [
    1072,
    1920
  ]
}