{
  "orientation": [
    [
      0.9502992033958435,
      0.17240266501903534,
      -0.25924643874168396
    ],
    [
      -0.1579524725675583,
      0.9845378398895264,
      0.07573812454938889
    ],
    [
      0.26829537749290466,
      -0.03102525882422924,
      0.9628369808197021
    ]
  ],
  "position": [
    -2.723767042160034,
    0.6183733344078064,
    0.5608057975769043
  ],
  "focal_length": 1624.0584716796875,
  "principal_point": [
    601.6626586914062,
    737.2704467773438
  ],
  "skew": 0.0,
  "pixel_aspect_ratio": 1.026161551475525,
  "radial_distortion": [
    0.10470592230558395,
    -0.08767837285995483,
    0.0
  ],
  "tangential_distortion": [
    -0.05374068394303322,
    0.003703630995005369
  ],
  "image_size": [
    1072,
    1920
  ]
}