{
  "orientation": [
    [
      0.9957321882247925,
      -0.007286163978278637,
      -0.09200143814086914
    ],
    [
      0.017083488404750824,
      0.9942025542259216,
      0.10615765303373337
    ],
    [
      0.09069458395242691,
      -0.1072762981057167,
      0.9900839924812317
    ]
  ],
  "position": [
    2.064166307449341,
    1.9400173425674438,
    -0.21513482928276062
  ],
  "focal_length": 1624.0584716796875,
  "principal_point": [
    601.6626586914062,
    737.2704467773438
  ],
  "skew": 0.0,
  "pixel_aspect_ratio": 1.026161551475525,
  "radial_distortion": [
    0.10470592230558395,
    -0.08767837285995483,
    0.0
  ],
  "tangential_distortion": [
    -0.05374068394303322,
    0.003703630995005369
  ],
  "image_size": [
    1072,
    1920
  ]
}