{
  "orientation": [
    [
      0.9695181250572205,
      0.13701912760734558,
      -0.20312659442424774
    ],
    [
      -0.13841474056243896,
      0.9903467893600464,
      0.007388768717646599
    ],
    [
      0.20217816531658173,
      0.020952168852090836,
      0.9791246056556702
    ]
  ],
  "position": [
    -1.1588480472564697,
    -1.1178010702133179,
    0.45396026968955994
  ],
  "focal_length": 1624.0584716796875,
  "principal_point": [
    601.6626586914062,
    737.2704467773438
  ],
  "skew": 0.0,
  "pixel_aspect_ratio": 1.026161551475525,
  "radial_distortion": [
    0.10470592230558395,
    -0.08767837285995483,
    0.0
  ],
  "tangential_distortion": [
    -0.05374068394303322,
    0.003703630995005369
  ],
  "image_size": [
    1072,
    1920
  ]
}