{
  "orientation": [
    [
      0.9201847910881042,
      0.21935884654521942,
      -0.3242555260658264
    ],
    [
      -0.23067915439605713,
      0.9730231165885925,
      0.003619959345087409
    ],
    [
      0.31630218029022217,
      0.07146795839071274,
      0.9459626078605652
    ]
  ],
  "position": [
    -3.4500162601470947,
    -0.10299387574195862,
    1.077338457107544
  ],
  "focal_length": 1624.0584716796875,
  "principal_point": [
    601.6626586914062,
    737.2704467773438
  ],
  "skew": 0.0,
  "pixel_aspect_ratio": 1.026161551475525,
  "radial_distortion": [
    0.10470592230558395,
    -0.08767837285995483,
    0.0
  ],
  "tangential_distortion": [
    -0.05374068394303322,
    0.003703630995005369
  ],
  "image_size": [
    1072,
    1920
  ]
}