{
  "orientation": [
    [
      0.9752727746963501,
      0.11748417466878891,
      -0.18719099462032318
    ],
    [
      -0.09458621591329575,
      0.9873945713043213,
      0.1269071400165558
    ],
    [
      0.1997409462928772,
      -0.10606338828802109,
      0.9740914106369019
    ]
  ],
  "position": [
    -1.720569372177124,
    1.968519687652588,
    0.41563349962234497
  ],
  "focal_length": 1624.0584716796875,
  "principal_point": [
    601.6626586914062,
    737.2704467773438
  ],
  "skew": 0.0,
  "pixel_aspect_ratio": 1.026161551475525,
  "radial_distortion": [
    0.10470592230558395,
    -0.08767837285995483,
    0.0
  ],
  "tangential_distortion": [
    -0.05374068394303322,
    0.003703630995005369
  ],
  "image_size": [
    1072,
    1920
  ]
}