{
  "orientation": [
    [
      0.9225976467132568,
      0.21475623548030853,
      -0.32045793533325195
    ],
    [
      -0.22829510271549225,
      0.9735800623893738,
      -0.004812267608940601
    ],
    [
      0.31095799803733826,
      0.07759876549243927,
      0.9472505450248718
    ]
  ],
  "position": [
    -3.345888137817383,
    -0.6471248865127563,
    1.0649046897888184
  ],
  "focal_length": 1624.0584716796875,
  "principal_point": [
    601.6626586914062,
    737.2704467773438
  ],
  "skew": 0.0,
  "pixel_aspect_ratio": 1.026161551475525,
  "radial_distortion": [
    0.10470592230558395,
    -0.08767837285995483,
    0.0
  ],
  "tangential_distortion": [
    -0.05374068394303322,
    0.003703630995005369
  ],
  "image_size": [
    1072,
    1920
  ]
}