{
  "orientation": [
    [
      0.998161256313324,
      -0.027655070647597313,
      0.05393799766898155
    ],
    [
      0.026546403765678406,
      0.9994235038757324,
      0.02116388827562332
    ],
    [
      -0.05449219420552254,
      -0.01969311386346817,
      0.9983199834823608
    ]
  ],
  "position": [
    4.533042907714844,
    -0.5626776218414307,
    -0.11105333268642426
  ],
  "focal_length": 1624.0584716796875,
  "principal_point": [
    601.6626586914062,
    737.2704467773438
  ],
  "skew": 0.0,
  "pixel_aspect_ratio": 1.026161551475525,
  "radial_distortion": [
    0.10470592230558395,
    -0.08767837285995483,
    0.0
  ],
  "tangential_distortion": [
    -0.05374068394303322,
    0.003703630995005369
  ],
  "image_size": [
    1072,
    1920
  ]
}