{
  "orientation": [
    [
      0.9986464977264404,
      -0.020058244466781616,
      0.04798752814531326
    ],
    [
      0.020035933703184128,
      0.9997988343238831,
      0.0009459355496801436
    ],
    [
      -0.047996845096349716,
      1.6819678421597928e-05,
      0.998847484588623
    ]
  ],
  "position": [
    4.270035266876221,
    -0.779083788394928,
    -0.021164771169424057
  ],
  "focal_length": 1624.0584716796875,
  "principal_point": [
    601.6626586914062,
    737.2704467773438
  ],
  "skew": 0.0,
  "pixel_aspect_ratio": 1.026161551475525,
  "radial_distortion": [
    0.10470592230558395,
    -0.08767837285995483,
    0.0
  ],
  "tangential_distortion": [
    -0.05374068394303322,
    0.003703630995005369
  ],
  "image_size": [
    1072,
    1920
  ]
}