{
  "orientation": [
    [
      0.9471355676651001,
      0.2217530608177185,
      -0.2318616658449173
    ],
    [
      -0.25041621923446655,
      0.9627320170402527,
      -0.10217010229825974
    ],
    [
      0.20056413114070892,
      0.15483085811138153,
      0.9673683047294617
    ]
  ],
  "position": [
    -0.24508701264858246,
    -2.1081435680389404,
    0.5027018785476685
  ],
  "focal_length": 1624.0584716796875,
  "principal_point": [
    601.6626586914062,
    737.2704467773438
  ],
  "skew": 0.0,
  "pixel_aspect_ratio": 1.026161551475525,
  "radial_distortion": [
    0.10470592230558395,
    -0.08767837285995483,
    0.0
  ],
  "tangential_distortion": [
    -0.05374068394303322,
    0.003703630995005369
  ],
  "image_size": [
    1072,
    1920
  ]
}