{
  "orientation": [
    [
      0.9997109770774841,
      -0.019869476556777954,
      0.01353495754301548
    ],
    [
      0.018632320687174797,
      0.9961126446723938,
      0.08609572052955627
    ],
    [
      -0.015193019062280655,
      -0.08581864833831787,
      0.9961948990821838
    ]
  ],
  "position": [
    4.1334404945373535,
    1.013318657875061,
    -0.24534495174884796
  ],
  "focal_length": 1624.0584716796875,
  "principal_point": [
    601.6626586914062,
    737.2704467773438
  ],
  "skew": 0.0,
  "pixel_aspect_ratio": 1.026161551475525,
  "radial_distortion": [
    0.10470592230558395,
    -0.08767837285995483,
    0.0
  ],
  "tangential_distortion": [
    -0.05374068394303322,
    0.003703630995005369
  ],
  "image_size": [
    1072,
    1920
  ]
}