{
  "orientation": [
    [
      0.9212478399276733,
      0.22441643476486206,
      -0.31771013140678406
    ],
    [
      -0.23776306211948395,
      0.9713174700737,
      -0.003333569271489978
    ],
    [
      0.30784928798675537,
      0.07861077785491943,
      0.9481820464134216
    ]
  ],
  "position": [
    -3.3163511753082275,
    -0.4775316119194031,
    0.9755285382270813
  ],
  "focal_length": 1624.0584716796875,
  "principal_point": [
    601.6626586914062,
    737.2704467773438
  ],
  "skew": 0.0,
  "pixel_aspect_ratio": 1.026161551475525,
  "radial_distortion": [
    0.10470592230558395,
    -0.08767837285995483,
    0.0
  ],
  "tangential_distortion": [
    -0.05374068394303322,
    0.003703630995005369
  ],
  "image_size": [
    1072,
    1920
  ]
}