{
  "orientation": [
    [
      0.9975077509880066,
      -0.012233221903443336,
      -0.06948870420455933
    ],
    [
      0.019727148115634918,
      0.9939329028129578,
      0.10820437222719193
    ],
    [
      0.06774342060089111,
      -0.10930550843477249,
      0.9916970729827881
    ]
  ],
  "position": [
    2.775939464569092,
    1.652011513710022,
    -0.3338724374771118
  ],
  "focal_length": 1624.0584716796875,
  "principal_point": [
    601.6626586914062,
    737.2704467773438
  ],
  "skew": 0.0,
  "pixel_aspect_ratio": 1.026161551475525,
  "radial_distortion": [
    0.10470592230558395,
    -0.08767837285995483,
    0.0
  ],
  "tangential_distortion": [
    -0.05374068394303322,
    0.003703630995005369
  ],
  "image_size": [
    1072,
    1920
  ]
}