{
  "orientation": [
    [
      0.9941943287849426,
      0.011305229738354683,
      -0.10700389742851257
    ],
    [
      -0.0006943607004359365,
      0.9951184391975403,
      0.09868531674146652
    ],
    [
      0.10759720951318741,
      -0.09803807735443115,
      0.9893489480018616
    ]
  ],
  "position": [
    0.8184595108032227,
    2.237316608428955,
    0.01381007395684719
  ],
  "focal_length": 1624.0584716796875,
  "principal_point": [
    601.6626586914062,
    737.2704467773438
  ],
  "skew": 0.0,
  "pixel_aspect_ratio": 1.026161551475525,
  "radial_distortion": [
    0.10470592230558395,
    -0.08767837285995483,
    0.0
  ],
  "tangential_distortion": [
    -0.05374068394303322,
    0.003703630995005369
  ],
  "image_size": [
    1072,
    1920
  ]
}