{
  "orientation": [
    [
      0.9581417441368103,
      0.18756583333015442,
      -0.21629485487937927
    ],
    [
      -0.21798045933246613,
      0.9677312970161438,
      -0.1264146864414215
    ],
    [
      0.18560421466827393,
      0.1682712435722351,
      0.9681094288825989
    ]
  ],
  "position": [
    -0.09178376942873001,
    -2.426419734954834,
    0.5260590314865112
  ],
  "focal_length": 1624.0584716796875,
  "principal_point": [
    601.6626586914062,
    737.2704467773438
  ],
  "skew": 0.0,
  "pixel_aspect_ratio": 1.026161551475525,
  "radial_distortion": [
    0.10470592230558395,
    -0.08767837285995483,
    0.0
  ],
  "tangential_distortion": [
    -0.05374068394303322,
    0.003703630995005369
  ],
  "image_size": [
    1072,
    1920
  ]
}