{
  "orientation": [
    [
      0.9784414768218994,
      0.160602405667305,
      -0.1298428177833557
    ],
    [
      -0.17852123081684113,
      0.9738172292709351,
      -0.1407485455274582
    ],
    [
      0.10383861511945724,
      0.16089390218257904,
      0.981494128704071
    ]
  ],
  "position": [
    1.0776933431625366,
    -2.57761812210083,
    0.29747092723846436
  ],
  "focal_length": 1624.0584716796875,
  "principal_point": [
    601.6626586914062,
    737.2704467773438
  ],
  "skew": 0.0,
  "pixel_aspect_ratio": 1.026161551475525,
  "radial_distortion": [
    0.10470592230558395,
    -0.08767837285995483,
    0.0
  ],
  "tangential_distortion": [
    -0.05374068394303322,
    0.003703630995005369
  ],
  "image_size": [
    1072,
    1920
  ]
}