{
  "orientation": [
    [
      0.9677200317382812,
      0.13853268325328827,
      -0.21053902804851532
    ],
    [
      -0.13986794650554657,
      0.990132749080658,
      0.008609922602772713
    ],
    [
      0.2096543312072754,
      0.02111566811800003,
      0.9775475263595581
    ]
  ],
  "position": [
    -1.5713884830474854,
    -1.1195223331451416,
    0.46577149629592896
  ],
  "focal_length": 1624.0584716796875,
  "principal_point": [
    601.6626586914062,
    737.2704467773438
  ],
  "skew": 0.0,
  "pixel_aspect_ratio": 1.026161551475525,
  "radial_distortion": [
    0.10470592230558395,
    -0.08767837285995483,
    0.0
  ],
  "tangential_distortion": [
    -0.05374068394303322,
    0.003703630995005369
  ],
  "image_size": [
    1072,
    1920
  ]
}