{
  "orientation": [
    [
      0.9281769394874573,
      0.21771110594272614,
      -0.30181020498275757
    ],
    [
      -0.20883013308048248,
      0.9759968519210815,
      0.06180717423558235
    ],
    [
      0.3080219030380249,
      0.0056590670719742775,
      0.9513624310493469
    ]
  ],
  "position": [
    -3.3262617588043213,
    1.0790952444076538,
    0.8392200469970703
  ],
  "focal_length": 1624.0584716796875,
  "principal_point": [
    601.6626586914062,
    737.2704467773438
  ],
  "skew": 0.0,
  "pixel_aspect_ratio": 1.026161551475525,
  "radial_distortion": [
    0.10470592230558395,
    -0.08767837285995483,
    0.0
  ],
  "tangential_distortion": [
    -0.05374068394303322,
    0.003703630995005369
  ],
  "image_size": [
    1072,
    1920
  ]
}