{
  "orientation": [
    [
      0.963895320892334,
      0.12194197624921799,
      -0.2367190569639206
    ],
    [
      -0.12316043674945831,
      0.9923394322395325,
      0.009691078215837479
    ],
    [
      0.23608741164207458,
      0.019813237711787224,
      0.9715297818183899
    ]
  ],
  "position": [
    -2.3404884338378906,
    -1.1544798612594604,
    0.5743287205696106
  ],
  "focal_length": 1624.0584716796875,
  "principal_point": [
    601.6626586914062,
    737.2704467773438
  ],
  "skew": 0.0,
  "pixel_aspect_ratio": 1.026161551475525,
  "radial_distortion": [
    0.10470592230558395,
    -0.08767837285995483,
    0.0
  ],
  "tangential_distortion": [
    -0.05374068394303322,
    0.003703630995005369
  ],
  "image_size": [
    1072,
    1920
  ]
}