{
  "orientation": [
    [
      0.9220450520515442,
      0.21572259068489075,
      -0.3213980495929718
    ],
    [
      -0.2194530963897705,
      0.9753015637397766,
      0.025043558329343796
    ],
    [
      0.3188624978065491,
      0.047440510243177414,
      0.9466129541397095
    ]
  ],
  "position": [
    -3.482858419418335,
    0.5438658595085144,
    1.1846449375152588
  ],
  "focal_length": 1624.0584716796875,
  "principal_point": [
    601.6626586914062,
    737.2704467773438
  ],
  "skew": 0.0,
  "pixel_aspect_ratio": 1.026161551475525,
  "radial_distortion": [
    0.10470592230558395,
    -0.08767837285995483,
    0.0
  ],
  "tangential_distortion": [
    -0.05374068394303322,
    0.003703630995005369
  ],
  "image_size": [
    1072,
    1920
  ]
}