{
  "orientation": [
    [
      0.9822391867637634,
      0.09510710090398788,
      -0.16174302995204926
    ],
    [
      -0.0752696767449379,
      0.9893420934677124,
      0.12464606761932373
    ],
    [
      0.17187392711639404,
      -0.11025790870189667,
      0.9789292812347412
    ]
  ],
  "position": [
    -1.2674241065979004,
    2.177027702331543,
    0.3751247227191925
  ],
  "focal_length": 1624.0584716796875,
  "principal_point": [
    601.6626586914062,
    737.2704467773438
  ],
  "skew": 0.0,
  "pixel_aspect_ratio": 1.026161551475525,
  "radial_distortion": [
    0.10470592230558395,
    -0.08767837285995483,
    0.0
  ],
  "tangential_distortion": [
    -0.05374068394303322,
    0.003703630995005369
  ],
  "image_size": [
    1072,
    1920
  ]
}