{
  "orientation": [
    [
      0.9994425773620605,
      -0.013429800979793072,
      -0.03056344948709011
    ],
    [
      0.016477173194289207,
      0.9946739077568054,
      0.10174626857042313
    ],
    [
      0.02903423272073269,
      -0.10219315439462662,
      0.9943407773971558
    ]
  ],
  "position": [
    3.4947664737701416,
    1.2556418180465698,
    -0.38268786668777466
  ],
  "focal_length": 1624.0584716796875,
  "principal_point": [
    601.6626586914062,
    737.2704467773438
  ],
  "skew": 0.0,
  "pixel_aspect_ratio": 1.026161551475525,
  "radial_distortion": [
    0.10470592230558395,
    -0.08767837285995483,
    0.0
  ],
  "tangential_distortion": [
    -0.05374068394303322,
    0.003703630995005369
  ],
  "image_size": [
    1072,
    1920
  ]
}