{
  "orientation": [
    [
      0.9355506300926208,
      0.22628898918628693,
      -0.2711794972419739
    ],
    [
      -0.25907623767852783,
      0.9615182280540466,
      -0.09144476056098938
    ],
    [
      0.24005109071731567,
      0.15580736100673676,
      0.9581751227378845
    ]
  ],
  "position": [
    -1.5240682363510132,
    -1.6582013368606567,
    0.9583238959312439
  ],
  "focal_length": 1624.0584716796875,
  "principal_point": [
    601.6626586914062,
    737.2704467773438
  ],
  "skew": 0.0,
  "pixel_aspect_ratio": 1.026161551475525,
  "radial_distortion": [
    0.10470592230558395,
    -0.08767837285995483,
    0.0
  ],
  "tangential_distortion": [
    -0.05374068394303322,
    0.003703630995005369
  ],
  "image_size": [
    1072,
    1920
  ]
}