{
  "orientation": [
    [
      0.9227094054222107,
      0.2157091647386551,
      -0.3194947838783264
    ],
    [
      -0.23319146037101746,
      0.9722818732261658,
      -0.017020098865032196
    ],
    [
      0.3069675862789154,
      0.09020805358886719,
      0.947435200214386
    ]
  ],
  "position": [
    -3.1436870098114014,
    -0.9375242590904236,
    1.078710913658142
  ],
  "focal_length": 1624.0584716796875,
  "principal_point": [
    601.6626586914062,
    737.2704467773438
  ],
  "skew": 0.0,
  "pixel_aspect_ratio": 1.026161551475525,
  "radial_distortion": [
    0.10470592230558395,
    -0.08767837285995483,
    0.0
  ],
  "tangential_distortion": [
    -0.05374068394303322,
    0.003703630995005369
  ],
  "image_size": [
    1072,
    1920
  ]
}