{
  "orientation": [
    [
      0.9632123112678528,
      0.1351335048675537,
      -0.23229506611824036
    ],
    [
      -0.13308565318584442,
      0.990800678730011,
      0.02454047091305256
    ],
    [
      0.23347434401512146,
      0.0072774579748511314,
      0.9723357558250427
    ]
  ],
  "position": [
    -2.356903553009033,
    -0.9384004473686218,
    0.4856175184249878
  ],
  "focal_length": 1624.0584716796875,
  "principal_point": [
    601.6626586914062,
    737.2704467773438
  ],
  "skew": 0.0,
  "pixel_aspect_ratio": 1.026161551475525,
  "radial_distortion": [
    0.10470592230558395,
    -0.08767837285995483,
    0.0
  ],
  "tangential_distortion": [
    -0.05374068394303322,
    0.003703630995005369
  ],
  "image_size": [
    1072,
    1920
  ]
}