{
  "orientation": [
    [
      0.9775748252868652,
      -0.17390179634094238,
      0.1187668889760971
    ],
    [
      0.16974188387393951,
      0.9844894409179688,
      0.04436492919921875
    ],
    [
      -0.12463989108800888,
      -0.023210324347019196,
      0.9919305443763733
    ]
  ],
  "position": [
    0.4480312466621399,
    1.2491247653961182,
    0.5893692970275879
  ],
  "focal_length": 1481.450439453125,
  "principal_point": [
    566.6854248046875,
    1031.048828125
  ],
  "skew": 0.0,
  "pixel_aspect_ratio": 1.00845468044281,
  "radial_distortion": [
    0.1271735429763794,
    -0.21105742454528809,
    0.0
  ],
  "tangential_distortion": [
    0.0030499822460114956,
    0.008128720335662365
  ],
  "image_size": [
    1072,
    1920
  ]
}