{
  "orientation": [
    [
      0.9746850728988647,
      -0.15676937997341156,
      0.1594124734401703
    ],
    [
      0.15586258471012115,
      0.9876100420951843,
      0.01825508289039135
    ],
    [
      -0.16029919683933258,
      0.007053480949252844,
      0.9870432615280151
    ]
  ],
  "position": [
    2.0617551803588867,
    0.9657185077667236,
    0.7696065902709961
  ],
  "focal_length": 1481.450439453125,
  "principal_point": [
    566.6854248046875,
    1031.048828125
  ],
  "skew": 0.0,
  "pixel_aspect_ratio": 1.00845468044281,
  "radial_distortion": [
    0.1271735429763794,
    -0.21105742454528809,
    0.0
  ],
  "tangential_distortion": [
    0.0030499822460114956,
    0.008128720335662365
  ],
  "image_size": [
    1072,
    1920
  ]
}