{
  "orientation": [
    [
      0.998124897480011,
      -0.023301828652620316,
      0.05660122260451317
    ],
    [
      0.027749618515372276,
      0.9964795112609863,
      -0.07911121100187302
    ],
    [
      -0.05455852299928665,
      0.08053353428840637,
      0.9952576160430908
    ]
  ],
  "position": [
    1.701411485671997,
    -3.357893228530884,
    -1.491280198097229
  ],
  "focal_length": 1481.450439453125,
  "principal_point": [
    566.6854248046875,
    1031.048828125
  ],
  "skew": 0.0,
  "pixel_aspect_ratio": 1.00845468044281,
  "radial_distortion": [
    0.1271735429763794,
    -0.21105742454528809,
    0.0
  ],
  "tangential_distortion": [
    0.0030499822460114956,
    0.008128720335662365
  ],
  "image_size": [
    1072,
    1920
  ]
}