{
  "orientation": [
    [
      0.9999348521232605,
      -0.010356856510043144,
      -0.00479747774079442
    ],
    [
      0.010215358808636665,
      0.9995377659797668,
      -0.02863491140305996
    ],
    [
      0.005091827362775803,
      0.028584038838744164,
      0.9995784163475037
    ]
  ],
  "position": [
    -2.4421873092651367,
    1.213255763053894,
    1.1422747373580933
  ],
  "focal_length": 1481.450439453125,
  "principal_point": [
    566.6854248046875,
    1031.048828125
  ],
  "skew": 0.0,
  "pixel_aspect_ratio": 1.00845468044281,
  "radial_distortion": [
    0.1271735429763794,
    -0.21105742454528809,
    0.0
  ],
  "tangential_distortion": [
    0.0030499822460114956,
    0.008128720335662365
  ],
  "image_size": [
    1072,
    1920
  ]
}