{
  "orientation": [
    [
      0.9827055335044861,
      0.1603943109512329,
      -0.09253888577222824
    ],
    [
      -0.1696084588766098,
      0.9801986813545227,
      -0.1021936684846878
    ],
    [
      0.07431520521640778,
      0.11612166464328766,
      0.990450918674469
    ]
  ],
  "position": [
    -3.4970133304595947,
    -0.9721828699111938,
    -0.10675756633281708
  ],
  "focal_length": 1481.450439453125,
  "principal_point": [
    566.6854248046875,
    1031.048828125
  ],
  "skew": 0.0,
  "pixel_aspect_ratio": 1.00845468044281,
  "radial_distortion": [
    0.1271735429763794,
    -0.21105742454528809,
    0.0
  ],
  "tangential_distortion": [
    0.0030499822460114956,
    0.008128720335662365
  ],
  "image_size": [
    1072,
    1920
  ]
}