{
  "orientation": [
    [
      0.9984101057052612,
      -0.05374512821435928,
      0.01699274219572544
    ],
    [
      0.054174259305000305,
      0.9981957674026489,
      -0.025891480967402458
    ],
    [
      -0.015570542775094509,
      0.026770886033773422,
      0.9995203018188477
    ]
  ],
  "position": [
    -2.0104432106018066,
    1.4277883768081665,
    1.2989295721054077
  ],
  "focal_length": 1481.450439453125,
  "principal_point": [
    566.6854248046875,
    1031.048828125
  ],
  "skew": 0.0,
  "pixel_aspect_ratio": 1.00845468044281,
  "radial_distortion": [
    0.1271735429763794,
    -0.21105742454528809,
    0.0
  ],
  "tangential_distortion": [
    0.0030499822460114956,
    0.008128720335662365
  ],
  "image_size": [
    1072,
    1920
  ]
}