{
  "orientation": [
    [
      0.9517673850059509,
      -0.20346228778362274,
      0.22965620458126068
    ],
    [
      0.21488924324512482,
      0.9763023257255554,
      -0.0256203580647707
    ],
    [
      -0.21900111436843872,
      0.07373527437448502,
      0.9729345440864563
    ]
  ],
  "position": [
    2.6603715419769287,
    1.1741455793380737,
    1.6339324712753296
  ],
  "focal_length": 1481.450439453125,
  "principal_point": [
    566.6854248046875,
    1031.048828125
  ],
  "skew": 0.0,
  "pixel_aspect_ratio": 1.00845468044281,
  "radial_distortion": [
    0.1271735429763794,
    -0.21105742454528809,
    0.0
  ],
  "tangential_distortion": [
    0.0030499822460114956,
    0.008128720335662365
  ],
  "image_size": [
    1072,
    1920
  ]
}