{
  "orientation": [
    [
      0.9696871638298035,
      -0.1662800908088684,
      0.1790466606616974
    ],
    [
      0.1683676391839981,
      0.9857177734375,
      0.0035817245952785015
    ],
    [
      -0.1770850419998169,
      0.02667251229286194,
      0.9838340878486633
    ]
  ],
  "position": [
    3.1297197341918945,
    0.053528476506471634,
    0.36222583055496216
  ],
  "focal_length": 1481.450439453125,
  "principal_point": [
    566.6854248046875,
    1031.048828125
  ],
  "skew": 0.0,
  "pixel_aspect_ratio": 1.00845468044281,
  "radial_distortion": [
    0.1271735429763794,
    -0.21105742454528809,
    0.0
  ],
  "tangential_distortion": [
    0.0030499822460114956,
    0.008128720335662365
  ],
  "image_size": [
    1072,
    1920
  ]
}