{
  "orientation": [
    [
      0.9807881712913513,
      -0.15549050271511078,
      0.11780191957950592
    ],
    [
      0.1570514589548111,
      0.9875822067260742,
      -0.00402845861390233
    ],
    [
      -0.11571268737316132,
      0.02245202846825123,
      0.9930289387702942
    ]
  ],
  "position": [
    -0.4098253846168518,
    1.7159558534622192,
    1.583276629447937
  ],
  "focal_length": 1481.450439453125,
  "principal_point": [
    566.6854248046875,
    1031.048828125
  ],
  "skew": 0.0,
  "pixel_aspect_ratio": 1.00845468044281,
  "radial_distortion": [
    0.1271735429763794,
    -0.21105742454528809,
    0.0
  ],
  "tangential_distortion": [
    0.0030499822460114956,
    0.008128720335662365
  ],
  "image_size": [
    1072,
    1920
  ]
}