{
  "orientation": [
    [
      0.9890804886817932,
      -0.1374865621328354,
      0.05307726189494133
    ],
    [
      0.13629090785980225,
      0.9903395175933838,
      0.025542007759213448
    ],
    [
      -0.05607619509100914,
      -0.01802915520966053,
      0.9982637166976929
    ]
  ],
  "position": [
    -1.4087638854980469,
    1.4700381755828857,
    0.33582571148872375
  ],
  "focal_length": 1481.450439453125,
  "principal_point": [
    566.6854248046875,
    1031.048828125
  ],
  "skew": 0.0,
  "pixel_aspect_ratio": 1.00845468044281,
  "radial_distortion": [
    0.1271735429763794,
    -0.21105742454528809,
    0.0
  ],
  "tangential_distortion": [
    0.0030499822460114956,
    0.008128720335662365
  ],
  "image_size": [
    1072,
    1920
  ]
}