{
  "orientation": [
    [
      0.9755755662918091,
      0.18995773792266846,
      -0.1103101298213005
    ],
    [
      -0.20300132036209106,
      0.9715017080307007,
      -0.12237200886011124
    ],
    [
      0.08392097055912018,
      0.14177624881267548,
      0.986335039138794
    ]
  ],
  "position": [
    -2.489323854446411,
    -2.708387613296509,
    -1.1768299341201782
  ],
  "focal_length": 1481.450439453125,
  "principal_point": [
    566.6854248046875,
    1031.048828125
  ],
  "skew": 0.0,
  "pixel_aspect_ratio": 1.00845468044281,
  "radial_distortion": [
    0.1271735429763794,
    -0.21105742454528809,
    0.0
  ],
  "tangential_distortion": [
    0.0030499822460114956,
    0.008128720335662365
  ],
  "image_size": [
    1072,
    1920
  ]
}