{
  "orientation": [
    [
      0.9962040781974792,
      -0.049648407846689224,
      0.07150194048881531
    ],
    [
      0.054572638124227524,
      0.9961473345756531,
      -0.06864644587039948
    ],
    [
      -0.06781827658414841,
      0.072287917137146,
      0.9950754642486572
    ]
  ],
  "position": [
    1.9489130973815918,
    -2.9491002559661865,
    -1.2139828205108643
  ],
  "focal_length": 1481.450439453125,
  "principal_point": [
    566.6854248046875,
    1031.048828125
  ],
  "skew": 0.0,
  "pixel_aspect_ratio": 1.00845468044281,
  "radial_distortion": [
    0.1271735429763794,
    -0.21105742454528809,
    0.0
  ],
  "tangential_distortion": [
    0.0030499822460114956,
    0.008128720335662365
  ],
  "image_size": [
    1072,
    1920
  ]
}