{
  "orientation": [
    [
      0.9954179525375366,
      -0.09404747188091278,
      0.01726786606013775
    ],
    [
      0.09369960427284241,
      0.9954004287719727,
      0.019957922399044037
    ],
    [
      -0.019065434113144875,
      -0.018248483538627625,
      0.9996516704559326
    ]
  ],
  "position": [
    -2.240041732788086,
    1.4133703708648682,
    0.1746412068605423
  ],
  "focal_length": 1481.450439453125,
  "principal_point": [
    566.6854248046875,
    1031.048828125
  ],
  "skew": 0.0,
  "pixel_aspect_ratio": 1.00845468044281,
  "radial_distortion": [
    0.1271735429763794,
    -0.21105742454528809,
    0.0
  ],
  "tangential_distortion": [
    0.0030499822460114956,
    0.008128720335662365
  ],
  "image_size": [
    1072,
    1920
  ]
}