{
  "orientation": [
    [
      0.9806153774261475,
      -0.14041437208652496,
      0.1366647481918335
    ],
    [
      0.14259393513202667,
      0.9897615909576416,
      -0.006241952069103718
    ],
    [
      -0.13438905775547028,
      0.025608517229557037,
      0.990597665309906
    ]
  ],
  "position": [
    2.444869041442871,
    -1.8386017084121704,
    -0.7950231432914734
  ],
  "focal_length": 1481.450439453125,
  "principal_point": [
    566.6854248046875,
    1031.048828125
  ],
  "skew": 0.0,
  "pixel_aspect_ratio": 1.00845468044281,
  "radial_distortion": [
    0.1271735429763794,
    -0.21105742454528809,
    0.0
  ],
  "tangential_distortion": [
    0.0030499822460114956,
    0.008128720335662365
  ],
  "image_size": [
    1072,
    1920
  ]
}