{
  "orientation": [
    [
      0.9932428598403931,
      -0.1130649670958519,
      0.02617175504565239
    ],
    [
      0.11249281466007233,
      0.9934001564979553,
      0.02239331603050232
    ],
    [
      -0.028530925512313843,
      -0.01929786615073681,
      0.999406635761261
    ]
  ],
  "position": [
    -2.0217528343200684,
    1.4792308807373047,
    0.24367479979991913
  ],
  "focal_length": 1481.450439453125,
  "principal_point": [
    566.6854248046875,
    1031.048828125
  ],
  "skew": 0.0,
  "pixel_aspect_ratio": 1.00845468044281,
  "radial_distortion": [
    0.1271735429763794,
    -0.21105742454528809,
    0.0
  ],
  "tangential_distortion": [
    0.0030499822460114956,
    0.008128720335662365
  ],
  "image_size": [
    1072,
    1920
  ]
}