{
  "orientation": [
    [
      0.970230221748352,
      -0.16224198043346405,
      0.1798078417778015
    ],
    [
      0.1643432080745697,
      0.9863978624343872,
      0.003250097157433629
    ],
    [
      -0.1778893768787384,
      0.02639685571193695,
      0.9836964011192322
    ]
  ],
  "position": [
    3.001152276992798,
    0.2988530695438385,
    0.4884067177772522
  ],
  "focal_length": 1481.450439453125,
  "principal_point": [
    566.6854248046875,
    1031.048828125
  ],
  "skew": 0.0,
  "pixel_aspect_ratio": 1.00845468044281,
  "radial_distortion": [
    0.1271735429763794,
    -0.21105742454528809,
    0.0
  ],
  "tangential_distortion": [
    0.0030499822460114956,
    0.008128720335662365
  ],
  "image_size": [
    1072,
    1920
  ]
}