{
  "orientation": [
    [
      0.9968991279602051,
      0.06869429349899292,
      -0.038382671773433685
    ],
    [
      -0.07098162919282913,
      0.9955611824989319,
      -0.0618027038872242
    ],
    [
      0.033966805785894394,
      0.06433552503585815,
      0.9973500967025757
    ]
  ],
  "position": [
    -3.1706159114837646,
    0.5179179906845093,
    0.7698141932487488
  ],
  "focal_length": 1481.450439453125,
  "principal_point": [
    566.6854248046875,
    1031.048828125
  ],
  "skew": 0.0,
  "pixel_aspect_ratio": 1.00845468044281,
  "radial_distortion": [
    0.1271735429763794,
    -0.21105742454528809,
    0.0
  ],
  "tangential_distortion": [
    0.0030499822460114956,
    0.008128720335662365
  ],
  "image_size": [
    1072,
    1920
  ]
}