{
  "orientation": [
    [
      0.9592669010162354,
      -0.21320948004722595,
      0.18533408641815186
    ],
    [
      0.21574647724628448,
      0.9764270186424255,
      0.006609889678657055
    ],
    [
      -0.182374507188797,
      0.033644530922174454,
      0.9826533198356628
    ]
  ],
  "position": [
    1.9675514698028564,
    1.4732346534729004,
    1.6003203392028809
  ],
  "focal_length": 1481.450439453125,
  "principal_point": [
    566.6854248046875,
    1031.048828125
  ],
  "skew": 0.0,
  "pixel_aspect_ratio": 1.00845468044281,
  "radial_distortion": [
    0.1271735429763794,
    -0.21105742454528809,
    0.0
  ],
  "tangential_distortion": [
    0.0030499822460114956,
    0.008128720335662365
  ],
  "image_size": [
    1072,
    1920
  ]
}