{
  "orientation": [
    [
      0.9850034117698669,
      0.16640695929527283,
      -0.04557456448674202
    ],
    [
      -0.17020927369594574,
      0.9804372191429138,
      -0.09885186702013016
    ],
    [
      0.02823335863649845,
      0.10512663424015045,
      0.9940579533576965
    ]
  ],
  "position": [
    -0.8646326065063477,
    -3.4799227714538574,
    -1.5831637382507324
  ],
  "focal_length": 1481.450439453125,
  "principal_point": [
    566.6854248046875,
    1031.048828125
  ],
  "skew": 0.0,
  "pixel_aspect_ratio": 1.00845468044281,
  "radial_distortion": [
    0.1271735429763794,
    -0.21105742454528809,
    0.0
  ],
  "tangential_distortion": [
    0.0030499822460114956,
    0.008128720335662365
  ],
  "image_size": [
    1072,
    1920
  ]
}