{
  "orientation": [
    [
      0.9713661074638367,
      -0.1841927468776703,
      0.15006977319717407
    ],
    [
      0.18498633801937103,
      0.9827018976211548,
      0.008776556700468063
    ],
    [
      -0.14909042418003082,
      0.019235609099268913,
      0.9886364340782166
    ]
  ],
  "position": [
    0.8338552713394165,
    1.6240376234054565,
    1.6640520095825195
  ],
  "focal_length": 1481.450439453125,
  "principal_point": [
    566.6854248046875,
    1031.048828125
  ],
  "skew": 0.0,
  "pixel_aspect_ratio": 1.00845468044281,
  "radial_distortion": [
    0.1271735429763794,
    -0.21105742454528809,
    0.0
  ],
  "tangential_distortion": [
    0.0030499822460114956,
    0.008128720335662365
  ],
  "image_size": [
    1072,
    1920
  ]
}