{
  "orientation": [
    [
      0.9928892254829407,
      0.1048131212592125,
      -0.05643738433718681
    ],
    [
      -0.108605295419693,
      0.9916916489601135,
      -0.06893891841173172
    ],
    [
      0.04874277859926224,
      0.07457810640335083,
      0.9960232377052307
    ]
  ],
  "position": [
    -3.4274957180023193,
    -0.08916834741830826,
    0.29807373881340027
  ],
  "focal_length": 1481.450439453125,
  "principal_point": [
    566.6854248046875,
    1031.048828125
  ],
  "skew": 0.0,
  "pixel_aspect_ratio": 1.00845468044281,
  "radial_distortion": [
    0.1271735429763794,
    -0.21105742454528809,
    0.0
  ],
  "tangential_distortion": [
    0.0030499822460114956,
    0.008128720335662365
  ],
  "image_size": [
    1072,
    1920
  ]
}