{
  "orientation": [
    [
      0.9721596240997314,
      -0.15533161163330078,
      0.17543576657772064
    ],
    [
      0.15687872469425201,
      0.9876046776771545,
      0.005101882386952639
    ],
    [
      -0.17405366897583008,
      0.022562295198440552,
      0.9844776391983032
    ]
  ],
  "position": [
    2.5513525009155273,
    0.6918318867683411,
    0.7130815982818604
  ],
  "focal_length": 1481.450439453125,
  "principal_point": [
    566.6854248046875,
    1031.048828125
  ],
  "skew": 0.0,
  "pixel_aspect_ratio": 1.00845468044281,
  "radial_distortion": [
    0.1271735429763794,
    -0.21105742454528809,
    0.0
  ],
  "tangential_distortion": [
    0.0030499822460114956,
    0.008128720335662365
  ],
  "image_size": [
    1072,
    1920
  ]
}