{
  "orientation": [
    [
      0.9495825171470642,
      -0.19019272923469543,
      0.2492382824420929
    ],
    [
      0.1995847523212433,
      0.979797899723053,
      -0.012725821696221828
    ],
    [
      -0.2417827993631363,
      0.0618283785879612,
      0.96835857629776
    ]
  ],
  "position": [
    3.472203493118286,
    -0.08903863281011581,
    0.8734017610549927
  ],
  "focal_length": 1481.450439453125,
  "principal_point": [
    566.6854248046875,
    1031.048828125
  ],
  "skew": 0.0,
  "pixel_aspect_ratio": 1.00845468044281,
  "radial_distortion": [
    0.1271735429763794,
    -0.21105742454528809,
    0.0
  ],
  "tangential_distortion": [
    0.0030499822460114956,
    0.008128720335662365
  ],
  "image_size": [
    1072,
    1920
  ]
}