{
  "orientation": [
    [
      0.9950013160705566,
      0.0998532623052597,
      -0.0012982261832803488
    ],
    [
      -0.09955045580863953,
      0.9907907247543335,
      -0.09177964180707932
    ],
    [
      -0.007878226228058338,
      0.09145010262727737,
      0.995778501033783
    ]
  ],
  "position": [
    0.23233288526535034,
    -3.9389748573303223,
    -1.8994985818862915
  ],
  "focal_length": 1481.450439453125,
  "principal_point": [
    566.6854248046875,
    1031.048828125
  ],
  "skew": 0.0,
  "pixel_aspect_ratio": 1.00845468044281,
  "radial_distortion": [
    0.1271735429763794,
    -0.21105742454528809,
    0.0
  ],
  "tangential_distortion": [
    0.0030499822460114956,
    0.008128720335662365
  ],
  "image_size": [
    1072,
    1920
  ]
}