{
  "orientation": [
    [
      0.9779058694839478,
      -0.13521084189414978,
      0.15943077206611633
    ],
    [
      0.13738913834095,
      0.9905135631561279,
      -0.002668634057044983
    ],
    [
      -0.15755751729011536,
      0.02451372891664505,
      0.9872055053710938
    ]
  ],
  "position": [
    3.054476737976074,
    -1.0304574966430664,
    -0.27584999799728394
  ],
  "focal_length": 1481.450439453125,
  "principal_point": [
    566.6854248046875,
    1031.048828125
  ],
  "skew": 0.0,
  "pixel_aspect_ratio": 1.00845468044281,
  "radial_distortion": [
    0.1271735429763794,
    -0.21105742454528809,
    0.0
  ],
  "tangential_distortion": [
    0.0030499822460114956,
    0.008128720335662365
  ],
  "image_size": [
    1072,
    1920
  ]
}