{
  "orientation": [
    [
      0.9739363193511963,
      0.20805540680885315,
      -0.09033828228712082
    ],
    [
      -0.2179531306028366,
      0.9687080383300781,
      -0.11874847859144211
    ],
    [
      0.06280515342950821,
      0.13534297049045563,
      0.9888062477111816
    ]
  ],
  "position": [
    -1.575501799583435,
    -3.13224720954895,
    -1.3486120700836182
  ],
  "focal_length": 1481.450439453125,
  "principal_point": [
    566.6854248046875,
    1031.048828125
  ],
  "skew": 0.0,
  "pixel_aspect_ratio": 1.00845468044281,
  "radial_distortion": [
    0.1271735429763794,
    -0.21105742454528809,
    0.0
  ],
  "tangential_distortion": [
    0.0030499822460114956,
    0.008128720335662365
  ],
  "image_size": [
    1072,
    1920
  ]
}