{
  "orientation": [
    [
      0.9767240881919861,
      -0.16521196067333221,
      0.1368030607700348
    ],
    [
      0.16181538999080658,
      0.9861763119697571,
      0.03566543012857437
    ],
    [
      -0.14080429077148438,
      -0.012698445469141006,
      0.9899560213088989
    ]
  ],
  "position": [
    1.4720757007598877,
    1.0760202407836914,
    0.6262733340263367
  ],
  "focal_length": 1481.450439453125,
  "principal_point": [
    566.6854248046875,
    1031.048828125
  ],
  "skew": 0.0,
  "pixel_aspect_ratio": 1.00845468044281,
  "radial_distortion": [
    0.1271735429763794,
    -0.21105742454528809,
    0.0
  ],
  "tangential_distortion": [
    0.0030499822460114956,
    0.008128720335662365
  ],
  "image_size": [
    1072,
    1920
  ]
}