{
  "orientation": [
    [
      0.9891598224639893,
      0.08389036357402802,
      -0.1205207034945488
    ],
    [
      -0.08903783559799194,
      0.9953042268753052,
      -0.037970371544361115
    ],
    [
      0.11676941812038422,
      0.048289667814970016,
      0.9919843673706055
    ]
  ],
  "position": [
    -3.3868565559387207,
    0.22196388244628906,
    -0.3429550528526306
  ],
  "focal_length": 1481.450439453125,
  "principal_point": [
    566.6854248046875,
    1031.048828125
  ],
  "skew": 0.0,
  "pixel_aspect_ratio": 1.00845468044281,
  "radial_distortion": [
    0.1271735429763794,
    -0.21105742454528809,
    0.0
  ],
  "tangential_distortion": [
    0.0030499822460114956,
    0.008128720335662365
  ],
  "image_size": [
    1072,
    1920
  ]
}