{
  "orientation": [
    [
      0.9793034791946411,
      -0.13498368859291077,
      0.15081143379211426
    ],
    [
      0.1370774358510971,
      0.9905540347099304,
      -0.0035260790027678013
    ],
    [
      -0.14891092479228973,
      0.024125946685671806,
      0.9885562658309937
    ]
  ],
  "position": [
    2.7831995487213135,
    -1.6037503480911255,
    -0.6444054841995239
  ],
  "focal_length": 1481.450439453125,
  "principal_point": [
    566.6854248046875,
    1031.048828125
  ],
  "skew": 0.0,
  "pixel_aspect_ratio": 1.00845468044281,
  "radial_distortion": [
    0.1271735429763794,
    -0.21105742454528809,
    0.0
  ],
  "tangential_distortion": [
    0.0030499822460114956,
    0.008128720335662365
  ],
  "image_size": [
    1072,
    1920
  ]
}