{
  "orientation": [
    [
      0.9849034547805786,
      0.14935220777988434,
      -0.08751635998487473
    ],
    [
      -0.15805450081825256,
      0.9820672273635864,
      -0.1027752086520195
    ],
    [
      0.07059723883867264,
      0.11505601555109024,
      0.9908471703529358
    ]
  ],
  "position": [
    -3.5070877075195312,
    -0.8038389086723328,
    -0.010481569916009903
  ],
  "focal_length": 1481.450439453125,
  "principal_point": [
    566.6854248046875,
    1031.048828125
  ],
  "skew": 0.0,
  "pixel_aspect_ratio": 1.00845468044281,
  "radial_distortion": [
    0.1271735429763794,
    -0.21105742454528809,
    0.0
  ],
  "tangential_distortion": [
    0.0030499822460114956,
    0.008128720335662365
  ],
  "image_size": [
    1072,
    1920
  ]
}