{
  "orientation": [
    [
      0.9823028445243835,
      -0.1630883663892746,
      0.09210509806871414
    ],
    [
      0.16017389297485352,
      0.9863476157188416,
      0.038244958966970444
    ],
    [
      -0.09708495438098907,
      -0.022815298289060593,
      0.9950145483016968
    ]
  ],
  "position": [
    -0.5025662779808044,
    1.3755148649215698,
    0.4258159101009369
  ],
  "focal_length": 1481.450439453125,
  "principal_point": [
    566.6854248046875,
    1031.048828125
  ],
  "skew": 0.0,
  "pixel_aspect_ratio": 1.00845468044281,
  "radial_distortion": [
    0.1271735429763794,
    -0.21105742454528809,
    0.0
  ],
  "tangential_distortion": [
    0.0030499822460114956,
    0.008128720335662365
  ],
  "image_size": [
    1072,
    1920
  ]
}