{
  "orientation": [
    [
      0.9912786483764648,
      -0.12532709538936615,
      0.04074006900191307
    ],
    [
      0.1244727075099945,
      0.9919591546058655,
      0.022882327437400818
    ],
    [
      -0.043280258774757385,
      -0.017611736431717873,
      0.998907744884491
    ]
  ],
  "position": [
    -1.6933069229125977,
    1.4711345434188843,
    0.25326967239379883
  ],
  "focal_length": 1481.450439453125,
  "principal_point": [
    566.6854248046875,
    1031.048828125
  ],
  "skew": 0.0,
  "pixel_aspect_ratio": 1.00845468044281,
  "radial_distortion": [
    0.1271735429763794,
    -0.21105742454528809,
    0.0
  ],
  "tangential_distortion": [
    0.0030499822460114956,
    0.008128720335662365
  ],
  "image_size": [
    1072,
    1920
  ]
}