{
  "orientation": [
    [
      0.9890705347061157,
      0.14509595930576324,
      -0.02620389312505722
    ],
    [
      -0.14699605107307434,
      0.984203577041626,
      -0.09866872429847717
    ],
    [
      0.011473530903458595,
      0.10144219547510147,
      0.9947752952575684
    ]
  ],
  "position": [
    -0.46616166830062866,
    -3.7443952560424805,
    -1.8016964197158813
  ],
  "focal_length": 1481.450439453125,
  "principal_point": [
    566.6854248046875,
    1031.048828125
  ],
  "skew": 0.0,
  "pixel_aspect_ratio": 1.00845468044281,
  "radial_distortion": [
    0.1271735429763794,
    -0.21105742454528809,
    0.0
  ],
  "tangential_distortion": [
    0.0030499822460114956,
    0.008128720335662365
  ],
  "image_size": [
    1072,
    1920
  ]
}