{
  "orientation": [
    [
      0.9617375731468201,
      -0.20869725942611694,
      0.17750006914138794
    ],
    [
      0.21000677347183228,
      0.9776312112808228,
      0.011591806076467037
    ],
    [
      -0.17594878375530243,
      0.02612794190645218,
      0.9840525388717651
    ]
  ],
  "position": [
    1.6842421293258667,
    1.536757230758667,
    1.726877212524414
  ],
  "focal_length": 1481.450439453125,
  "principal_point": [
    566.6854248046875,
    1031.048828125
  ],
  "skew": 0.0,
  "pixel_aspect_ratio": 1.00845468044281,
  "radial_distortion": [
    0.1271735429763794,
    -0.21105742454528809,
    0.0
  ],
  "tangential_distortion": [
    0.0030499822460114956,
    0.008128720335662365
  ],
  "image_size": [
    1072,
    1920
  ]
}