{
  "orientation": [
    [
      0.9982780814170837,
      0.05295761674642563,
      -0.02522740513086319
    ],
    [
      -0.05414937809109688,
      0.9973216652870178,
      -0.049167051911354065
    ],
    [
      0.022556066513061523,
      0.05044844001531601,
      0.9984719157218933
    ]
  ],
  "position": [
    -2.8821017742156982,
    0.7883853316307068,
    0.8558459877967834
  ],
  "focal_length": 1481.450439453125,
  "principal_point": [
    566.6854248046875,
    1031.048828125
  ],
  "skew": 0.0,
  "pixel_aspect_ratio": 1.00845468044281,
  "radial_distortion": [
    0.1271735429763794,
    -0.21105742454528809,
    0.0
  ],
  "tangential_distortion": [
    0.0030499822460114956,
    0.008128720335662365
  ],
  "image_size": [
    1072,
    1920
  ]
}