{
  "orientation": [
    [
      0.9672716856002808,
      -0.19136111438274384,
      0.16663266718387604
    ],
    [
      0.19272010028362274,
      0.9812200665473938,
      0.008129741996526718
    ],
    [
      -0.16505903005599976,
      0.024249793961644173,
      0.985985517501831
    ]
  ],
  "position": [
    1.1467148065567017,
    1.5944355726242065,
    1.6470404863357544
  ],
  "focal_length": 1481.450439453125,
  "principal_point": [
    566.6854248046875,
    1031.048828125
  ],
  "skew": 0.0,
  "pixel_aspect_ratio": 1.00845468044281,
  "radial_distortion": [
    0.1271735429763794,
    -0.21105742454528809,
    0.0
  ],
  "tangential_distortion": [
    0.0030499822460114956,
    0.008128720335662365
  ],
  "image_size": [
    1072,
    1920
  ]
}