{
  "orientation": [
    [
      0.985242486000061,
      -0.13854093849658966,
      0.10051708668470383
    ],
    [
      0.140091672539711,
      0.9901020526885986,
      -0.00850205309689045
    ],
    [
      -0.09834429621696472,
      0.022458191961050034,
      0.9948990345001221
    ]
  ],
  "position": [
    -0.9770888090133667,
    1.7306866645812988,
    1.5475045442581177
  ],
  "focal_length": 1481.450439453125,
  "principal_point": [
    566.6854248046875,
    1031.048828125
  ],
  "skew": 0.0,
  "pixel_aspect_ratio": 1.00845468044281,
  "radial_distortion": [
    0.1271735429763794,
    -0.21105742454528809,
    0.0
  ],
  "tangential_distortion": [
    0.0030499822460114956,
    0.008128720335662365
  ],
  "image_size": [
    1072,
    1920
  ]
}