{
  "orientation": [
    [
      0.9713636636734009,
      -0.15676000714302063,
      0.17854668200016022
    ],
    [
      0.15896575152873993,
      0.9872820973396301,
      0.001975862542167306
    ],
    [
      -0.17658568918704987,
      0.026463527232408524,
      0.983929455280304
    ]
  ],
  "position": [
    2.7791452407836914,
    0.500744104385376,
    0.6252968907356262
  ],
  "focal_length": 1481.450439453125,
  "principal_point": [
    566.6854248046875,
    1031.048828125
  ],
  "skew": 0.0,
  "pixel_aspect_ratio": 1.00845468044281,
  "radial_distortion": [
    0.1271735429763794,
    -0.21105742454528809,
    0.0
  ],
  "tangential_distortion": [
    0.0030499822460114956,
    0.008128720335662365
  ],
  "image_size": [
    1072,
    1920
  ]
}