{
  "orientation": [
    [
      0.9977505207061768,
      -0.06692004203796387,
      0.003953644074499607
    ],
    [
      0.06686058640480042,
      0.9976692199707031,
      0.013628542423248291
    ],
    [
      -0.004856451880186796,
      -0.01333354227244854,
      0.9998993277549744
    ]
  ],
  "position": [
    -2.432408571243286,
    1.3145403861999512,
    0.0012162490747869015
  ],
  "focal_length": 1481.450439453125,
  "principal_point": [
    566.6854248046875,
    1031.048828125
  ],
  "skew": 0.0,
  "pixel_aspect_ratio": 1.00845468044281,
  "radial_distortion": [
    0.1271735429763794,
    -0.21105742454528809,
    0.0
  ],
  "tangential_distortion": [
    0.0030499822460114956,
    0.008128720335662365
  ],
  "image_size": [
    1072,
    1920
  ]
}