{
  "orientation": [
    [
      0.9955229759216309,
      0.047410137951374054,
      -0.08176971226930618
    ],
    [
      -0.05035299062728882,
      0.9981420040130615,
      -0.03430987149477005
    ],
    [
      0.07999114692211151,
      0.03827361389994621,
      0.9960604906082153
    ]
  ],
  "position": [
    -3.2278003692626953,
    0.6814834475517273,
    -0.29531246423721313
  ],
  "focal_length": 1481.450439453125,
  "principal_point": [
    566.6854248046875,
    1031.048828125
  ],
  "skew": 0.0,
  "pixel_aspect_ratio": 1.00845468044281,
  "radial_distortion": [
    0.1271735429763794,
    -0.21105742454528809,
    0.0
  ],
  "tangential_distortion": [
    0.0030499822460114956,
    0.008128720335662365
  ],
  "image_size": [
    1072,
    1920
  ]
}