{
  "orientation": [
    [
      0.9793849587440491,
      0.17615799605846405,
      -0.09886083751916885
    ],
    [
      -0.18650999665260315,
      0.9765405058860779,
      -0.10762272775173187
    ],
    [
      0.07758300751447678,
      0.12384261190891266,
      0.9892643094062805
    ]
  ],
  "position": [
    -3.3794355392456055,
    -1.3307377099990845,
    -0.3550097942352295
  ],
  "focal_length": 1481.450439453125,
  "principal_point": [
    566.6854248046875,
    1031.048828125
  ],
  "skew": 0.0,
  "pixel_aspect_ratio": 1.00845468044281,
  "radial_distortion": [
    0.1271735429763794,
    -0.21105742454528809,
    0.0
  ],
  "tangential_distortion": [
    0.0030499822460114956,
    0.008128720335662365
  ],
  "image_size": [
    1072,
    1920
  ]
}