{
  "orientation": [
    [
      0.992524266242981,
      0.06415793299674988,
      -0.10382334142923355
    ],
    [
      -0.06833513081073761,
      0.9969691634178162,
      -0.037186235189437866
    ],
    [
      0.10112287849187851,
      0.044003020972013474,
      0.9939003586769104
    ]
  ],
  "position": [
    -3.3226842880249023,
    0.4761565625667572,
    -0.30936703085899353
  ],
  "focal_length": 1481.450439453125,
  "principal_point": [
    566.6854248046875,
    1031.048828125
  ],
  "skew": 0.0,
  "pixel_aspect_ratio": 1.00845468044281,
  "radial_distortion": [
    0.1271735429763794,
    -0.21105742454528809,
    0.0
  ],
  "tangential_distortion": [
    0.0030499822460114956,
    0.008128720335662365
  ],
  "image_size": [
    1072,
    1920
  ]
}