{
  "orientation": [
    [
      0.9862262606620789,
      -0.10971283912658691,
      0.12377732992172241
    ],
    [
      0.11443513631820679,
      0.992925226688385,
      -0.031688325107097626
    ],
    [
      -0.11942501366138458,
      0.04541633650660515,
      0.9918039441108704
    ]
  ],
  "position": [
    2.463184118270874,
    -2.043937921524048,
    -0.8489757180213928
  ],
  "focal_length": 1481.450439453125,
  "principal_point": [
    566.6854248046875,
    1031.048828125
  ],
  "skew": 0.0,
  "pixel_aspect_ratio": 1.00845468044281,
  "radial_distortion": [
    0.1271735429763794,
    -0.21105742454528809,
    0.0
  ],
  "tangential_distortion": [
    0.0030499822460114956,
    0.008128720335662365
  ],
  "image_size": [
    1072,
    1920
  ]
}