{
  "orientation": [
    [
      0.9981460571289062,
      0.056340690702199936,
      0.02302558906376362
    ],
    [
      -0.05418439954519272,
      0.9948678016662598,
      -0.08545247465372086
    ],
    [
      -0.027721866965293884,
      0.08404641598463058,
      0.9960761666297913
    ]
  ],
  "position": [
    0.9813748598098755,
    -3.863738536834717,
    -1.8548059463500977
  ],
  "focal_length": 1481.450439453125,
  "principal_point": [
    566.6854248046875,
    1031.048828125
  ],
  "skew": 0.0,
  "pixel_aspect_ratio": 1.00845468044281,
  "radial_distortion": [
    0.1271735429763794,
    -0.21105742454528809,
    0.0
  ],
  "tangential_distortion": [
    0.0030499822460114956,
    0.008128720335662365
  ],
  "image_size": [
    1072,
    1920
  ]
}