{
  "orientation": [
    [
      0.9871379733085632,
      0.1381862908601761,
      -0.0803939700126648
    ],
    [
      -0.1457422375679016,
      0.9845302104949951,
      -0.09725994616746902
    ],
    [
      0.06571029871702194,
      0.10772577673196793,
      0.9920067191123962
    ]
  ],
  "position": [
    -3.4935991764068604,
    -0.5144914388656616,
    0.14184175431728363
  ],
  "focal_length": 1481.450439453125,
  "principal_point": [
    566.6854248046875,
    1031.048828125
  ],
  "skew": 0.0,
  "pixel_aspect_ratio": 1.00845468044281,
  "radial_distortion": [
    0.1271735429763794,
    -0.21105742454528809,
    0.0
  ],
  "tangential_distortion": [
    0.0030499822460114956,
    0.008128720335662365
  ],
  "image_size": [
    1072,
    1920
  ]
}