{
  "orientation": [
    [
      0.9490917921066284,
      -0.20380927622318268,
      0.24018026888370514
    ],
    [
      0.21696218848228455,
      0.9757382869720459,
      -0.029363486915826797
    ],
    [
      -0.22836853563785553,
      0.07997868210077286,
      0.970284104347229
    ]
  ],
  "position": [
    2.8366541862487793,
    0.9887421131134033,
    1.4813958406448364
  ],
  "focal_length": 1481.450439453125,
  "principal_point": [
    566.6854248046875,
    1031.048828125
  ],
  "skew": 0.0,
  "pixel_aspect_ratio": 1.00845468044281,
  "radial_distortion": [
    0.1271735429763794,
    -0.21105742454528809,
    0.0
  ],
  "tangential_distortion": [
    0.0030499822460114956,
    0.008128720335662365
  ],
  "image_size": [
    1072,
    1920
  ]
}