{
  "orientation": [
    [
      0.9767115116119385,
      -0.17424097657203674,
      0.1251988261938095
    ],
    [
      0.16979999840259552,
      0.9844326376914978,
      0.04539094865322113
    ],
    [
      -0.1311587691307068,
      -0.023075098171830177,
      0.9910928010940552
    ]
  ],
  "position": [
    0.8014329671859741,
    1.213518500328064,
    0.644711971282959
  ],
  "focal_length": 1481.450439453125,
  "principal_point": [
    566.6854248046875,
    1031.048828125
  ],
  "skew": 0.0,
  "pixel_aspect_ratio": 1.00845468044281,
  "radial_distortion": [
    0.1271735429763794,
    -0.21105742454528809,
    0.0
  ],
  "tangential_distortion": [
    0.0030499822460114956,
    0.008128720335662365
  ],
  "image_size": [
    1072,
    1920
  ]
}