{
  "orientation": [
    [
      0.9754785895347595,
      0.19173802435398102,
      -0.10806486010551453
    ],
    [
      -0.20454655587673187,
      0.9710339903831482,
      -0.12350589781999588
    ],
    [
      0.08125387877225876,
      0.14258165657520294,
      0.9864422082901001
    ]
  ],
  "position": [
    -2.871371030807495,
    -2.2955760955810547,
    -0.8520821928977966
  ],
  "focal_length": 1481.450439453125,
  "principal_point": [
    566.6854248046875,
    1031.048828125
  ],
  "skew": 0.0,
  "pixel_aspect_ratio": 1.00845468044281,
  "radial_distortion": [
    0.1271735429763794,
    -0.21105742454528809,
    0.0
  ],
  "tangential_distortion": [
    0.0030499822460114956,
    0.008128720335662365
  ],
  "image_size": [
    1072,
    1920
  ]
}