{
  "orientation": [
    [
      0.9747483134269714,
      0.19537033140659332,
      -0.10814855992794037
    ],
    [
      -0.20800428092479706,
      0.9705604314804077,
      -0.12143599987030029
    ],
    [
      0.081239715218544,
      0.14086490869522095,
      0.9866900444030762
    ]
  ],
  "position": [
    -2.2293288707733154,
    -2.8627912998199463,
    -1.2483006715774536
  ],
  "focal_length": 1481.450439453125,
  "principal_point": [
    566.6854248046875,
    1031.048828125
  ],
  "skew": 0.0,
  "pixel_aspect_ratio": 1.00845468044281,
  "radial_distortion": [
    0.1271735429763794,
    -0.21105742454528809,
    0.0
  ],
  "tangential_distortion": [
    0.0030499822460114956,
    0.008128720335662365
  ],
  "image_size": [
    1072,
    1920
  ]
}