{
  "orientation": [
    [
      0.9784066081047058,
      0.1788138896226883,
      -0.10366316139698029
    ],
    [
      -0.1905633509159088,
      0.9746280312538147,
      -0.11741312593221664
    ],
    [
      0.080037921667099,
      0.1346321851015091,
      0.987657904624939
    ]
  ],
  "position": [
    -3.324504852294922,
    -1.6317614316940308,
    -0.42763227224349976
  ],
  "focal_length": 1481.450439453125,
  "principal_point": [
    566.6854248046875,
    1031.048828125
  ],
  "skew": 0.0,
  "pixel_aspect_ratio": 1.00845468044281,
  "radial_distortion": [
    0.1271735429763794,
    -0.21105742454528809,
    0.0
  ],
  "tangential_distortion": [
    0.0030499822460114956,
    0.008128720335662365
  ],
  "image_size": [
    1072,
    1920
  ]
}