{
  "orientation": [
    [
      0.9755896925926208,
      0.1904248148202896,
      -0.10937631875276566
    ],
    [
      -0.20337456464767456,
      0.971360981464386,
      -0.12286844849586487
    ],
    [
      0.08284668624401093,
      0.1421135514974594,
      0.9863772988319397
    ]
  ],
  "position": [
    -2.6960134506225586,
    -2.5116770267486572,
    -1.026443362236023
  ],
  "focal_length": 1481.450439453125,
  "principal_point": [
    566.6854248046875,
    1031.048828125
  ],
  "skew": 0.0,
  "pixel_aspect_ratio": 1.00845468044281,
  "radial_distortion": [
    0.1271735429763794,
    -0.21105742454528809,
    0.0
  ],
  "tangential_distortion": [
    0.0030499822460114956,
    0.008128720335662365
  ],
  "image_size": [
    1072,
    1920
  ]
}