{
  "orientation": [
    [
      0.9977318644523621,
      0.033820342272520065,
      -0.05820077285170555
    ],
    [
      -0.034933045506477356,
      0.9992237687110901,
      -0.018208008259534836
    ],
    [
      0.057539794594049454,
      0.020199840888381004,
      0.9981388449668884
    ]
  ],
  "position": [
    -3.0268609523773193,
    0.9803066253662109,
    -0.1286296397447586
  ],
  "focal_length": 1481.450439453125,
  "principal_point": [
    566.6854248046875,
    1031.048828125
  ],
  "skew": 0.0,
  "pixel_aspect_ratio": 1.00845468044281,
  "radial_distortion": [
    0.1271735429763794,
    -0.21105742454528809,
    0.0
  ],
  "tangential_distortion": [
    0.0030499822460114956,
    0.008128720335662365
  ],
  "image_size": [
    1072,
    1920
  ]
}