{
  "orientation": [
    [
      0.9785317778587341,
      -0.16304504871368408,
      0.12606298923492432
    ],
    [
      0.1644103229045868,
      0.9863919615745544,
      -0.0004315003752708435
    ],
    [
      -0.12427715957164764,
      0.02114829234778881,
      0.9920221567153931
    ]
  ],
  "position": [
    -0.09738581627607346,
    1.6927872896194458,
    1.5993990898132324
  ],
  "focal_length": 1481.450439453125,
  "principal_point": [
    566.6854248046875,
    1031.048828125
  ],
  "skew": 0.0,
  "pixel_aspect_ratio": 1.00845468044281,
  "radial_distortion": [
    0.1271735429763794,
    -0.21105742454528809,
    0.0
  ],
  "tangential_distortion": [
    0.0030499822460114956,
    0.008128720335662365
  ],
  "image_size": [
    1072,
    1920
  ]
}