{
  "orientation": [
    [
      0.988982081413269,
      -0.09703267365694046,
      0.11179934442043304
    ],
    [
      0.10266599804162979,
      0.9936622977256775,
      -0.04577060043811798
    ],
    [
      -0.10664954781532288,
      0.0567442961037159,
      0.9926761388778687
    ]
  ],
  "position": [
    2.2675318717956543,
    -2.3951613903045654,
    -0.9458969831466675
  ],
  "focal_length": 1481.450439453125,
  "principal_point": [
    566.6854248046875,
    1031.048828125
  ],
  "skew": 0.0,
  "pixel_aspect_ratio": 1.00845468044281,
  "radial_distortion": [
    0.1271735429763794,
    -0.21105742454528809,
    0.0
  ],
  "tangential_distortion": [
    0.0030499822460114956,
    0.008128720335662365
  ],
  "image_size": [
    1072,
    1920
  ]
}