{
  "orientation": [
    [
      0.9996234178543091,
      -0.008060410618782043,
      -0.026230821385979652
    ],
    [
      0.008141639642417431,
      0.9999623894691467,
      0.002991386456415057
    ],
    [
      0.026205722242593765,
      -0.003203821834176779,
      0.9996514320373535
    ]
  ],
  "position": [
    -2.733920097351074,
    1.186349630355835,
    -0.12928058207035065
  ],
  "focal_length": 1481.450439453125,
  "principal_point": [
    566.6854248046875,
    1031.048828125
  ],
  "skew": 0.0,
  "pixel_aspect_ratio": 1.00845468044281,
  "radial_distortion": [
    0.1271735429763794,
    -0.21105742454528809,
    0.0
  ],
  "tangential_distortion": [
    0.0030499822460114956,
    0.008128720335662365
  ],
  "image_size": [
    1072,
    1920
  ]
}