{
  "orientation": [
    [
      0.9969388842582703,
      0.07739897072315216,
      0.011057312600314617
    ],
    [
      -0.07611994445323944,
      0.9931418895721436,
      -0.08874061703681946
    ],
    [
      -0.017849912866950035,
      0.08762729167938232,
      0.9959933757781982
    ]
  ],
  "position": [
    0.6127741932868958,
    -3.958252429962158,
    -1.9021573066711426
  ],
  "focal_length": 1481.450439453125,
  "principal_point": [
    566.6854248046875,
    1031.048828125
  ],
  "skew": 0.0,
  "pixel_aspect_ratio": 1.00845468044281,
  "radial_distortion": [
    0.1271735429763794,
    -0.21105742454528809,
    0.0
  ],
  "tangential_distortion": [
    0.0030499822460114956,
    0.008128720335662365
  ],
  "image_size": [
    1072,
    1920
  ]
}