{
  "orientation": [
    [
      0.9931849837303162,
      -0.07549180835485458,
      0.08879505842924118
    ],
    [
      0.0810408890247345,
      0.9948644042015076,
      -0.060639433562755585
    ],
    [
      -0.08376126736402512,
      0.06742220371961594,
      0.9942023158073425
    ]
  ],
  "position": [
    2.0953948497772217,
    -2.6952717304229736,
    -1.0990064144134521
  ],
  "focal_length": 1481.450439453125,
  "principal_point": [
    566.6854248046875,
    1031.048828125
  ],
  "skew": 0.0,
  "pixel_aspect_ratio": 1.00845468044281,
  "radial_distortion": [
    0.1271735429763794,
    -0.21105742454528809,
    0.0
  ],
  "tangential_distortion": [
    0.0030499822460114956,
    0.008128720335662365
  ],
  "image_size": [
    1072,
    1920
  ]
}