{
  "orientation": [
    [
      0.9961425065994263,
      0.07596977055072784,
      -0.04391724243760109
    ],
    [
      -0.07865718007087708,
      0.9949026107788086,
      -0.06310141831636429
    ],
    [
      0.038899581879377365,
      0.06631241738796234,
      0.9970403909683228
    ]
  ],
  "position": [
    -3.2778360843658447,
    0.3340713679790497,
    0.6177010536193848
  ],
  "focal_length": 1481.450439453125,
  "principal_point": [
    566.6854248046875,
    1031.048828125
  ],
  "skew": 0.0,
  "pixel_aspect_ratio": 1.00845468044281,
  "radial_distortion": [
    0.1271735429763794,
    -0.21105742454528809,
    0.0
  ],
  "tangential_distortion": [
    0.0030499822460114956,
    0.008128720335662365
  ],
  "image_size": [
    1072,
    1920
  ]
}