{
  "orientation": [
    [
      0.9472444653511047,
      -0.19797514379024506,
      0.2520589828491211
    ],
    [
      0.2104393094778061,
      0.9773313999176025,
      -0.023209450766444206
    ],
    [
      -0.24175027012825012,
      0.07502814382314682,
      0.967433512210846
    ]
  ],
  "position": [
    3.1853041648864746,
    0.5329978466033936,
    1.2101099491119385
  ],
  "focal_length": 1481.450439453125,
  "principal_point": [
    566.6854248046875,
    1031.048828125
  ],
  "skew": 0.0,
  "pixel_aspect_ratio": 1.00845468044281,
  "radial_distortion": [
    0.1271735429763794,
    -0.21105742454528809,
    0.0
  ],
  "tangential_distortion": [
    0.0030499822460114956,
    0.008128720335662365
  ],
  "image_size": [
    1072,
    1920
  ]
}