{
  "orientation": [
    [
      0.9907860159873962,
      0.07421600818634033,
      -0.11329188942909241
    ],
    [
      -0.07899190485477448,
      0.9961407780647278,
      -0.03825945034623146
    ],
    [
      0.11001520603895187,
      0.046856071799993515,
      0.9928248524665833
    ]
  ],
  "position": [
    -3.3636207580566406,
    0.34351009130477905,
    -0.33356574177742004
  ],
  "focal_length": 1481.450439453125,
  "principal_point": [
    566.6854248046875,
    1031.048828125
  ],
  "skew": 0.0,
  "pixel_aspect_ratio": 1.00845468044281,
  "radial_distortion": [
    0.1271735429763794,
    -0.21105742454528809,
    0.0
  ],
  "tangential_distortion": [
    0.0030499822460114956,
    0.008128720335662365
  ],
  "image_size": [
    1072,
    1920
  ]
}