{
  "orientation": [
    [
      0.9774146676063538,
      0.18300850689411163,
      -0.10568071156740189
    ],
    [
      -0.19540177285671234,
      0.9730918407440186,
      -0.122108094394207
    ],
    [
      0.08049021661281586,
      0.14000044763088226,
      0.9868744611740112
    ]
  ],
  "position": [
    -3.1973094940185547,
    -1.8707085847854614,
    -0.5406454801559448
  ],
  "focal_length": 1481.450439453125,
  "principal_point": [
    566.6854248046875,
    1031.048828125
  ],
  "skew": 0.0,
  "pixel_aspect_ratio": 1.00845468044281,
  "radial_distortion": [
    0.1271735429763794,
    -0.21105742454528809,
    0.0
  ],
  "tangential_distortion": [
    0.0030499822460114956,
    0.008128720335662365
  ],
  "image_size": [
    1072,
    1920
  ]
}