{
  "orientation": [
    [
      0.9729955792427063,
      -0.1569501757621765,
      0.16925209760665894
    ],
    [
      0.15749171376228333,
      0.9874665141105652,
      0.010305979289114475
    ],
    [
      -0.16874830424785614,
      0.01662813127040863,
      0.9855189323425293
    ]
  ],
  "position": [
    2.326340913772583,
    0.8410599231719971,
    0.7241000533103943
  ],
  "focal_length": 1481.450439453125,
  "principal_point": [
    566.6854248046875,
    1031.048828125
  ],
  "skew": 0.0,
  "pixel_aspect_ratio": 1.00845468044281,
  "radial_distortion": [
    0.1271735429763794,
    -0.21105742454528809,
    0.0
  ],
  "tangential_distortion": [
    0.0030499822460114956,
    0.008128720335662365
  ],
  "image_size": [
    1072,
    1920
  ]
}