{
  "orientation": [
    [
      0.9899501800537109,
      -0.12393146008253098,
      0.0681152492761612
    ],
    [
      0.12521326541900635,
      0.992018461227417,
      -0.014866011217236519
    ],
    [
      -0.06572922319173813,
      0.023245543241500854,
      0.9975666999816895
    ]
  ],
  "position": [
    -1.601206660270691,
    1.5576475858688354,
    1.3957351446151733
  ],
  "focal_length": 1481.450439453125,
  "principal_point": [
    566.6854248046875,
    1031.048828125
  ],
  "skew": 0.0,
  "pixel_aspect_ratio": 1.00845468044281,
  "radial_distortion": [
    0.1271735429763794,
    -0.21105742454528809,
    0.0
  ],
  "tangential_distortion": [
    0.0030499822460114956,
    0.008128720335662365
  ],
  "image_size": [
    1072,
    1920
  ]
}