{
  "orientation": [
    [
      0.9567171335220337,
      -0.21075785160064697,
      0.20068246126174927
    ],
    [
      0.21625560522079468,
      0.9763206243515015,
      -0.005621816497296095
    ],
    [
      -0.19474558532238007,
      0.04877719655632973,
      0.9796401858329773
    ]
  ],
  "position": [
    2.2240915298461914,
    1.3984363079071045,
    1.6463489532470703
  ],
  "focal_length": 1481.450439453125,
  "principal_point": [
    566.6854248046875,
    1031.048828125
  ],
  "skew": 0.0,
  "pixel_aspect_ratio": 1.00845468044281,
  "radial_distortion": [
    0.1271735429763794,
    -0.21105742454528809,
    0.0
  ],
  "tangential_distortion": [
    0.0030499822460114956,
    0.008128720335662365
  ],
  "image_size": [
    1072,
    1920
  ]
}