{
  "orientation": [
    [
      0.9792219996452332,
      0.19177521765232086,
      -0.06592787057161331
    ],
    [
      -0.19810451567173004,
      0.9741173982620239,
      -0.10885725170373917
    ],
    [
      0.043345361948013306,
      0.1196560263633728,
      0.9918687343597412
    ]
  ],
  "position": [
    -1.1385014057159424,
    -3.321094036102295,
    -1.476979374885559
  ],
  "focal_length": 1481.450439453125,
  "principal_point": [
    566.6854248046875,
    1031.048828125
  ],
  "skew": 0.0,
  "pixel_aspect_ratio": 1.00845468044281,
  "radial_distortion": [
    0.1271735429763794,
    -0.21105742454528809,
    0.0
  ],
  "tangential_distortion": [
    0.0030499822460114956,
    0.008128720335662365
  ],
  "image_size": [
    1072,
    1920
  ]
}