{
  "orientation": [
    [
      0.9756602048873901,
      -0.14707022905349731,
      0.16265769302845
    ],
    [
      0.14892402291297913,
      0.9888483285903931,
      0.0008047469891607761
    ],
    [
      -0.16096213459968567,
      0.023438477888703346,
      0.9866822361946106
    ]
  ],
  "position": [
    3.1094181537628174,
    -0.7247545123100281,
    -0.11320466548204422
  ],
  "focal_length": 1481.450439453125,
  "principal_point": [
    566.6854248046875,
    1031.048828125
  ],
  "skew": 0.0,
  "pixel_aspect_ratio": 1.00845468044281,
  "radial_distortion": [
    0.1271735429763794,
    -0.21105742454528809,
    0.0
  ],
  "tangential_distortion": [
    0.0030499822460114956,
    0.008128720335662365
  ],
  "image_size": [
    1072,
    1920
  ]
}