{
  "orientation": [
    [
      0.9957283735275269,
      -0.08295895159244537,
      0.04053235799074173
    ],
    [
      0.08393527567386627,
      0.9962055683135986,
      -0.023007981479167938
    ],
    [
      -0.038469843566417694,
      0.02631179429590702,
      0.9989132881164551
    ]
  ],
  "position": [
    -1.7497482299804688,
    1.4423149824142456,
    1.2416718006134033
  ],
  "focal_length": 1481.450439453125,
  "principal_point": [
    566.6854248046875,
    1031.048828125
  ],
  "skew": 0.0,
  "pixel_aspect_ratio": 1.00845468044281,
  "radial_distortion": [
    0.1271735429763794,
    -0.21105742454528809,
    0.0
  ],
  "tangential_distortion": [
    0.0030499822460114956,
    0.008128720335662365
  ],
  "image_size": [
    1072,
    1920
  ]
}