{
  "orientation": [
    [
      0.9872258305549622,
      -0.13253450393676758,
      0.08842913806438446
    ],
    [
      0.13381534814834595,
      0.9909681677818298,
      -0.008690518327057362
    ],
    [
      -0.08647867292165756,
      0.020412679761648178,
      0.9960445761680603
    ]
  ],
  "position": [
    -1.249589204788208,
    1.7062383890151978,
    1.498449444770813
  ],
  "focal_length": 1481.450439453125,
  "principal_point": [
    566.6854248046875,
    1031.048828125
  ],
  "skew": 0.0,
  "pixel_aspect_ratio": 1.00845468044281,
  "radial_distortion": [
    0.1271735429763794,
    -0.21105742454528809,
    0.0
  ],
  "tangential_distortion": [
    0.0030499822460114956,
    0.008128720335662365
  ],
  "image_size": [
    1072,
    1920
  ]
}