{
  "orientation": [
    [
      0.9740073680877686,
      -0.1771894097328186,
      0.1411154866218567
    ],
    [
      0.17809391021728516,
      0.9839933514595032,
      0.006295699160546064
    ],
    [
      -0.13997222483158112,
      0.018999751657247543,
      0.9899731278419495
    ]
  ],
  "position": [
    0.5054899454116821,
    1.6388401985168457,
    1.6761324405670166
  ],
  "focal_length": 1481.450439453125,
  "principal_point": [
    566.6854248046875,
    1031.048828125
  ],
  "skew": 0.0,
  "pixel_aspect_ratio": 1.00845468044281,
  "radial_distortion": [
    0.1271735429763794,
    -0.21105742454528809,
    0.0
  ],
  "tangential_distortion": [
    0.0030499822460114956,
    0.008128720335662365
  ],
  "image_size": [
    1072,
    1920
  ]
}