{
  "orientation": [
    [
      0.9724753499031067,
      -0.16257637739181519,
      0.16691502928733826
    ],
    [
      0.16423572599887848,
      0.9864133596420288,
      0.003908087965101004
    ],
    [
      -0.16528257727622986,
      0.023612890392541885,
      0.9859635233879089
    ]
  ],
  "position": [
    3.1185309886932373,
    -0.428838849067688,
    0.06478257477283478
  ],
  "focal_length": 1481.450439453125,
  "principal_point": [
    566.6854248046875,
    1031.048828125
  ],
  "skew": 0.0,
  "pixel_aspect_ratio": 1.00845468044281,
  "radial_distortion": [
    0.1271735429763794,
    -0.21105742454528809,
    0.0
  ],
  "tangential_distortion": [
    0.0030499822460114956,
    0.008128720335662365
  ],
  "image_size": [
    1072,
    1920
  ]
}