{
  "orientation": [
    [
      0.9773106575012207,
      -0.16739967465400696,
      0.12977392971515656
    ],
    [
      0.1631391942501068,
      0.9856712222099304,
      0.042869750410318375
    ],
    [
      -0.13509081304073334,
      -0.020725851878523827,
      0.9906164407730103
    ]
  ],
  "position": [
    1.15122389793396,
    1.1582293510437012,
    0.6682677268981934
  ],
  "focal_length": 1481.450439453125,
  "principal_point": [
    566.6854248046875,
    1031.048828125
  ],
  "skew": 0.0,
  "pixel_aspect_ratio": 1.00845468044281,
  "radial_distortion": [
    0.1271735429763794,
    -0.21105742454528809,
    0.0
  ],
  "tangential_distortion": [
    0.0030499822460114956,
    0.008128720335662365
  ],
  "image_size": [
    1072,
    1920
  ]
}