{
  "orientation": [
    [
      0.9706495404243469,
      -0.16498789191246033,
      0.17498134076595306
    ],
    [
      0.16706310212612152,
      0.9859419465065002,
      0.0029075166676193476
    ],
    [
      -0.17300114035606384,
      0.026410745456814766,
      0.9845674633979797
    ]
  ],
  "position": [
    3.1679108142852783,
    -0.2004653960466385,
    0.24802689254283905
  ],
  "focal_length": 1481.450439453125,
  "principal_point": [
    566.6854248046875,
    1031.048828125
  ],
  "skew": 0.0,
  "pixel_aspect_ratio": 1.00845468044281,
  "radial_distortion": [
    0.1271735429763794,
    -0.21105742454528809,
    0.0
  ],
  "tangential_distortion": [
    0.0030499822460114956,
    0.008128720335662365
  ],
  "image_size": [
    1072,
    1920
  ]
}