{
  "orientation": [
    [
      0.9919221997261047,
      0.12645789980888367,
      -0.009936276823282242
    ],
    [
      -0.12683141231536865,
      0.9874942898750305,
      -0.0936419740319252
    ],
    [
      -0.0020297502633184195,
      0.09414578974246979,
      0.9955563545227051
    ]
  ],
  "position": [
    -0.049525681883096695,
    -3.857590913772583,
    -1.8700822591781616
  ],
  "focal_length": 1481.450439453125,
  "principal_point": [
    566.6854248046875,
    1031.048828125
  ],
  "skew": 0.0,
  "pixel_aspect_ratio": 1.00845468044281,
  "radial_distortion": [
    0.1271735429763794,
    -0.21105742454528809,
    0.0
  ],
  "tangential_distortion": [
    0.0030499822460114956,
    0.008128720335662365
  ],
  "image_size": [
    1072,
    1920
  ]
}