{
  "orientation": [
    [
      0.9759857654571533,
      -0.15919199585914612,
      0.14869342744350433
    ],
    [
      0.15691614151000977,
      0.9872430562973022,
      0.026990292593836784
    ],
    [
      -0.15109319984912872,
      -0.0030097418930381536,
      0.9885149598121643
    ]
  ],
  "position": [
    1.7739895582199097,
    1.039580225944519,
    0.7521963119506836
  ],
  "focal_length": 1481.450439453125,
  "principal_point": [
    566.6854248046875,
    1031.048828125
  ],
  "skew": 0.0,
  "pixel_aspect_ratio": 1.00845468044281,
  "radial_distortion": [
    0.1271735429763794,
    -0.21105742454528809,
    0.0
  ],
  "tangential_distortion": [
    0.0030499822460114956,
    0.008128720335662365
  ],
  "image_size": [
    1072,
    1920
  ]
}