{
  "orientation": [
    [
      0.9807654619216919,
      0.1698427051305771,
      -0.0961901992559433
    ],
    [
      -0.1796596646308899,
      0.9781375527381897,
      -0.10473484545946121
    ],
    [
      0.0762987956404686,
      0.12000181525945663,
      0.9898374080657959
    ]
  ],
  "position": [
    -3.448275089263916,
    -1.169397234916687,
    -0.22537587583065033
  ],
  "focal_length": 1481.450439453125,
  "principal_point": [
    566.6854248046875,
    1031.048828125
  ],
  "skew": 0.0,
  "pixel_aspect_ratio": 1.00845468044281,
  "radial_distortion": [
    0.1271735429763794,
    -0.21105742454528809,
    0.0
  ],
  "tangential_distortion": [
    0.0030499822460114956,
    0.008128720335662365
  ],
  "image_size": [
    1072,
    1920
  ]
}