{
  "orientation": [
    [
      0.9993128776550293,
      -0.03451255336403847,
      -0.013514598831534386
    ],
    [
      0.03461313620209694,
      0.999374270439148,
      0.007280681282281876
    ],
    [
      0.013254866935312748,
      -0.007743461057543755,
      0.999882161617279
    ]
  ],
  "position": [
    -2.581167697906494,
    1.2718713283538818,
    -0.06163308396935463
  ],
  "focal_length": 1481.450439453125,
  "principal_point": [
    566.6854248046875,
    1031.048828125
  ],
  "skew": 0.0,
  "pixel_aspect_ratio": 1.00845468044281,
  "radial_distortion": [
    0.1271735429763794,
    -0.21105742454528809,
    0.0
  ],
  "tangential_distortion": [
    0.0030499822460114956,
    0.008128720335662365
  ],
  "image_size": [
    1072,
    1920
  ]
}