{
  "orientation": [
    [
      0.9987332820892334,
      0.033645737916231155,
      0.03741368651390076
    ],
    [
      -0.03055517189204693,
      0.9963012337684631,
      -0.08031343668699265
    ],
    [
      -0.039977505803108215,
      0.07906851917505264,
      0.996067225933075
    ]
  ],
  "position": [
    1.2739518880844116,
    -3.6954965591430664,
    -1.7233611345291138
  ],
  "focal_length": 1481.450439453125,
  "principal_point": [
    566.6854248046875,
    1031.048828125
  ],
  "skew": 0.0,
  "pixel_aspect_ratio": 1.00845468044281,
  "radial_distortion": [
    0.1271735429763794,
    -0.21105742454528809,
    0.0
  ],
  "tangential_distortion": [
    0.0030499822460114956,
    0.008128720335662365
  ],
  "image_size": [
    1072,
    1920
  ]
}