{
  "orientation": [
    [
      0.9873839616775513,
      0.09276816993951797,
      -0.12832361459732056
    ],
    [
      -0.09839153289794922,
      0.9944148659706116,
      -0.038186054676771164
    ],
    [
      0.12406446784734726,
      0.050330255180597305,
      0.9909968972206116
    ]
  ],
  "position": [
    -3.439998149871826,
    0.09981677681207657,
    -0.4317861795425415
  ],
  "focal_length": 1481.450439453125,
  "principal_point": [
    566.6854248046875,
    1031.048828125
  ],
  "skew": 0.0,
  "pixel_aspect_ratio": 1.00845468044281,
  "radial_distortion": [
    0.1271735429763794,
    -0.21105742454528809,
    0.0
  ],
  "tangential_distortion": [
    0.0030499822460114956,
    0.008128720335662365
  ],
  "image_size": [
    1072,
    1920
  ]
}