{
  "orientation": [
    [
      0.9998155832290649,
      0.014317958615720272,
      -0.012799699790775776
    ],
    [
      -0.014760704711079597,
      0.9992715120315552,
      -0.03519253060221672
    ],
    [
      0.012286490760743618,
      0.035374972969293594,
      0.9992985725402832
    ]
  ],
  "position": [
    -2.5754077434539795,
    1.0750391483306885,
    1.0621025562286377
  ],
  "focal_length": 1481.450439453125,
  "principal_point": [
    566.6854248046875,
    1031.048828125
  ],
  "skew": 0.0,
  "pixel_aspect_ratio": 1.00845468044281,
  "radial_distortion": [
    0.1271735429763794,
    -0.21105742454528809,
    0.0
  ],
  "tangential_distortion": [
    0.0030499822460114956,
    0.008128720335662365
  ],
  "image_size": [
    1072,
    1920
  ]
}