{
  "orientation": [
    [
      0.995154082775116,
      0.08387879282236099,
      -0.05131014809012413
    ],
    [
      -0.08704286813735962,
      0.9942169189453125,
      -0.06289888918399811
    ],
    [
      0.04573753476142883,
      0.06706026196479797,
      0.9967000484466553
    ]
  ],
  "position": [
    -3.4013772010803223,
    0.13675260543823242,
    0.49290788173675537
  ],
  "focal_length": 1481.450439453125,
  "principal_point": [
    566.6854248046875,
    1031.048828125
  ],
  "skew": 0.0,
  "pixel_aspect_ratio": 1.00845468044281,
  "radial_distortion": [
    0.1271735429763794,
    -0.21105742454528809,
    0.0
  ],
  "tangential_distortion": [
    0.0030499822460114956,
    0.008128720335662365
  ],
  "image_size": [
    1072,
    1920
  ]
}