{
  "orientation": [
    [
      0.947428822517395,
      -0.19896617531776428,
      0.2505815923213959
    ],
    [
      0.21238750219345093,
      0.9768006801605225,
      -0.027423230931162834
    ],
    [
      -0.23931197822093964,
      0.07920195907354355,
      0.9677069783210754
    ]
  ],
  "position": [
    3.030665397644043,
    0.7986592650413513,
    1.425032138824463
  ],
  "focal_length": 1481.450439453125,
  "principal_point": [
    566.6854248046875,
    1031.048828125
  ],
  "skew": 0.0,
  "pixel_aspect_ratio": 1.00845468044281,
  "radial_distortion": [
    0.1271735429763794,
    -0.21105742454528809,
    0.0
  ],
  "tangential_distortion": [
    0.0030499822460114956,
    0.008128720335662365
  ],
  "image_size": [
    1072,
    1920
  ]
}