{
  "orientation": [
    [
      0.9869354367256165,
      -0.14477118849754333,
      0.07070925086736679
    ],
    [
      0.14298850297927856,
      0.9892792105674744,
      0.02968083880841732
    ],
    [
      -0.07424812018871307,
      -0.019182462245225906,
      0.9970552921295166
    ]
  ],
  "position": [
    -1.077826976776123,
    1.4422322511672974,
    0.3482556939125061
  ],
  "focal_length": 1481.450439453125,
  "principal_point": [
    566.6854248046875,
    1031.048828125
  ],
  "skew": 0.0,
  "pixel_aspect_ratio": 1.00845468044281,
  "radial_distortion": [
    0.1271735429763794,
    -0.21105742454528809,
    0.0
  ],
  "tangential_distortion": [
    0.0030499822460114956,
    0.008128720335662365
  ],
  "image_size": [
    1072,
    1920
  ]
}