{
  "orientation": [
    [
      0.9640948176383972,
      -0.20190457999706268,
      0.17249861359596252
    ],
    [
      0.20316429436206818,
      0.9790882468223572,
      0.010508915409445763
    ],
    [
      -0.17101317644119263,
      0.02491396851837635,
      0.9849537014961243
    ]
  ],
  "position": [
    1.4016060829162598,
    1.5729196071624756,
    1.7187174558639526
  ],
  "focal_length": 1481.450439453125,
  "principal_point": [
    566.6854248046875,
    1031.048828125
  ],
  "skew": 0.0,
  "pixel_aspect_ratio": 1.00845468044281,
  "radial_distortion": [
    0.1271735429763794,
    -0.21105742454528809,
    0.0
  ],
  "tangential_distortion": [
    0.0030499822460114956,
    0.008128720335662365
  ],
  "image_size": [
    1072,
    1920
  ]
}