{
  "orientation": [
    [
      0.9539731740951538,
      -0.20704740285873413,
      0.21694837510585785
    ],
    [
      0.21569101512432098,
      0.9763191342353821,
      -0.01668177917599678
    ],
    [
      -0.20835693180561066,
      0.06270778179168701,
      0.9760405421257019
    ]
  ],
  "position": [
    2.462061643600464,
    1.3021800518035889,
    1.6877954006195068
  ],
  "focal_length": 1481.450439453125,
  "principal_point": [
    566.6854248046875,
    1031.048828125
  ],
  "skew": 0.0,
  "pixel_aspect_ratio": 1.00845468044281,
  "radial_distortion": [
    0.1271735429763794,
    -0.21105742454528809,
    0.0
  ],
  "tangential_distortion": [
    0.0030499822460114956,
    0.008128720335662365
  ],
  "image_size": [
    1072,
    1920
  ]
}