{
  "orientation": [
    [
      0.9992204308509827,
      0.032505910843610764,
      -0.022403422743082047
    ],
    [
      -0.03339817374944687,
      0.9986140727996826,
      -0.04067588970065117
    ],
    [
      0.021050166338682175,
      0.04139241203665733,
      0.9989212155342102
    ]
  ],
  "position": [
    -2.7839739322662354,
    0.9415715336799622,
    0.9753910303115845
  ],
  "focal_length": 1481.450439453125,
  "principal_point": [
    566.6854248046875,
    1031.048828125
  ],
  "skew": 0.0,
  "pixel_aspect_ratio": 1.00845468044281,
  "radial_distortion": [
    0.1271735429763794,
    -0.21105742454528809,
    0.0
  ],
  "tangential_distortion": [
    0.0030499822460114956,
    0.008128720335662365
  ],
  "image_size": [
    1072,
    1920
  ]
}