{
  "orientation": [
    [
      0.998877227306366,
      0.016927668824791908,
      -0.04424573853611946
    ],
    [
      -0.017252152785658836,
      0.9998269081115723,
      -0.006962087471038103
    ],
    [
      0.04412022978067398,
      0.007717605214565992,
      0.9989964365959167
    ]
  ],
  "position": [
    -2.8792734146118164,
    1.1244585514068604,
    -0.11120828986167908
  ],
  "focal_length": 1481.450439453125,
  "principal_point": [
    566.6854248046875,
    1031.048828125
  ],
  "skew": 0.0,
  "pixel_aspect_ratio": 1.00845468044281,
  "radial_distortion": [
    0.1271735429763794,
    -0.21105742454528809,
    0.0
  ],
  "tangential_distortion": [
    0.0030499822460114956,
    0.008128720335662365
  ],
  "image_size": [
    1072,
    1920
  ]
}