{
  "orientation": [
    [
      0.9975886940956116,
      0.062283266335725784,
      -0.030619995668530464
    ],
    [
      -0.06390164792537689,
      0.9964354634284973,
      -0.05507221445441246
    ],
    [
      0.027080770581960678,
      0.056896086782217026,
      0.9980127811431885
    ]
  ],
  "position": [
    -3.0282084941864014,
    0.6553823947906494,
    0.7976039052009583
  ],
  "focal_length": 1481.450439453125,
  "principal_point": [
    566.6854248046875,
    1031.048828125
  ],
  "skew": 0.0,
  "pixel_aspect_ratio": 1.00845468044281,
  "radial_distortion": [
    0.1271735429763794,
    -0.21105742454528809,
    0.0
  ],
  "tangential_distortion": [
    0.0030499822460114956,
    0.008128720335662365
  ],
  "image_size": [
    1072,
    1920
  ]
}