{
  "orientation": [
    [
      0.9995496273040771,
      -0.029548536986112595,
      0.005237487144768238
    ],
    [
      0.029678016901016235,
      0.9992038607597351,
      -0.026661226525902748
    ],
    [
      -0.004445517435669899,
      0.02680465579032898,
      0.9996308088302612
    ]
  ],
  "position": [
    -2.236794948577881,
    1.3449339866638184,
    1.2098573446273804
  ],
  "focal_length": 1481.450439453125,
  "principal_point": [
    566.6854248046875,
    1031.048828125
  ],
  "skew": 0.0,
  "pixel_aspect_ratio": 1.00845468044281,
  "radial_distortion": [
    0.1271735429763794,
    -0.21105742454528809,
    0.0
  ],
  "tangential_distortion": [
    0.0030499822460114956,
    0.008128720335662365
  ],
  "image_size": [
    1072,
    1920
  ]
}