{
  "orientation": [
    [
      0.9829762578010559,
      -0.14695510268211365,
      0.11028074473142624
    ],
    [
      0.14855961501598358,
      0.9888825416564941,
      -0.006431284826248884
    ],
    [
      -0.10810959339141846,
      0.022705065086483955,
      0.9938796758651733
    ]
  ],
  "position": [
    -0.6905303001403809,
    1.7372990846633911,
    1.553635835647583
  ],
  "focal_length": 1481.450439453125,
  "principal_point": [
    566.6854248046875,
    1031.048828125
  ],
  "skew": 0.0,
  "pixel_aspect_ratio": 1.00845468044281,
  "radial_distortion": [
    0.1271735429763794,
    -0.21105742454528809,
    0.0
  ],
  "tangential_distortion": [
    0.0030499822460114956,
    0.008128720335662365
  ],
  "image_size": [
    1072,
    1920
  ]
}