{
  "orientation": [
    [
      0.9989809989929199,
      0.005218881648033857,
      0.04482965171337128
    ],
    [
      -0.0014900517417117953,
      0.9965640902519226,
      -0.082811638712883
    ],
    [
      -0.04510780796408653,
      0.08266045153141022,
      0.9955564141273499
    ]
  ],
  "position": [
    1.4741233587265015,
    -3.5865795612335205,
    -1.6384254693984985
  ],
  "focal_length": 1481.450439453125,
  "principal_point": [
    566.6854248046875,
    1031.048828125
  ],
  "skew": 0.0,
  "pixel_aspect_ratio": 1.00845468044281,
  "radial_distortion": [
    0.1271735429763794,
    -0.21105742454528809,
    0.0
  ],
  "tangential_distortion": [
    0.0030499822460114956,
    0.008128720335662365
  ],
  "image_size": [
    1072,
    1920
  ]
}