{
  "orientation": [
    [
      0.9763290286064148,
      -0.17087741196155548,
      0.13259901106357574
    ],
    [
      0.1719101220369339,
      0.9851056933403015,
      0.0037064331118017435
    ],
    [
      -0.13125738501548767,
      0.019176414236426353,
      0.9911628365516663
    ]
  ],
  "position": [
    0.1857476532459259,
    1.6726062297821045,
    1.6449776887893677
  ],
  "focal_length": 1481.450439453125,
  "principal_point": [
    566.6854248046875,
    1031.048828125
  ],
  "skew": 0.0,
  "pixel_aspect_ratio": 1.00845468044281,
  "radial_distortion": [
    0.1271735429763794,
    -0.21105742454528809,
    0.0
  ],
  "tangential_distortion": [
    0.0030499822460114956,
    0.008128720335662365
  ],
  "image_size": [
    1072,
    1920
  ]
}