{
  "orientation": [
    [
      0.9845298528671265,
      -0.15404491126537323,
      0.08349340409040451
    ],
    [
      0.15169595181941986,
      0.9878484010696411,
      0.03382110968232155
    ],
    [
      -0.08768879622220993,
      -0.02063228003680706,
      0.995934247970581
    ]
  ],
  "position": [
    -0.7783461809158325,
    1.4008653163909912,
    0.36938178539276123
  ],
  "focal_length": 1481.450439453125,
  "principal_point": [
    566.6854248046875,
    1031.048828125
  ],
  "skew": 0.0,
  "pixel_aspect_ratio": 1.00845468044281,
  "radial_distortion": [
    0.1271735429763794,
    -0.21105742454528809,
    0.0
  ],
  "tangential_distortion": [
    0.0030499822460114956,
    0.008128720335662365
  ],
  "image_size": [
    1072,
    1920
  ]
}