{
  "orientation": [
    [
      0.948316216468811,
      -0.19566573202610016,
      0.24982254207134247
    ],
    [
      0.20648474991321564,
      0.9782916903495789,
      -0.017591146752238274
    ],
    [
      -0.2409573346376419,
      0.06826651841402054,
      0.9681318402290344
    ]
  ],
  "position": [
    3.3090035915374756,
    0.23663954436779022,
    1.0290005207061768
  ],
  "focal_length": 1481.450439453125,
  "principal_point": [
    566.6854248046875,
    1031.048828125
  ],
  "skew": 0.0,
  "pixel_aspect_ratio": 1.00845468044281,
  "radial_distortion": [
    0.1271735429763794,
    -0.21105742454528809,
    0.0
  ],
  "tangential_distortion": [
    0.0030499822460114956,
    0.008128720335662365
  ],
  "image_size": [
    1072,
    1920
  ]
}