{
  "orientation": [
    [
      0.9896478652954102,
      0.12777593731880188,
      -0.065348319709301
    ],
    [
      -0.1329580396413803,
      0.9876998066902161,
      -0.08228785544633865
    ],
    [
      0.05403010919690132,
      0.09012458473443985,
      0.9944638013839722
    ]
  ],
  "position": [
    -3.4126453399658203,
    -0.30575817823410034,
    0.13904160261154175
  ],
  "focal_length": 1481.450439453125,
  "principal_point": [
    566.6854248046875,
    1031.048828125
  ],
  "skew": 0.0,
  "pixel_aspect_ratio": 1.00845468044281,
  "radial_distortion": [
    0.1271735429763794,
    -0.21105742454528809,
    0.0
  ],
  "tangential_distortion": [
    0.0030499822460114956,
    0.008128720335662365
  ],
  "image_size": [
    1072,
    1920
  ]
}