{
  "orientation": [
    [
      0.9788146615028381,
      -0.13100439310073853,
      0.157352015376091
    ],
    [
      0.13337022066116333,
      0.991055965423584,
      -0.004525134805589914
    ],
    [
      -0.15535183250904083,
      0.025415340438485146,
      0.9875321984291077
    ]
  ],
  "position": [
    2.985013484954834,
    -1.33927583694458,
    -0.48683151602745056
  ],
  "focal_length": 1481.450439453125,
  "principal_point": [
    566.6854248046875,
    1031.048828125
  ],
  "skew": 0.0,
  "pixel_aspect_ratio": 1.00845468044281,
  "radial_distortion": [
    0.1271735429763794,
    -0.21105742454528809,
    0.0
  ],
  "tangential_distortion": [
    0.0030499822460114956,
    0.008128720335662365
  ],
  "image_size": [
    1072,
    1920
  ]
}