{
  "orientation": [
    [
      0.9738851189613342,
      0.20338529348373413,
      -0.10090675950050354
    ],
    [
      -0.21487699449062347,
      0.969196081161499,
      -0.12036149948835373
    ],
    [
      0.07331867516040802,
      0.13890081644058228,
      0.9875884652137756
    ]
  ],
  "position": [
    -1.9044973850250244,
    -3.0026473999023438,
    -1.2956475019454956
  ],
  "focal_length": 1481.450439453125,
  "principal_point": [
    566.6854248046875,
    1031.048828125
  ],
  "skew": 0.0,
  "pixel_aspect_ratio": 1.00845468044281,
  "radial_distortion": [
    0.1271735429763794,
    -0.21105742454528809,
    0.0
  ],
  "tangential_distortion": [
    0.0030499822460114956,
    0.008128720335662365
  ],
  "image_size": [
    1072,
    1920
  ]
}