{
  "orientation": [
    [
      0.9764671325683594,
      0.18739239871501923,
      -0.10675190389156342
    ],
    [
      -0.20006321370601654,
      0.9719194769859314,
      -0.12388381361961365
    ],
    [
      0.08053936809301376,
      0.14232559502124786,
      0.9865378141403198
    ]
  ],
  "position": [
    -3.0351290702819824,
    -2.0895321369171143,
    -0.6849204301834106
  ],
  "focal_length": 1481.450439453125,
  "principal_point": [
    566.6854248046875,
    1031.048828125
  ],
  "skew": 0.0,
  "pixel_aspect_ratio": 1.00845468044281,
  "radial_distortion": [
    0.1271735429763794,
    -0.21105742454528809,
    0.0
  ],
  "tangential_distortion": [
    0.0030499822460114956,
    0.008128720335662365
  ],
  "image_size": [
    1072,
    1920
  ]
}