{
  "orientation": [
    [
      0.9803590178489685,
      -0.16809073090553284,
      0.10315875709056854
    ],
    [
      0.16460759937763214,
      0.9854874610900879,
      0.04145818576216698
    ],
    [
      -0.10863040387630463,
      -0.023663189262151718,
      0.9938005208969116
    ]
  ],
  "position": [
    -0.2049049735069275,
    1.335402011871338,
    0.5001716017723083
  ],
  "focal_length": 1481.450439453125,
  "principal_point": [
    566.6854248046875,
    1031.048828125
  ],
  "skew": 0.0,
  "pixel_aspect_ratio": 1.00845468044281,
  "radial_distortion": [
    0.1271735429763794,
    -0.21105742454528809,
    0.0
  ],
  "tangential_distortion": [
    0.0030499822460114956,
    0.008128720335662365
  ],
  "image_size": [
    1072,
    1920
  ]
}