{
  "orientation": [
    [
      0.9786427617073059,
      -0.17274822294712067,
      0.11142903566360474
    ],
    [
      0.16888265311717987,
      0.9846839308738708,
      0.043315589427948
    ],
    [
      -0.11720506846904755,
      -0.023572055622935295,
      0.9928279519081116
    ]
  ],
  "position": [
    0.11307251453399658,
    1.2901006937026978,
    0.5401678681373596
  ],
  "focal_length": 1481.450439453125,
  "principal_point": [
    566.6854248046875,
    1031.048828125
  ],
  "skew": 0.0,
  "pixel_aspect_ratio": 1.00845468044281,
  "radial_distortion": [
    0.1271735429763794,
    -0.21105742454528809,
    0.0
  ],
  "tangential_distortion": [
    0.0030499822460114956,
    0.008128720335662365
  ],
  "image_size": [
    1072,
    1920
  ]
}