{
  "orientation": [
    [
      0.9906082153320312,
      -0.11301355808973312,
      0.0769631490111351
    ],
    [
      0.1130089983344078,
      0.9935840964317322,
      0.004428514279425144
    ],
    [
      -0.07696984708309174,
      0.004310606047511101,
      0.9970241189002991
    ]
  ],
  "position": [
    1.5193283557891846,
    1.7948490381240845,
    0.9580215215682983
  ],
  "focal_length": 1481.450439453125,
  "principal_point": [
    566.6854248046875,
    1031.048828125
  ],
  "skew": 0.0,
  "pixel_aspect_ratio": 1.00845468044281,
  "radial_distortion": [
    0.1271735429763794,
    -0.21105742454528809,
    0.0
  ],
  "tangential_distortion": [
    0.0030499822460114956,
    0.008128720335662365
  ],
  "image_size": [
    1072,
    1920
  ]
}