{
  "orientation": [
    [
      0.9728714227676392,
      0.22568516433238983,
      -0.05086706951260567
    ],
    [
      -0.2291027158498764,
      0.9704077243804932,
      -0.07629404217004776
    ],
    [
      0.03214336559176445,
      0.08587807416915894,
      0.9957870244979858
    ]
  ],
  "position": [
    -3.2076966762542725,
    -1.0683954954147339,
    -1.321445345878601
  ],
  "focal_length": 1481.450439453125,
  "principal_point": [
    566.6854248046875,
    1031.048828125
  ],
  "skew": 0.0,
  "pixel_aspect_ratio": 1.00845468044281,
  "radial_distortion": [
    0.1271735429763794,
    -0.21105742454528809,
    0.0
  ],
  "tangential_distortion": [
    0.0030499822460114956,
    0.008128720335662365
  ],
  "image_size": [
    1072,
    1920
  ]
}