{
  "orientation": [
    [
      0.9977508783340454,
      0.04247788339853287,
      -0.051853246986866
    ],
    [
      -0.04992298409342766,
      0.9871247410774231,
      -0.15196214616298676
    ],
    [
      0.04473058879375458,
      0.15420904755592346,
      0.9870252013206482
    ]
  ],
  "position": [
    -1.021932601928711,
    -2.604487180709839,
    -0.7456013560295105
  ],
  "focal_length": 1481.450439453125,
  "principal_point": [
    566.6854248046875,
    1031.048828125
  ],
  "skew": 0.0,
  "pixel_aspect_ratio": 1.00845468044281,
  "radial_distortion": [
    0.1271735429763794,
    -0.21105742454528809,
    0.0
  ],
  "tangential_distortion": [
    0.0030499822460114956,
    0.008128720335662365
  ],
  "image_size": [
    1072,
    1920
  ]
}