{
  "orientation": [
    [
      0.9559973478317261,
      -0.16528145968914032,
      0.24238631129264832
    ],
    [
      0.1685408502817154,
      0.9856670498847961,
      0.007376181427389383
    ],
    [
      -0.24013134837150574,
      0.033800385892391205,
      0.9701517820358276
    ]
  ],
  "position": [
    3.8960530757904053,
    -1.5660535097122192,
    0.20727942883968353
  ],
  "focal_length": 1481.450439453125,
  "principal_point": [
    566.6854248046875,
    1031.048828125
  ],
  "skew": 0.0,
  "pixel_aspect_ratio": 1.00845468044281,
  "radial_distortion": [
    0.1271735429763794,
    -0.21105742454528809,
    0.0
  ],
  "tangential_distortion": [
    0.0030499822460114956,
    0.008128720335662365
  ],
  "image_size": [
    1072,
    1920
  ]
}