{
  "orientation": [
    [
      0.9533518552780151,
      -0.1750941276550293,
      0.2458907663822174
    ],
    [
      0.18085956573486328,
      0.9835085272789001,
      -0.000879449478816241
    ],
    [
      -0.24168168008327484,
      0.0453101247549057,
      0.9692971706390381
    ]
  ],
  "position": [
    4.35081672668457,
    0.06285891681909561,
    0.9658570289611816
  ],
  "focal_length": 1481.450439453125,
  "principal_point": [
    566.6854248046875,
    1031.048828125
  ],
  "skew": 0.0,
  "pixel_aspect_ratio": 1.00845468044281,
  "radial_distortion": [
    0.1271735429763794,
    -0.21105742454528809,
    0.0
  ],
  "tangential_distortion": [
    0.0030499822460114956,
    0.008128720335662365
  ],
  "image_size": [
    1072,
    1920
  ]
}