{
  "orientation": [
    [
      0.9949054718017578,
      0.05997045338153839,
      -0.08103518933057785
    ],
    [
      -0.07144805788993835,
      0.9865363836288452,
      -0.147109255194664
    ],
    [
      0.0711219534277916,
      0.15214960277080536,
      0.9857951998710632
    ]
  ],
  "position": [
    -1.3156603574752808,
    -2.5562119483947754,
    -0.858320415019989
  ],
  "focal_length": 1481.450439453125,
  "principal_point": [
    566.6854248046875,
    1031.048828125
  ],
  "skew": 0.0,
  "pixel_aspect_ratio": 1.00845468044281,
  "radial_distortion": [
    0.1271735429763794,
    -0.21105742454528809,
    0.0
  ],
  "tangential_distortion": [
    0.0030499822460114956,
    0.008128720335662365
  ],
  "image_size": [
    1072,
    1920
  ]
}