{
  "orientation": [
    [
      0.9534431099891663,
      -0.1757000982761383,
      0.2451033592224121
    ],
    [
      0.1794920116662979,
      0.9837347865104675,
      0.006963896565139294
    ],
    [
      -0.24234025180339813,
      0.03735441714525223,
      0.9694719314575195
    ]
  ],
  "position": [
    4.423661708831787,
    -0.5324009656906128,
    0.7535552978515625
  ],
  "focal_length": 1481.450439453125,
  "principal_point": [
    566.6854248046875,
    1031.048828125
  ],
  "skew": 0.0,
  "pixel_aspect_ratio": 1.00845468044281,
  "radial_distortion": [
    0.1271735429763794,
    -0.21105742454528809,
    0.0
  ],
  "tangential_distortion": [
    0.0030499822460114956,
    0.008128720335662365
  ],
  "image_size": [
    1072,
    1920
  ]
}