{
  "orientation": [
    [
      0.9948958158493042,
      -0.062739297747612,
      0.0790325254201889
    ],
    [
      0.06341429054737091,
      0.9979689121246338,
      -0.006057616323232651
    ],
    [
      -0.07849195599555969,
      0.011038488708436489,
      0.9968536496162415
    ]
  ],
  "position": [
    1.7544444799423218,
    -2.703411340713501,
    -1.3145123720169067
  ],
  "focal_length": 1481.450439453125,
  "principal_point": [
    566.6854248046875,
    1031.048828125
  ],
  "skew": 0.0,
  "pixel_aspect_ratio": 1.00845468044281,
  "radial_distortion": [
    0.1271735429763794,
    -0.21105742454528809,
    0.0
  ],
  "tangential_distortion": [
    0.0030499822460114956,
    0.008128720335662365
  ],
  "image_size": [
    1072,
    1920
  ]
}