{
  "orientation": [
    [
      0.999011754989624,
      -0.02039596065878868,
      0.03949025273323059
    ],
    [
      0.020543871447443962,
      0.9997833371162415,
      -0.0033432920463383198
    ],
    [
      -0.03941350802779198,
      0.004151270724833012,
      0.9992143511772156
    ]
  ],
  "position": [
    -2.06219744682312,
    2.2049951553344727,
    0.5079932808876038
  ],
  "focal_length": 1481.450439453125,
  "principal_point": [
    566.6854248046875,
    1031.048828125
  ],
  "skew": 0.0,
  "pixel_aspect_ratio": 1.00845468044281,
  "radial_distortion": [
    0.1271735429763794,
    -0.21105742454528809,
    0.0
  ],
  "tangential_distortion": [
    0.0030499822460114956,
    0.008128720335662365
  ],
  "image_size": [
    1072,
    1920
  ]
}