{
  "orientation": [
    [
      0.9983684420585632,
      0.011536622419953346,
      0.055923230946063995
    ],
    [
      -0.010906470939517021,
      0.999873697757721,
      -0.011560289189219475
    ],
    [
      -0.05604953318834305,
      0.010931502096354961,
      0.9983681440353394
    ]
  ],
  "position": [
    0.9171058535575867,
    -2.896728992462158,
    -1.6398972272872925
  ],
  "focal_length": 1481.450439453125,
  "principal_point": [
    566.6854248046875,
    1031.048828125
  ],
  "skew": 0.0,
  "pixel_aspect_ratio": 1.00845468044281,
  "radial_distortion": [
    0.1271735429763794,
    -0.21105742454528809,
    0.0
  ],
  "tangential_distortion": [
    0.0030499822460114956,
    0.008128720335662365
  ],
  "image_size": [
    1072,
    1920
  ]
}