{
  "orientation": [
    [
      0.9998505711555481,
      0.01551147736608982,
      0.007630691397935152
    ],
    [
      -0.01546130608767271,
      0.9998587369918823,
      -0.00659048231318593
    ],
    [
      -0.007731841877102852,
      0.006471517030149698,
      0.9999491572380066
    ]
  ],
  "position": [
    -2.925004005432129,
    1.7694473266601562,
    -0.053889915347099304
  ],
  "focal_length": 1481.450439453125,
  "principal_point": [
    566.6854248046875,
    1031.048828125
  ],
  "skew": 0.0,
  "pixel_aspect_ratio": 1.00845468044281,
  "radial_distortion": [
    0.1271735429763794,
    -0.21105742454528809,
    0.0
  ],
  "tangential_distortion": [
    0.0030499822460114956,
    0.008128720335662365
  ],
  "image_size": [
    1072,
    1920
  ]
}