{
  "orientation": [
    [
      0.9779925346374512,
      -0.11016208678483963,
      0.17718610167503357
    ],
    [
      0.1180574893951416,
      0.9924030900001526,
      -0.03461980074644089
    ],
    [
      -0.17202624678611755,
      0.05477605387568474,
      0.9835682511329651
    ]
  ],
  "position": [
    2.7514967918395996,
    -2.4334375858306885,
    -0.2981124520301819
  ],
  "focal_length": 1481.450439453125,
  "principal_point": [
    566.6854248046875,
    1031.048828125
  ],
  "skew": 0.0,
  "pixel_aspect_ratio": 1.00845468044281,
  "radial_distortion": [
    0.1271735429763794,
    -0.21105742454528809,
    0.0
  ],
  "tangential_distortion": [
    0.0030499822460114956,
    0.008128720335662365
  ],
  "image_size": [
    1072,
    1920
  ]
}