{
  "orientation": [
    [
      0.9926202297210693,
      -0.0739896148443222,
      0.09607595205307007
    ],
    [
      0.08337828516960144,
      0.991717517375946,
      -0.09769530594348907
    ],
    [
      -0.08805176615715027,
      0.10498498380184174,
      0.9905680418014526
    ]
  ],
  "position": [
    1.9839099645614624,
    -2.75339674949646,
    -0.5283485651016235
  ],
  "focal_length": 1481.450439453125,
  "principal_point": [
    566.6854248046875,
    1031.048828125
  ],
  "skew": 0.0,
  "pixel_aspect_ratio": 1.00845468044281,
  "radial_distortion": [
    0.1271735429763794,
    -0.21105742454528809,
    0.0
  ],
  "tangential_distortion": [
    0.0030499822460114956,
    0.008128720335662365
  ],
  "image_size": [
    1072,
    1920
  ]
}