{
  "orientation": [
    [
      0.980797290802002,
      0.1911434680223465,
      -0.03874088078737259
    ],
    [
      -0.19357915222644806,
      0.9782856106758118,
      -0.07405630499124527
    ],
    [
      0.02374427020549774,
      0.08013364672660828,
      0.9965012669563293
    ]
  ],
  "position": [
    -2.284648895263672,
    -2.195530652999878,
    -1.6142278909683228
  ],
  "focal_length": 1481.450439453125,
  "principal_point": [
    566.6854248046875,
    1031.048828125
  ],
  "skew": 0.0,
  "pixel_aspect_ratio": 1.00845468044281,
  "radial_distortion": [
    0.1271735429763794,
    -0.21105742454528809,
    0.0
  ],
  "tangential_distortion": [
    0.0030499822460114956,
    0.008128720335662365
  ],
  "image_size": [
    1072,
    1920
  ]
}