{
  "orientation": [
    [
      0.9652019143104553,
      -0.16927535831928253,
      0.19932658970355988
    ],
    [
      0.17598296701908112,
      0.9842582941055298,
      -0.016297023743391037
    ],
    [
      -0.19343017041683197,
      0.05080800503492355,
      0.9797976016998291
    ]
  ],
  "position": [
    3.297642946243286,
    1.2187750339508057,
    0.8721533417701721
  ],
  "focal_length": 1481.450439453125,
  "principal_point": [
    566.6854248046875,
    1031.048828125
  ],
  "skew": 0.0,
  "pixel_aspect_ratio": 1.00845468044281,
  "radial_distortion": [
    0.1271735429763794,
    -0.21105742454528809,
    0.0
  ],
  "tangential_distortion": [
    0.0030499822460114956,
    0.008128720335662365
  ],
  "image_size": [
    1072,
    1920
  ]
}