{
  "orientation": [
    [
      0.9546365737915039,
      -0.21640226244926453,
      0.2045459747314453
    ],
    [
      0.21628329157829285,
      0.9760546088218689,
      0.023214716464281082
    ],
    [
      -0.20467175543308258,
      0.02207825891673565,
      0.9785816669464111
    ]
  ],
  "position": [
    3.4418861865997314,
    -1.3361467123031616,
    0.04341541975736618
  ],
  "focal_length": 1481.450439453125,
  "principal_point": [
    566.6854248046875,
    1031.048828125
  ],
  "skew": 0.0,
  "pixel_aspect_ratio": 1.00845468044281,
  "radial_distortion": [
    0.1271735429763794,
    -0.21105742454528809,
    0.0
  ],
  "tangential_distortion": [
    0.0030499822460114956,
    0.008128720335662365
  ],
  "image_size": [
    1072,
    1920
  ]
}