{
  "orientation": [
    [
      0.9971030950546265,
      -0.05855271965265274,
      0.04854842647910118
    ],
    [
      0.058580875396728516,
      0.9982823133468628,
      0.0008439007215201855
    ],
    [
      -0.04851444810628891,
      0.0020025535486638546,
      0.9988204836845398
    ]
  ],
  "position": [
    -0.22593751549720764,
    2.181622266769409,
    0.843884289264679
  ],
  "focal_length": 1481.450439453125,
  "principal_point": [
    566.6854248046875,
    1031.048828125
  ],
  "skew": 0.0,
  "pixel_aspect_ratio": 1.00845468044281,
  "radial_distortion": [
    0.1271735429763794,
    -0.21105742454528809,
    0.0
  ],
  "tangential_distortion": [
    0.0030499822460114956,
    0.008128720335662365
  ],
  "image_size": [
    1072,
    1920
  ]
}