{
  "orientation": [
    [
      0.9717540740966797,
      -0.1643839180469513,
      0.1693279892206192
    ],
    [
      0.16252480447292328,
      0.9863907694816589,
      0.024878624826669693
    ],
    [
      -0.17111320793628693,
      0.0033440927509218454,
      0.9852457046508789
    ]
  ],
  "position": [
    2.452775716781616,
    -2.1590216159820557,
    -0.6941830515861511
  ],
  "focal_length": 1481.450439453125,
  "principal_point": [
    566.6854248046875,
    1031.048828125
  ],
  "skew": 0.0,
  "pixel_aspect_ratio": 1.00845468044281,
  "radial_distortion": [
    0.1271735429763794,
    -0.21105742454528809,
    0.0
  ],
  "tangential_distortion": [
    0.0030499822460114956,
    0.008128720335662365
  ],
  "image_size": [
    1072,
    1920
  ]
}