{
  "orientation": [
    [
      0.9947975873947144,
      -0.06808636337518692,
      0.07577604800462723
    ],
    [
      0.07654318958520889,
      0.990416944026947,
      -0.11495848000049591
    ],
    [
      -0.06722277402877808,
      0.1201605573296547,
      0.9904758930206299
    ]
  ],
  "position": [
    1.6481616497039795,
    -2.8260889053344727,
    -0.6260455250740051
  ],
  "focal_length": 1481.450439453125,
  "principal_point": [
    566.6854248046875,
    1031.048828125
  ],
  "skew": 0.0,
  "pixel_aspect_ratio": 1.00845468044281,
  "radial_distortion": [
    0.1271735429763794,
    -0.21105742454528809,
    0.0
  ],
  "tangential_distortion": [
    0.0030499822460114956,
    0.008128720335662365
  ],
  "image_size": [
    1072,
    1920
  ]
}