{
  "orientation": [
    [
      0.986812949180603,
      0.09036238491535187,
      -0.1342940628528595
    ],
    [
      -0.1078215017914772,
      0.9857658743858337,
      -0.12899675965309143
    ],
    [
      0.12072604894638062,
      0.1417754590511322,
      0.9825094938278198
    ]
  ],
  "position": [
    -1.9416038990020752,
    -2.393716812133789,
    -1.0728166103363037
  ],
  "focal_length": 1481.450439453125,
  "principal_point": [
    566.6854248046875,
    1031.048828125
  ],
  "skew": 0.0,
  "pixel_aspect_ratio": 1.00845468044281,
  "radial_distortion": [
    0.1271735429763794,
    -0.21105742454528809,
    0.0
  ],
  "tangential_distortion": [
    0.0030499822460114956,
    0.008128720335662365
  ],
  "image_size": [
    1072,
    1920
  ]
}