{
  "orientation": [
    [
      0.9903095960617065,
      0.134240061044693,
      -0.035587336868047714
    ],
    [
      -0.13587558269500732,
      0.9895427227020264,
      -0.04840538278222084
    ],
    [
      0.028717247769236565,
      0.05277176946401596,
      0.998193621635437
    ]
  ],
  "position": [
    -3.3512959480285645,
    1.1219993829727173,
    -0.5384653210639954
  ],
  "focal_length": 1481.450439453125,
  "principal_point": [
    566.6854248046875,
    1031.048828125
  ],
  "skew": 0.0,
  "pixel_aspect_ratio": 1.00845468044281,
  "radial_distortion": [
    0.1271735429763794,
    -0.21105742454528809,
    0.0
  ],
  "tangential_distortion": [
    0.0030499822460114956,
    0.008128720335662365
  ],
  "image_size": [
    1072,
    1920
  ]
}