{
  "orientation": [
    [
      0.9881485104560852,
      0.1523946076631546,
      -0.018396221101284027
    ],
    [
      -0.1531601846218109,
      0.9868298172950745,
      -0.05204625055193901
    ],
    [
      0.01022237166762352,
      0.054246995598077774,
      0.998475193977356
    ]
  ],
  "position": [
    -1.5128180980682373,
    -2.665390968322754,
    -1.7466052770614624
  ],
  "focal_length": 1481.450439453125,
  "principal_point": [
    566.6854248046875,
    1031.048828125
  ],
  "skew": 0.0,
  "pixel_aspect_ratio": 1.00845468044281,
  "radial_distortion": [
    0.1271735429763794,
    -0.21105742454528809,
    0.0
  ],
  "tangential_distortion": [
    0.0030499822460114956,
    0.008128720335662365
  ],
  "image_size": [
    1072,
    1920
  ]
}