{
  "orientation": [
    [
      0.9963511228561401,
      -0.03357739746570587,
      0.07846660912036896
    ],
    [
      0.03407445177435875,
      0.9994067549705505,
      -0.0050038788467645645
    ],
    [
      -0.07825204730033875,
      0.0076593272387981415,
      0.996904194355011
    ]
  ],
  "position": [
    1.6457823514938354,
    -2.71175479888916,
    -1.4023219347000122
  ],
  "focal_length": 1481.450439453125,
  "principal_point": [
    566.6854248046875,
    1031.048828125
  ],
  "skew": 0.0,
  "pixel_aspect_ratio": 1.00845468044281,
  "radial_distortion": [
    0.1271735429763794,
    -0.21105742454528809,
    0.0
  ],
  "tangential_distortion": [
    0.0030499822460114956,
    0.008128720335662365
  ],
  "image_size": [
    1072,
    1920
  ]
}