{
  "orientation": [
    [
      0.9588717818260193,
      -0.15714941918849945,
      0.2363661527633667
    ],
    [
      0.16111630201339722,
      0.986932098865509,
      0.002563467249274254
    ],
    [
      -0.23368018865585327,
      0.03562440723180771,
      0.9716606736183167
    ]
  ],
  "position": [
    3.6229000091552734,
    -1.8052176237106323,
    0.04562225192785263
  ],
  "focal_length": 1481.450439453125,
  "principal_point": [
    566.6854248046875,
    1031.048828125
  ],
  "skew": 0.0,
  "pixel_aspect_ratio": 1.00845468044281,
  "radial_distortion": [
    0.1271735429763794,
    -0.21105742454528809,
    0.0
  ],
  "tangential_distortion": [
    0.0030499822460114956,
    0.008128720335662365
  ],
  "image_size": [
    1072,
    1920
  ]
}