{
  "orientation": [
    [
      0.9926668405532837,
      -0.09891285002231598,
      0.06948979198932648
    ],
    [
      0.09885954856872559,
      0.9950924515724182,
      0.004214057233184576
    ],
    [
      -0.06956559419631958,
      0.002686574822291732,
      0.997573733329773
    ]
  ],
  "position": [
    1.1265918016433716,
    1.8777992725372314,
    0.9643486142158508
  ],
  "focal_length": 1481.450439453125,
  "principal_point": [
    566.6854248046875,
    1031.048828125
  ],
  "skew": 0.0,
  "pixel_aspect_ratio": 1.00845468044281,
  "radial_distortion": [
    0.1271735429763794,
    -0.21105742454528809,
    0.0
  ],
  "tangential_distortion": [
    0.0030499822460114956,
    0.008128720335662365
  ],
  "image_size": [
    1072,
    1920
  ]
}