{
  "orientation": [
    [
      0.9604491591453552,
      -0.17167991399765015,
      0.21923376619815826
    ],
    [
      0.17943203449249268,
      0.9836435317993164,
      -0.015798261389136314
    ],
    [
      -0.21293562650680542,
      0.05451098829507828,
      0.9755444526672363
    ]
  ],
  "position": [
    3.5114753246307373,
    1.0639114379882812,
    1.0399779081344604
  ],
  "focal_length": 1481.450439453125,
  "principal_point": [
    566.6854248046875,
    1031.048828125
  ],
  "skew": 0.0,
  "pixel_aspect_ratio": 1.00845468044281,
  "radial_distortion": [
    0.1271735429763794,
    -0.21105742454528809,
    0.0
  ],
  "tangential_distortion": [
    0.0030499822460114956,
    0.008128720335662365
  ],
  "image_size": [
    1072,
    1920
  ]
}