{
  "orientation": [
    [
      0.9803271889686584,
      -0.1562122404575348,
      0.12064946442842484
    ],
    [
      0.15811920166015625,
      0.987399697303772,
      -0.006337756756693125
    ],
    [
      -0.11813920736312866,
      0.025290073826909065,
      0.9926749467849731
    ]
  ],
  "position": [
    2.554334878921509,
    1.4266877174377441,
    0.6213153004646301
  ],
  "focal_length": 1481.450439453125,
  "principal_point": [
    566.6854248046875,
    1031.048828125
  ],
  "skew": 0.0,
  "pixel_aspect_ratio": 1.00845468044281,
  "radial_distortion": [
    0.1271735429763794,
    -0.21105742454528809,
    0.0
  ],
  "tangential_distortion": [
    0.0030499822460114956,
    0.008128720335662365
  ],
  "image_size": [
    1072,
    1920
  ]
}