{
  "orientation": [
    [
      0.9986861348152161,
      -0.018690891563892365,
      0.04771401360630989
    ],
    [
      0.02558375522494316,
      0.9886243939399719,
      -0.148213729262352
    ],
    [
      -0.04440099000930786,
      0.1492397040128708,
      0.9878036379814148
    ]
  ],
  "position": [
    0.1972961574792862,
    -3.035689353942871,
    -0.8206950426101685
  ],
  "focal_length": 1481.450439453125,
  "principal_point": [
    566.6854248046875,
    1031.048828125
  ],
  "skew": 0.0,
  "pixel_aspect_ratio": 1.00845468044281,
  "radial_distortion": [
    0.1271735429763794,
    -0.21105742454528809,
    0.0
  ],
  "tangential_distortion": [
    0.0030499822460114956,
    0.008128720335662365
  ],
  "image_size": [
    1072,
    1920
  ]
}