{
  "orientation": [
    [
      0.9515658617019653,
      -0.19415715336799622,
      0.23838090896606445
    ],
    [
      0.1997041553258896,
      0.9798558354377747,
      0.0008992528892122209
    ],
    [
      -0.2337535172700882,
      0.046749960631132126,
      0.9711713194847107
    ]
  ],
  "position": [
    3.5595996379852295,
    -0.44485944509506226,
    0.7673686146736145
  ],
  "focal_length": 1481.450439453125,
  "principal_point": [
    566.6854248046875,
    1031.048828125
  ],
  "skew": 0.0,
  "pixel_aspect_ratio": 1.00845468044281,
  "radial_distortion": [
    0.1271735429763794,
    -0.21105742454528809,
    0.0
  ],
  "tangential_distortion": [
    0.0030499822460114956,
    0.008128720335662365
  ],
  "image_size": [
    1072,
    1920
  ]
}