{
  "orientation": [
    [
      0.9750115275382996,
      0.21522854268550873,
      -0.055037710815668106
    ],
    [
      -0.21906688809394836,
      0.9726476669311523,
      -0.07724159955978394
    ],
    [
      0.036907706409692764,
      0.08736839145421982,
      0.995492160320282
    ]
  ],
  "position": [
    -3.3586695194244385,
    -0.9384155869483948,
    -1.3780723810195923
  ],
  "focal_length": 1481.450439453125,
  "principal_point": [
    566.6854248046875,
    1031.048828125
  ],
  "skew": 0.0,
  "pixel_aspect_ratio": 1.00845468044281,
  "radial_distortion": [
    0.1271735429763794,
    -0.21105742454528809,
    0.0
  ],
  "tangential_distortion": [
    0.0030499822460114956,
    0.008128720335662365
  ],
  "image_size": [
    1072,
    1920
  ]
}