{
  "orientation": [
    [
      0.9836695790290833,
      0.1744450330734253,
      -0.04430609941482544
    ],
    [
      -0.1766926646232605,
      0.9828260540962219,
      -0.05322245508432388
    ],
    [
      0.03426079452037811,
      0.060181874781847,
      0.9975993037223816
    ]
  ],
  "position": [
    -3.479551315307617,
    0.6377132534980774,
    -0.7240476608276367
  ],
  "focal_length": 1481.450439453125,
  "principal_point": [
    566.6854248046875,
    1031.048828125
  ],
  "skew": 0.0,
  "pixel_aspect_ratio": 1.00845468044281,
  "radial_distortion": [
    0.1271735429763794,
    -0.21105742454528809,
    0.0
  ],
  "tangential_distortion": [
    0.0030499822460114956,
    0.008128720335662365
  ],
  "image_size": [
    1072,
    1920
  ]
}