{
  "orientation": [
    [
      0.9788124561309814,
      0.20069389045238495,
      -0.04059707745909691
    ],
    [
      -0.2027852088212967,
      0.9775953888893127,
      -0.05643901973962784
    ],
    [
      0.028360551223158836,
      0.06347569823265076,
      0.997580349445343
    ]
  ],
  "position": [
    -3.465700626373291,
    0.23139876127243042,
    -0.9198377132415771
  ],
  "focal_length": 1481.450439453125,
  "principal_point": [
    566.6854248046875,
    1031.048828125
  ],
  "skew": 0.0,
  "pixel_aspect_ratio": 1.00845468044281,
  "radial_distortion": [
    0.1271735429763794,
    -0.21105742454528809,
    0.0
  ],
  "tangential_distortion": [
    0.0030499822460114956,
    0.008128720335662365
  ],
  "image_size": [
    1072,
    1920
  ]
}