{
  "orientation": [
    [
      0.9801298975944519,
      -0.1373520791530609,
      0.14310771226882935
    ],
    [
      0.13677562773227692,
      0.9905044436454773,
      0.013905344530940056
    ],
    [
      -0.14365875720977783,
      0.005944603122770786,
      0.98960942029953
    ]
  ],
  "position": [
    2.3140344619750977,
    -2.323434352874756,
    -0.8681766986846924
  ],
  "focal_length": 1481.450439453125,
  "principal_point": [
    566.6854248046875,
    1031.048828125
  ],
  "skew": 0.0,
  "pixel_aspect_ratio": 1.00845468044281,
  "radial_distortion": [
    0.1271735429763794,
    -0.21105742454528809,
    0.0
  ],
  "tangential_distortion": [
    0.0030499822460114956,
    0.008128720335662365
  ],
  "image_size": [
    1072,
    1920
  ]
}