{
  "orientation": [
    [
      0.9539811015129089,
      -0.21593765914440155,
      0.20806486904621124
    ],
    [
      0.21664051711559296,
      0.97605299949646,
      0.019684400409460068
    ],
    [
      -0.20733293890953064,
      0.02629673480987549,
      0.977916955947876
    ]
  ],
  "position": [
    3.528261423110962,
    -1.0789873600006104,
    0.25245824456214905
  ],
  "focal_length": 1481.450439453125,
  "principal_point": [
    566.6854248046875,
    1031.048828125
  ],
  "skew": 0.0,
  "pixel_aspect_ratio": 1.00845468044281,
  "radial_distortion": [
    0.1271735429763794,
    -0.21105742454528809,
    0.0
  ],
  "tangential_distortion": [
    0.0030499822460114956,
    0.008128720335662365
  ],
  "image_size": [
    1072,
    1920
  ]
}