{
  "orientation": [
    [
      0.9999383687973022,
      0.009532200172543526,
      0.005696706939488649
    ],
    [
      -0.008546090684831142,
      0.9881361722946167,
      -0.15334251523017883
    ],
    [
      -0.00709081394597888,
      0.15328438580036163,
      0.9881566762924194
    ]
  ],
  "position": [
    -0.4937385320663452,
    -2.770465135574341,
    -0.7120957374572754
  ],
  "focal_length": 1481.450439453125,
  "principal_point": [
    566.6854248046875,
    1031.048828125
  ],
  "skew": 0.0,
  "pixel_aspect_ratio": 1.00845468044281,
  "radial_distortion": [
    0.1271735429763794,
    -0.21105742454528809,
    0.0
  ],
  "tangential_distortion": [
    0.0030499822460114956,
    0.008128720335662365
  ],
  "image_size": [
    1072,
    1920
  ]
}