{
  "orientation": [
    [
      0.9844440817832947,
      -0.09811201691627502,
      0.14575299620628357
    ],
    [
      0.10743572562932968,
      0.9925467371940613,
      -0.057519927620887756
    ],
    [
      -0.13902325928211212,
      0.07228422909975052,
      0.9876474738121033
    ]
  ],
  "position": [
    2.492025852203369,
    -2.544302463531494,
    -0.3633490204811096
  ],
  "focal_length": 1481.450439453125,
  "principal_point": [
    566.6854248046875,
    1031.048828125
  ],
  "skew": 0.0,
  "pixel_aspect_ratio": 1.00845468044281,
  "radial_distortion": [
    0.1271735429763794,
    -0.21105742454528809,
    0.0
  ],
  "tangential_distortion": [
    0.0030499822460114956,
    0.008128720335662365
  ],
  "image_size": [
    1072,
    1920
  ]
}