{
  "orientation": [
    [
      0.9828697443008423,
      0.18122853338718414,
      -0.03351588174700737
    ],
    [
      -0.1832534670829773,
      0.9803516864776611,
      -0.0729980543255806
    ],
    [
      0.019628020003437996,
      0.07788947969675064,
      0.9967687726020813
    ]
  ],
  "position": [
    -2.0775246620178223,
    -2.361983299255371,
    -1.6181952953338623
  ],
  "focal_length": 1481.450439453125,
  "principal_point": [
    566.6854248046875,
    1031.048828125
  ],
  "skew": 0.0,
  "pixel_aspect_ratio": 1.00845468044281,
  "radial_distortion": [
    0.1271735429763794,
    -0.21105742454528809,
    0.0
  ],
  "tangential_distortion": [
    0.0030499822460114956,
    0.008128720335662365
  ],
  "image_size": [
    1072,
    1920
  ]
}