{
  "orientation": [
    [
      0.9979109764099121,
      -0.0448247455060482,
      0.04652390256524086
    ],
    [
      0.04491608589887619,
      0.9989903569221497,
      -0.0009192093275487423
    ],
    [
      -0.046435728669166565,
      0.003006960730999708,
      0.998916745185852
    ]
  ],
  "position": [
    -0.6342149376869202,
    2.252969980239868,
    0.8116515874862671
  ],
  "focal_length": 1481.450439453125,
  "principal_point": [
    566.6854248046875,
    1031.048828125
  ],
  "skew": 0.0,
  "pixel_aspect_ratio": 1.00845468044281,
  "radial_distortion": [
    0.1271735429763794,
    -0.21105742454528809,
    0.0
  ],
  "tangential_distortion": [
    0.0030499822460114956,
    0.008128720335662365
  ],
  "image_size": [
    1072,
    1920
  ]
}