{
  "orientation": [
    [
      0.9942049980163574,
      -0.08804035931825638,
      0.061687227338552475
    ],
    [
      0.08785966783761978,
      0.9961168766021729,
      0.005640801042318344
    ],
    [
      -0.06194430962204933,
      -0.00018829296459443867,
      0.9980795979499817
    ]
  ],
  "position": [
    0.6920742988586426,
    2.003856897354126,
    0.9671779870986938
  ],
  "focal_length": 1481.450439453125,
  "principal_point": [
    566.6854248046875,
    1031.048828125
  ],
  "skew": 0.0,
  "pixel_aspect_ratio": 1.00845468044281,
  "radial_distortion": [
    0.1271735429763794,
    -0.21105742454528809,
    0.0
  ],
  "tangential_distortion": [
    0.0030499822460114956,
    0.008128720335662365
  ],
  "image_size": [
    1072,
    1920
  ]
}