{
  "orientation": [
    [
      0.997673749923706,
      -0.03754297271370888,
      0.05690037086606026
    ],
    [
      0.045259028673172,
      0.9889696836471558,
      -0.14103388786315918
    ],
    [
      -0.0509779118001461,
      0.14328105747699738,
      0.9883682727813721
    ]
  ],
  "position": [
    0.5455814599990845,
    -3.025519847869873,
    -0.7786856889724731
  ],
  "focal_length": 1481.450439453125,
  "principal_point": [
    566.6854248046875,
    1031.048828125
  ],
  "skew": 0.0,
  "pixel_aspect_ratio": 1.00845468044281,
  "radial_distortion": [
    0.1271735429763794,
    -0.21105742454528809,
    0.0
  ],
  "tangential_distortion": [
    0.0030499822460114956,
    0.008128720335662365
  ],
  "image_size": [
    1072,
    1920
  ]
}