{
  "orientation": [
    [
      0.9864826202392578,
      0.15769465267658234,
      -0.04454678297042847
    ],
    [
      -0.15992704033851624,
      0.9857582449913025,
      -0.05200057476758957
    ],
    [
      0.035712145268917084,
      0.05842189863324165,
      0.9976530075073242
    ]
  ],
  "position": [
    -3.4793808460235596,
    0.8138716220855713,
    -0.6765508651733398
  ],
  "focal_length": 1481.450439453125,
  "principal_point": [
    566.6854248046875,
    1031.048828125
  ],
  "skew": 0.0,
  "pixel_aspect_ratio": 1.00845468044281,
  "radial_distortion": [
    0.1271735429763794,
    -0.21105742454528809,
    0.0
  ],
  "tangential_distortion": [
    0.0030499822460114956,
    0.008128720335662365
  ],
  "image_size": [
    1072,
    1920
  ]
}