{
  "orientation": [
    [
      0.9558148384094238,
      -0.16895350813865662,
      0.2405674308538437
    ],
    [
      0.1766727715730667,
      0.9842112064361572,
      -0.01072680950164795
    ],
    [
      -0.23495683073997498,
      0.05275455862283707,
      0.9705731272697449
    ]
  ],
  "position": [
    4.014492511749268,
    0.6234563589096069,
    1.125673532485962
  ],
  "focal_length": 1481.450439453125,
  "principal_point": [
    566.6854248046875,
    1031.048828125
  ],
  "skew": 0.0,
  "pixel_aspect_ratio": 1.00845468044281,
  "radial_distortion": [
    0.1271735429763794,
    -0.21105742454528809,
    0.0
  ],
  "tangential_distortion": [
    0.0030499822460114956,
    0.008128720335662365
  ],
  "image_size": [
    1072,
    1920
  ]
}