{
  "orientation": [
    [
      0.9719139337539673,
      -0.12143957614898682,
      0.2015831619501114
    ],
    [
      0.1288449913263321,
      0.9913747310638428,
      -0.023980755358934402
    ],
    [
      -0.19693224132061005,
      0.049280211329460144,
      0.9791777729988098
    ]
  ],
  "position": [
    2.9667959213256836,
    -2.339813470840454,
    -0.2454243004322052
  ],
  "focal_length": 1481.450439453125,
  "principal_point": [
    566.6854248046875,
    1031.048828125
  ],
  "skew": 0.0,
  "pixel_aspect_ratio": 1.00845468044281,
  "radial_distortion": [
    0.1271735429763794,
    -0.21105742454528809,
    0.0
  ],
  "tangential_distortion": [
    0.0030499822460114956,
    0.008128720335662365
  ],
  "image_size": [
    1072,
    1920
  ]
}