{
  "orientation": [
    [
      0.9826078414916992,
      0.10225223749876022,
      -0.15500421822071075
    ],
    [
      -0.12147282063961029,
      0.9853066205978394,
      -0.1200634315609932
    ],
    [
      0.14044992625713348,
      0.13680407404899597,
      0.9805908799171448
    ]
  ],
  "position": [
    -2.289057731628418,
    -2.3233282566070557,
    -1.2002397775650024
  ],
  "focal_length": 1481.450439453125,
  "principal_point": [
    566.6854248046875,
    1031.048828125
  ],
  "skew": 0.0,
  "pixel_aspect_ratio": 1.00845468044281,
  "radial_distortion": [
    0.1271735429763794,
    -0.21105742454528809,
    0.0
  ],
  "tangential_distortion": [
    0.0030499822460114956,
    0.008128720335662365
  ],
  "image_size": [
    1072,
    1920
  ]
}