{
  "orientation": [
    [
      0.9571084380149841,
      -0.16989555954933167,
      0.2346889078617096
    ],
    [
      0.17810246348381042,
      0.983911395072937,
      -0.014066317118704319
    ],
    [
      -0.22852328419685364,
      0.05526166409254074,
      0.9719687700271606
    ]
  ],
  "position": [
    3.7583608627319336,
    0.8679503798484802,
    1.1442159414291382
  ],
  "focal_length": 1481.450439453125,
  "principal_point": [
    566.6854248046875,
    1031.048828125
  ],
  "skew": 0.0,
  "pixel_aspect_ratio": 1.00845468044281,
  "radial_distortion": [
    0.1271735429763794,
    -0.21105742454528809,
    0.0
  ],
  "tangential_distortion": [
    0.0030499822460114956,
    0.008128720335662365
  ],
  "image_size": [
    1072,
    1920
  ]
}