{
  "orientation": [
    [
      0.9965657591819763,
      -0.05046989396214485,
      0.0656467080116272
    ],
    [
      0.058983445167541504,
      0.989089846611023,
      -0.13498961925506592
    ],
    [
      -0.0581175833940506,
      0.13839809596538544,
      0.9886699914932251
    ]
  ],
  "position": [
    0.951373815536499,
    -3.0067551136016846,
    -0.7527703642845154
  ],
  "focal_length": 1481.450439453125,
  "principal_point": [
    566.6854248046875,
    1031.048828125
  ],
  "skew": 0.0,
  "pixel_aspect_ratio": 1.00845468044281,
  "radial_distortion": [
    0.1271735429763794,
    -0.21105742454528809,
    0.0
  ],
  "tangential_distortion": [
    0.0030499822460114956,
    0.008128720335662365
  ],
  "image_size": [
    1072,
    1920
  ]
}