{
  "orientation": [
    [
      0.9547052979469299,
      -0.16950154304504395,
      0.24455474317073822
    ],
    [
      0.17290598154067993,
      0.9849086999893188,
      0.007643573451787233
    ],
    [
      -0.24215969443321228,
      0.03498762100934982,
      0.9696053862571716
    ]
  ],
  "position": [
    4.2602996826171875,
    -1.084066390991211,
    0.5104677081108093
  ],
  "focal_length": 1481.450439453125,
  "principal_point": [
    566.6854248046875,
    1031.048828125
  ],
  "skew": 0.0,
  "pixel_aspect_ratio": 1.00845468044281,
  "radial_distortion": [
    0.1271735429763794,
    -0.21105742454528809,
    0.0
  ],
  "tangential_distortion": [
    0.0030499822460114956,
    0.008128720335662365
  ],
  "image_size": [
    1072,
    1920
  ]
}