{
  "orientation": [
    [
      0.9759413599967957,
      0.12317406386137009,
      -0.17990730702877045
    ],
    [
      -0.14379610121250153,
      0.9838662147521973,
      -0.10644242912530899
    ],
    [
      0.16389377415180206,
      0.1297515332698822,
      0.977907657623291
    ]
  ],
  "position": [
    -3.003905773162842,
    -2.1185872554779053,
    -1.3582311868667603
  ],
  "focal_length": 1481.450439453125,
  "principal_point": [
    566.6854248046875,
    1031.048828125
  ],
  "skew": 0.0,
  "pixel_aspect_ratio": 1.00845468044281,
  "radial_distortion": [
    0.1271735429763794,
    -0.21105742454528809,
    0.0
  ],
  "tangential_distortion": [
    0.0030499822460114956,
    0.008128720335662365
  ],
  "image_size": [
    1072,
    1920
  ]
}