{
  "orientation": [
    [
      0.9624102115631104,
      -0.14693360030651093,
      0.22842304408550262
    ],
    [
      0.15278290212154388,
      0.9882270693778992,
      -0.008037934079766273
    ],
    [
      -0.22455279529094696,
      0.04263492301106453,
      0.9735288023948669
    ]
  ],
  "position": [
    3.432833194732666,
    -2.018662214279175,
    -0.09833886474370956
  ],
  "focal_length": 1481.450439453125,
  "principal_point": [
    566.6854248046875,
    1031.048828125
  ],
  "skew": 0.0,
  "pixel_aspect_ratio": 1.00845468044281,
  "radial_distortion": [
    0.1271735429763794,
    -0.21105742454528809,
    0.0
  ],
  "tangential_distortion": [
    0.0030499822460114956,
    0.008128720335662365
  ],
  "image_size": [
    1072,
    1920
  ]
}