{
  "orientation": [
    [
      0.9909871220588684,
      0.133818119764328,
      -0.006105872802436352
    ],
    [
      -0.13395680487155914,
      0.9900818467140198,
      -0.042349494993686676
    ],
    [
      0.00037818425334990025,
      0.042785726487636566,
      0.9990841746330261
    ]
  ],
  "position": [
    -1.1700981855392456,
    -2.790959119796753,
    -1.7947856187820435
  ],
  "focal_length": 1481.450439453125,
  "principal_point": [
    566.6854248046875,
    1031.048828125
  ],
  "skew": 0.0,
  "pixel_aspect_ratio": 1.00845468044281,
  "radial_distortion": [
    0.1271735429763794,
    -0.21105742454528809,
    0.0
  ],
  "tangential_distortion": [
    0.0030499822460114956,
    0.008128720335662365
  ],
  "image_size": [
    1072,
    1920
  ]
}