{
  "orientation": [
    [
      0.9581263661384583,
      -0.20410223305225372,
      0.20083852112293243
    ],
    [
      0.20302298665046692,
      0.9788238406181335,
      0.026182539761066437
    ],
    [
      -0.2019294649362564,
      0.015688655897974968,
      0.9792743921279907
    ]
  ],
  "position": [
    3.17667818069458,
    -1.82625412940979,
    -0.39433079957962036
  ],
  "focal_length": 1481.450439453125,
  "principal_point": [
    566.6854248046875,
    1031.048828125
  ],
  "skew": 0.0,
  "pixel_aspect_ratio": 1.00845468044281,
  "radial_distortion": [
    0.1271735429763794,
    -0.21105742454528809,
    0.0
  ],
  "tangential_distortion": [
    0.0030499822460114956,
    0.008128720335662365
  ],
  "image_size": [
    1072,
    1920
  ]
}