{
  "orientation": [
    [
      0.977394163608551,
      0.20784614980220795,
      -0.0387379489839077
    ],
    [
      -0.20999884605407715,
      0.9756131768226624,
      -0.06387010961771011
    ],
    [
      0.024518094956874847,
      0.07056120038032532,
      0.9972060918807983
    ]
  ],
  "position": [
    -3.4434711933135986,
    -0.0567079521715641,
    -1.0409597158432007
  ],
  "focal_length": 1481.450439453125,
  "principal_point": [
    566.6854248046875,
    1031.048828125
  ],
  "skew": 0.0,
  "pixel_aspect_ratio": 1.00845468044281,
  "radial_distortion": [
    0.1271735429763794,
    -0.21105742454528809,
    0.0
  ],
  "tangential_distortion": [
    0.0030499822460114956,
    0.008128720335662365
  ],
  "image_size": [
    1072,
    1920
  ]
}