{
  "orientation": [
    [
      0.9543972015380859,
      -0.1708056777715683,
      0.24484984576702118
    ],
    [
      0.17779360711574554,
      0.9840459823608398,
      -0.0065554059110581875
    ],
    [
      -0.23982380330562592,
      0.049789201468229294,
      0.9695388674736023
    ]
  ],
  "position": [
    4.221012115478516,
    0.34770286083221436,
    1.0682096481323242
  ],
  "focal_length": 1481.450439453125,
  "principal_point": [
    566.6854248046875,
    1031.048828125
  ],
  "skew": 0.0,
  "pixel_aspect_ratio": 1.00845468044281,
  "radial_distortion": [
    0.1271735429763794,
    -0.21105742454528809,
    0.0
  ],
  "tangential_distortion": [
    0.0030499822460114956,
    0.008128720335662365
  ],
  "image_size": [
    1072,
    1920
  ]
}