{
  "orientation": [
    [
      0.9761965274810791,
      0.21280847489833832,
      -0.0418672077357769
    ],
    [
      -0.2155250906944275,
      0.9734227061271667,
      -0.07744120806455612
    ],
    [
      0.024274345487356186,
      0.08462127298116684,
      0.9961174726486206
    ]
  ],
  "position": [
    -3.3669235706329346,
    -0.6463931798934937,
    -1.1924571990966797
  ],
  "focal_length": 1481.450439453125,
  "principal_point": [
    566.6854248046875,
    1031.048828125
  ],
  "skew": 0.0,
  "pixel_aspect_ratio": 1.00845468044281,
  "radial_distortion": [
    0.1271735429763794,
    -0.21105742454528809,
    0.0
  ],
  "tangential_distortion": [
    0.0030499822460114956,
    0.008128720335662365
  ],
  "image_size": [
    1072,
    1920
  ]
}