{
  "orientation": [
    [
      0.9998522996902466,
      0.0018819548422470689,
      0.017084434628486633
    ],
    [
      -0.0018031769432127476,
      0.9999876618385315,
      -0.004625322762876749
    ],
    [
      -0.017092930153012276,
      0.004593833349645138,
      0.9998433589935303
    ]
  ],
  "position": [
    -2.7611050605773926,
    1.8949469327926636,
    0.0982598066329956
  ],
  "focal_length": 1481.450439453125,
  "principal_point": [
    566.6854248046875,
    1031.048828125
  ],
  "skew": 0.0,
  "pixel_aspect_ratio": 1.00845468044281,
  "radial_distortion": [
    0.1271735429763794,
    -0.21105742454528809,
    0.0
  ],
  "tangential_distortion": [
    0.0030499822460114956,
    0.008128720335662365
  ],
  "image_size": [
    1072,
    1920
  ]
}