{
  "orientation": [
    [
      0.9972360134124756,
      0.06540609896183014,
      0.03524692356586456
    ],
    [
      -0.06480362266302109,
      0.9977361559867859,
      -0.017973842099308968
    ],
    [
      -0.03634272888302803,
      0.015640035271644592,
      0.9992169737815857
    ]
  ],
  "position": [
    0.09360650926828384,
    -2.987116575241089,
    -1.8052366971969604
  ],
  "focal_length": 1481.450439453125,
  "principal_point": [
    566.6854248046875,
    1031.048828125
  ],
  "skew": 0.0,
  "pixel_aspect_ratio": 1.00845468044281,
  "radial_distortion": [
    0.1271735429763794,
    -0.21105742454528809,
    0.0
  ],
  "tangential_distortion": [
    0.0030499822460114956,
    0.008128720335662365
  ],
  "image_size": [
    1072,
    1920
  ]
}