{
  "orientation": [
    [
      0.9775500893592834,
      0.20576263964176178,
      -0.04536091908812523
    ],
    [
      -0.20880189538002014,
      0.9748700261116028,
      -0.0776543840765953
    ],
    [
      0.028242629021406174,
      0.08538249135017395,
      0.9959478974342346
    ]
  ],
  "position": [
    -2.727308750152588,
    -1.854533314704895,
    -1.5489997863769531
  ],
  "focal_length": 1481.450439453125,
  "principal_point": [
    566.6854248046875,
    1031.048828125
  ],
  "skew": 0.0,
  "pixel_aspect_ratio": 1.00845468044281,
  "radial_distortion": [
    0.1271735429763794,
    -0.21105742454528809,
    0.0
  ],
  "tangential_distortion": [
    0.0030499822460114956,
    0.008128720335662365
  ],
  "image_size": [
    1072,
    1920
  ]
}