{
  "orientation": [
    [
      0.9984418749809265,
      -0.029634734615683556,
      0.04728278890252113
    ],
    [
      0.02988685667514801,
      0.9995425343513489,
      -0.00463406927883625
    ],
    [
      -0.047123830765485764,
      0.006039982195943594,
      0.9988707900047302
    ]
  ],
  "position": [
    -1.3972843885421753,
    2.2960898876190186,
    0.72107994556427
  ],
  "focal_length": 1481.450439453125,
  "principal_point": [
    566.6854248046875,
    1031.048828125
  ],
  "skew": 0.0,
  "pixel_aspect_ratio": 1.00845468044281,
  "radial_distortion": [
    0.1271735429763794,
    -0.21105742454528809,
    0.0
  ],
  "tangential_distortion": [
    0.0030499822460114956,
    0.008128720335662365
  ],
  "image_size": [
    1072,
    1920
  ]
}