{
  "orientation": [
    [
      0.960590660572052,
      -0.19483162462711334,
      0.1982579380273819
    ],
    [
      0.19336055219173431,
      0.9807576537132263,
      0.026946112513542175
    ],
    [
      -0.19969293475151062,
      0.012451077811419964,
      0.9797794222831726
    ]
  ],
  "position": [
    2.973208427429199,
    -2.017878293991089,
    -0.6042104363441467
  ],
  "focal_length": 1481.450439453125,
  "principal_point": [
    566.6854248046875,
    1031.048828125
  ],
  "skew": 0.0,
  "pixel_aspect_ratio": 1.00845468044281,
  "radial_distortion": [
    0.1271735429763794,
    -0.21105742454528809,
    0.0
  ],
  "tangential_distortion": [
    0.0030499822460114956,
    0.008128720335662365
  ],
  "image_size": [
    1072,
    1920
  ]
}