{
  "orientation": [
    [
      0.9789369702339172,
      0.19989418983459473,
      -0.041530344635248184
    ],
    [
      -0.20259183645248413,
      0.9762805104255676,
      -0.07637356966733932
    ],
    [
      0.02527862973511219,
      0.08317861706018448,
      0.996213972568512
    ]
  ],
  "position": [
    -2.4969351291656494,
    -2.020237922668457,
    -1.5658469200134277
  ],
  "focal_length": 1481.450439453125,
  "principal_point": [
    566.6854248046875,
    1031.048828125
  ],
  "skew": 0.0,
  "pixel_aspect_ratio": 1.00845468044281,
  "radial_distortion": [
    0.1271735429763794,
    -0.21105742454528809,
    0.0
  ],
  "tangential_distortion": [
    0.0030499822460114956,
    0.008128720335662365
  ],
  "image_size": [
    1072,
    1920
  ]
}