{
  "orientation": [
    [
      0.9976511597633362,
      0.06751792132854462,
      -0.011553323827683926
    ],
    [
      -0.06775428354740143,
      0.9974711537361145,
      -0.02146230638027191
    ],
    [
      0.010075016878545284,
      0.02219468168914318,
      0.9997029304504395
    ]
  ],
  "position": [
    -3.137681245803833,
    1.4910759925842285,
    -0.3148506283760071
  ],
  "focal_length": 1481.450439453125,
  "principal_point": [
    566.6854248046875,
    1031.048828125
  ],
  "skew": 0.0,
  "pixel_aspect_ratio": 1.00845468044281,
  "radial_distortion": [
    0.1271735429763794,
    -0.21105742454528809,
    0.0
  ],
  "tangential_distortion": [
    0.0030499822460114956,
    0.008128720335662365
  ],
  "image_size": [
    1072,
    1920
  ]
}