{
  "orientation": [
    [
      0.9543530344963074,
      -0.17091618478298187,
      0.24494485557079315
    ],
    [
      0.17469383776187897,
      0.9846020936965942,
      0.0063885413110256195
    ],
    [
      -0.24226512014865875,
      0.03669343143701553,
      0.9695159792900085
    ]
  ],
  "position": [
    4.362378120422363,
    -0.8316375613212585,
    0.6564738154411316
  ],
  "focal_length": 1481.450439453125,
  "principal_point": [
    566.6854248046875,
    1031.048828125
  ],
  "skew": 0.0,
  "pixel_aspect_ratio": 1.00845468044281,
  "radial_distortion": [
    0.1271735429763794,
    -0.21105742454528809,
    0.0
  ],
  "tangential_distortion": [
    0.0030499822460114956,
    0.008128720335662365
  ],
  "image_size": [
    1072,
    1920
  ]
}