{
  "orientation": [
    [
      0.9959176182746887,
      0.0877043753862381,
      0.02135562337934971
    ],
    [
      -0.08722934126853943,
      0.9959398508071899,
      -0.02224455587565899
    ],
    [
      -0.023219861090183258,
      0.020290907472372055,
      0.9995244741439819
    ]
  ],
  "position": [
    -0.3683379292488098,
    -2.9707469940185547,
    -1.8296592235565186
  ],
  "focal_length": 1481.450439453125,
  "principal_point": [
    566.6854248046875,
    1031.048828125
  ],
  "skew": 0.0,
  "pixel_aspect_ratio": 1.00845468044281,
  "radial_distortion": [
    0.1271735429763794,
    -0.21105742454528809,
    0.0
  ],
  "tangential_distortion": [
    0.0030499822460114956,
    0.008128720335662365
  ],
  "image_size": [
    1072,
    1920
  ]
}