{
  "orientation": [
    [
      0.9805949330329895,
      0.1912996768951416,
      -0.04287140443921089
    ],
    [
      -0.19346866011619568,
      0.9796218276023865,
      -0.0539533831179142
    ],
    [
      0.03167649731040001,
      0.061200689524412155,
      0.9976227283477783
    ]
  ],
  "position": [
    -3.469831943511963,
    0.4468499720096588,
    -0.8142594695091248
  ],
  "focal_length": 1481.450439453125,
  "principal_point": [
    566.6854248046875,
    1031.048828125
  ],
  "skew": 0.0,
  "pixel_aspect_ratio": 1.00845468044281,
  "radial_distortion": [
    0.1271735429763794,
    -0.21105742454528809,
    0.0
  ],
  "tangential_distortion": [
    0.0030499822460114956,
    0.008128720335662365
  ],
  "image_size": [
    1072,
    1920
  ]
}