{
  "orientation": [
    [
      0.9789833426475525,
      0.11397978663444519,
      -0.16911602020263672
    ],
    [
      -0.13415595889091492,
      0.9844863414764404,
      -0.1130874902009964
    ],
    [
      0.1536027193069458,
      0.13339868187904358,
      0.9790868163108826
    ]
  ],
  "position": [
    -2.6321072578430176,
    -2.226043701171875,
    -1.2768042087554932
  ],
  "focal_length": 1481.450439453125,
  "principal_point": [
    566.6854248046875,
    1031.048828125
  ],
  "skew": 0.0,
  "pixel_aspect_ratio": 1.00845468044281,
  "radial_distortion": [
    0.1271735429763794,
    -0.21105742454528809,
    0.0
  ],
  "tangential_distortion": [
    0.0030499822460114956,
    0.008128720335662365
  ],
  "image_size": [
    1072,
    1920
  ]
}