{
  "orientation": [
    [
      0.9563042521476746,
      -0.21082721650600433,
      0.2025686502456665
    ],
    [
      0.21013781428337097,
      0.9773480892181396,
      0.02515636943280697
    ],
    [
      -0.20328372716903687,
      0.01851019077003002,
      0.9789448976516724
    ]
  ],
  "position": [
    3.332465171813965,
    -1.5855650901794434,
    -0.16374088823795319
  ],
  "focal_length": 1481.450439453125,
  "principal_point": [
    566.6854248046875,
    1031.048828125
  ],
  "skew": 0.0,
  "pixel_aspect_ratio": 1.00845468044281,
  "radial_distortion": [
    0.1271735429763794,
    -0.21105742454528809,
    0.0
  ],
  "tangential_distortion": [
    0.0030499822460114956,
    0.008128720335662365
  ],
  "image_size": [
    1072,
    1920
  ]
}