{
  "orientation": [
    [
      0.9645669460296631,
      -0.18223066627979279,
      0.19079451262950897
    ],
    [
      0.18036171793937683,
      0.9832223653793335,
      0.027266565710306168
    ],
    [
      -0.19256222248077393,
      0.00811159610748291,
      0.9812512397766113
    ]
  ],
  "position": [
    2.7119855880737305,
    -2.115159511566162,
    -0.6738537549972534
  ],
  "focal_length": 1481.450439453125,
  "principal_point": [
    566.6854248046875,
    1031.048828125
  ],
  "skew": 0.0,
  "pixel_aspect_ratio": 1.00845468044281,
  "radial_distortion": [
    0.1271735429763794,
    -0.21105742454528809,
    0.0
  ],
  "tangential_distortion": [
    0.0030499822460114956,
    0.008128720335662365
  ],
  "image_size": [
    1072,
    1920
  ]
}