{
  "orientation": [
    [
      0.9752100110054016,
      0.21661889553070068,
      -0.04518537223339081
    ],
    [
      -0.21966883540153503,
      0.9723120331764221,
      -0.07971794903278351
    ],
    [
      0.026665864512324333,
      0.0876675546169281,
      0.995792806148529
    ]
  ],
  "position": [
    -2.8741109371185303,
    -1.6562089920043945,
    -1.4922316074371338
  ],
  "focal_length": 1481.450439453125,
  "principal_point": [
    566.6854248046875,
    1031.048828125
  ],
  "skew": 0.0,
  "pixel_aspect_ratio": 1.00845468044281,
  "radial_distortion": [
    0.1271735429763794,
    -0.21105742454528809,
    0.0
  ],
  "tangential_distortion": [
    0.0030499822460114956,
    0.008128720335662365
  ],
  "image_size": [
    1072,
    1920
  ]
}