{
  "orientation": [
    [
      0.9934120774269104,
      0.11427444964647293,
      0.008589591830968857
    ],
    [
      -0.11396348476409912,
      0.9930121898651123,
      -0.030644366517663002
    ],
    [
      -0.012031437829136848,
      0.02946358360350132,
      0.999493420124054
    ]
  ],
  "position": [
    -0.7484745979309082,
    -2.9086661338806152,
    -1.8518860340118408
  ],
  "focal_length": 1481.450439453125,
  "principal_point": [
    566.6854248046875,
    1031.048828125
  ],
  "skew": 0.0,
  "pixel_aspect_ratio": 1.00845468044281,
  "radial_distortion": [
    0.1271735429763794,
    -0.21105742454528809,
    0.0
  ],
  "tangential_distortion": [
    0.0030499822460114956,
    0.008128720335662365
  ],
  "image_size": [
    1072,
    1920
  ]
}