{
  "orientation": [
    [
      0.9853578805923462,
      -0.14104267954826355,
      0.09579546004533768
    ],
    [
      0.14128445088863373,
      0.9899597764015198,
      0.004288705065846443
    ],
    [
      -0.09543853998184204,
      0.009308498352766037,
      0.9953917860984802
    ]
  ],
  "position": [
    2.234405517578125,
    1.6114758253097534,
    0.8057254552841187
  ],
  "focal_length": 1481.450439453125,
  "principal_point": [
    566.6854248046875,
    1031.048828125
  ],
  "skew": 0.0,
  "pixel_aspect_ratio": 1.00845468044281,
  "radial_distortion": [
    0.1271735429763794,
    -0.21105742454528809,
    0.0
  ],
  "tangential_distortion": [
    0.0030499822460114956,
    0.008128720335662365
  ],
  "image_size": [
    1072,
    1920
  ]
}