{
  "orientation": [
    [
      0.9886094927787781,
      0.14477196335792542,
      -0.04113752022385597
    ],
    [
      -0.14676538109779358,
      0.9878833889961243,
      -0.050460923463106155
    ],
    [
      0.03333374857902527,
      0.055923715233802795,
      0.9978784322738647
    ]
  ],
  "position": [
    -3.42981219291687,
    0.975138783454895,
    -0.6257789731025696
  ],
  "focal_length": 1481.450439453125,
  "principal_point": [
    566.6854248046875,
    1031.048828125
  ],
  "skew": 0.0,
  "pixel_aspect_ratio": 1.00845468044281,
  "radial_distortion": [
    0.1271735429763794,
    -0.21105742454528809,
    0.0
  ],
  "tangential_distortion": [
    0.0030499822460114956,
    0.008128720335662365
  ],
  "image_size": [
    1072,
    1920
  ]
}