{
  "orientation": [
    [
      0.9739763736724854,
      0.1285763382911682,
      -0.18664991855621338
    ],
    [
      -0.14914770424365997,
      0.9836778044700623,
      -0.10066249221563339
    ],
    [
      0.1706605702638626,
      0.12588129937648773,
      0.9772557616233826
    ]
  ],
  "position": [
    -3.3013710975646973,
    -1.9575506448745728,
    -1.3345506191253662
  ],
  "focal_length": 1481.450439453125,
  "principal_point": [
    566.6854248046875,
    1031.048828125
  ],
  "skew": 0.0,
  "pixel_aspect_ratio": 1.00845468044281,
  "radial_distortion": [
    0.1271735429763794,
    -0.21105742454528809,
    0.0
  ],
  "tangential_distortion": [
    0.0030499822460114956,
    0.008128720335662365
  ],
  "image_size": [
    1072,
    1920
  ]
}