{
  "orientation": [
    [
      0.9912909269332886,
      0.07512101531028748,
      -0.1081627830862999
    ],
    [
      -0.08987113833427429,
      0.986250638961792,
      -0.13868261873722076
    ],
    [
      0.09625764191150665,
      0.14719551801681519,
      0.9844124913215637
    ]
  ],
  "position": [
    -1.6229116916656494,
    -2.472712516784668,
    -0.9557626843452454
  ],
  "focal_length": 1481.450439453125,
  "principal_point": [
    566.6854248046875,
    1031.048828125
  ],
  "skew": 0.0,
  "pixel_aspect_ratio": 1.00845468044281,
  "radial_distortion": [
    0.1271735429763794,
    -0.21105742454528809,
    0.0
  ],
  "tangential_distortion": [
    0.0030499822460114956,
    0.008128720335662365
  ],
  "image_size": [
    1072,
    1920
  ]
}