{
  "orientation": [
    [
      0.9986670613288879,
      -0.02489813044667244,
      0.045212630182504654
    ],
    [
      0.02512241341173649,
      0.9996746778488159,
      -0.0043991198763251305
    ],
    [
      -0.04508839175105095,
      0.005529106594622135,
      0.998967707157135
    ]
  ],
  "position": [
    -1.746518611907959,
    2.263155937194824,
    0.6197088360786438
  ],
  "focal_length": 1481.450439453125,
  "principal_point": [
    566.6854248046875,
    1031.048828125
  ],
  "skew": 0.0,
  "pixel_aspect_ratio": 1.00845468044281,
  "radial_distortion": [
    0.1271735429763794,
    -0.21105742454528809,
    0.0
  ],
  "tangential_distortion": [
    0.0030499822460114956,
    0.008128720335662365
  ],
  "image_size": [
    1072,
    1920
  ]
}