{
  "orientation": [
    [
      0.9994080662727356,
      0.026329386979341507,
      -0.022142017260193825
    ],
    [
      -0.029385434463620186,
      0.988024115562439,
      -0.15147539973258972
    ],
    [
      0.017888592556118965,
      0.1520363986492157,
      0.9882130026817322
    ]
  ],
  "position": [
    -0.8036826848983765,
    -2.6118340492248535,
    -0.6577196717262268
  ],
  "focal_length": 1481.450439453125,
  "principal_point": [
    566.6854248046875,
    1031.048828125
  ],
  "skew": 0.0,
  "pixel_aspect_ratio": 1.00845468044281,
  "radial_distortion": [
    0.1271735429763794,
    -0.21105742454528809,
    0.0
  ],
  "tangential_distortion": [
    0.0030499822460114956,
    0.008128720335662365
  ],
  "image_size": [
    1072,
    1920
  ]
}