{
  "orientation": [
    [
      0.9890968203544617,
      -0.0887148380279541,
      0.11754664033651352
    ],
    [
      0.09756506979465485,
      0.9926358461380005,
      -0.07179930806159973
    ],
    [
      -0.1103113442659378,
      0.0824849084019661,
      0.9904683828353882
    ]
  ],
  "position": [
    2.1772546768188477,
    -2.539823532104492,
    -0.3698960840702057
  ],
  "focal_length": 1481.450439453125,
  "principal_point": [
    566.6854248046875,
    1031.048828125
  ],
  "skew": 0.0,
  "pixel_aspect_ratio": 1.00845468044281,
  "radial_distortion": [
    0.1271735429763794,
    -0.21105742454528809,
    0.0
  ],
  "tangential_distortion": [
    0.0030499822460114956,
    0.008128720335662365
  ],
  "image_size": [
    1072,
    1920
  ]
}