{
  "orientation": [
    [
      0.9883119463920593,
      -0.1268945336341858,
      0.08448231220245361
    ],
    [
      0.12685804069042206,
      0.9919037818908691,
      0.0058218794874846935
    ],
    [
      -0.0845370888710022,
      0.0049634273163974285,
      0.9964079856872559
    ]
  ],
  "position": [
    1.8939837217330933,
    1.7175239324569702,
    0.909506618976593
  ],
  "focal_length": 1481.450439453125,
  "principal_point": [
    566.6854248046875,
    1031.048828125
  ],
  "skew": 0.0,
  "pixel_aspect_ratio": 1.00845468044281,
  "radial_distortion": [
    0.1271735429763794,
    -0.21105742454528809,
    0.0
  ],
  "tangential_distortion": [
    0.0030499822460114956,
    0.008128720335662365
  ],
  "image_size": [
    1072,
    1920
  ]
}