{
  "orientation": [
    [
      0.9730548858642578,
      -0.1667526662349701,
      0.15924113988876343
    ],
    [
      0.17178428173065186,
      0.9849650859832764,
      -0.01827407069504261
    ],
    [
      -0.15379971265792847,
      0.045136794447898865,
      0.9870705604553223
    ]
  ],
  "position": [
    2.8889901638031006,
    1.2486716508865356,
    0.5634186267852783
  ],
  "focal_length": 1481.450439453125,
  "principal_point": [
    566.6854248046875,
    1031.048828125
  ],
  "skew": 0.0,
  "pixel_aspect_ratio": 1.00845468044281,
  "radial_distortion": [
    0.1271735429763794,
    -0.21105742454528809,
    0.0
  ],
  "tangential_distortion": [
    0.0030499822460114956,
    0.008128720335662365
  ],
  "image_size": [
    1072,
    1920
  ]
}