{
  "orientation": [
    [
      0.9957313537597656,
      -0.07501866668462753,
      0.053770795464515686
    ],
    [
      0.07490815967321396,
      0.9971821308135986,
      0.004070510156452656
    ],
    [
      -0.053924642503261566,
      -2.5263072529924102e-05,
      0.9985449910163879
    ]
  ],
  "position": [
    0.23514987528324127,
    2.102051258087158,
    0.9220625758171082
  ],
  "focal_length": 1481.450439453125,
  "principal_point": [
    566.6854248046875,
    1031.048828125
  ],
  "skew": 0.0,
  "pixel_aspect_ratio": 1.00845468044281,
  "radial_distortion": [
    0.1271735429763794,
    -0.21105742454528809,
    0.0
  ],
  "tangential_distortion": [
    0.0030499822460114956,
    0.008128720335662365
  ],
  "image_size": [
    1072,
    1920
  ]
}