{
  "orientation": [
    [
      0.9994637966156006,
      -0.005147233139723539,
      0.032336823642253876
    ],
    [
      0.009804528206586838,
      0.9893000721931458,
      -0.14556510746479034
    ],
    [
      -0.031241564080119133,
      0.14580409228801727,
      0.9888200759887695
    ]
  ],
  "position": [
    -0.19846031069755554,
    -2.8273048400878906,
    -0.7026465535163879
  ],
  "focal_length": 1481.450439453125,
  "principal_point": [
    566.6854248046875,
    1031.048828125
  ],
  "skew": 0.0,
  "pixel_aspect_ratio": 1.00845468044281,
  "radial_distortion": [
    0.1271735429763794,
    -0.21105742454528809,
    0.0
  ],
  "tangential_distortion": [
    0.0030499822460114956,
    0.008128720335662365
  ],
  "image_size": [
    1072,
    1920
  ]
}