{
  "orientation": [
    [
      0.9976328015327454,
      -0.013628358952701092,
      0.06740213185548782
    ],
    [
      0.014203332364559174,
      0.9998666644096375,
      -0.008058632723987103
    ],
    [
      -0.06728331744670868,
      0.008996890857815742,
      0.9976933598518372
    ]
  ],
  "position": [
    1.2894232273101807,
    -2.814385414123535,
    -1.5203286409378052
  ],
  "focal_length": 1481.450439453125,
  "principal_point": [
    566.6854248046875,
    1031.048828125
  ],
  "skew": 0.0,
  "pixel_aspect_ratio": 1.00845468044281,
  "radial_distortion": [
    0.1271735429763794,
    -0.21105742454528809,
    0.0
  ],
  "tangential_distortion": [
    0.0030499822460114956,
    0.008128720335662365
  ],
  "image_size": [
    1072,
    1920
  ]
}