{
  "orientation": [
    [
      0.9946050643920898,
      0.10145048052072525,
      -0.021647503599524498
    ],
    [
      -0.10227496176958084,
      0.9939039945602417,
      -0.04116661846637726
    ],
    [
      0.01733916811645031,
      0.04315852373838425,
      0.9989177584648132
    ]
  ],
  "position": [
    -3.1771037578582764,
    1.3969632387161255,
    -0.3729429841041565
  ],
  "focal_length": 1481.450439453125,
  "principal_point": [
    566.6854248046875,
    1031.048828125
  ],
  "skew": 0.0,
  "pixel_aspect_ratio": 1.00845468044281,
  "radial_distortion": [
    0.1271735429763794,
    -0.21105742454528809,
    0.0
  ],
  "tangential_distortion": [
    0.0030499822460114956,
    0.008128720335662365
  ],
  "image_size": [
    1072,
    1920
  ]
}