{
  "orientation": [
    [
      0.9766743183135986,
      0.21127595007419586,
      -0.038336947560310364
    ],
    [
      -0.21355091035366058,
      0.97437584400177,
      -0.070623978972435
    ],
    [
      0.02243344858288765,
      0.07716351747512817,
      0.9967660307884216
    ]
  ],
  "position": [
    -3.396951913833618,
    -0.3371008038520813,
    -1.0711158514022827
  ],
  "focal_length": 1481.450439453125,
  "principal_point": [
    566.6854248046875,
    1031.048828125
  ],
  "skew": 0.0,
  "pixel_aspect_ratio": 1.00845468044281,
  "radial_distortion": [
    0.1271735429763794,
    -0.21105742454528809,
    0.0
  ],
  "tangential_distortion": [
    0.0030499822460114956,
    0.008128720335662365
  ],
  "image_size": [
    1072,
    1920
  ]
}