{
  "orientation": [
    [
      0.9552637338638306,
      -0.1679314821958542,
      0.24345487356185913
    ],
    [
      0.1711272895336151,
      0.9852154850959778,
      0.008120590820908546
    ],
    [
      -0.24121920764446259,
      0.03390446677803993,
      0.9698782563209534
    ]
  ],
  "position": [
    4.099116325378418,
    -1.3328644037246704,
    0.3413388133049011
  ],
  "focal_length": 1481.450439453125,
  "principal_point": [
    566.6854248046875,
    1031.048828125
  ],
  "skew": 0.0,
  "pixel_aspect_ratio": 1.00845468044281,
  "radial_distortion": [
    0.1271735429763794,
    -0.21105742454528809,
    0.0
  ],
  "tangential_distortion": [
    0.0030499822460114956,
    0.008128720335662365
  ],
  "image_size": [
    1072,
    1920
  ]
}