{
  "orientation": [
    [
      0.9534050822257996,
      -0.21372078359127045,
      0.2129371017217636
    ],
    [
      0.21478311717510223,
      0.9764882326126099,
      0.018411649391055107
    ],
    [
      -0.21186552941799164,
      0.0281815342605114,
      0.9768924117088318
    ]
  ],
  "position": [
    3.416503667831421,
    -0.6684417724609375,
    0.5917398929595947
  ],
  "focal_length": 1481.450439453125,
  "principal_point": [
    566.6854248046875,
    1031.048828125
  ],
  "skew": 0.0,
  "pixel_aspect_ratio": 1.00845468044281,
  "radial_distortion": [
    0.1271735429763794,
    -0.21105742454528809,
    0.0
  ],
  "tangential_distortion": [
    0.0030499822460114956,
    0.008128720335662365
  ],
  "image_size": [
    1072,
    1920
  ]
}