{
  "orientation": [
    [
      0.9863638877868652,
      -0.1080847978591919,
      0.12411259859800339
    ],
    [
      0.10762792825698853,
      0.9941368699073792,
      0.010400033555924892
    ],
    [
      -0.12450899928808212,
      0.0030997651629149914,
      0.9922136664390564
    ]
  ],
  "position": [
    2.290743827819824,
    -2.321658134460449,
    -0.8542980551719666
  ],
  "focal_length": 1481.450439453125,
  "principal_point": [
    566.6854248046875,
    1031.048828125
  ],
  "skew": 0.0,
  "pixel_aspect_ratio": 1.00845468044281,
  "radial_distortion": [
    0.1271735429763794,
    -0.21105742454528809,
    0.0
  ],
  "tangential_distortion": [
    0.0030499822460114956,
    0.008128720335662365
  ],
  "image_size": [
    1072,
    1920
  ]
}