{
  "orientation": [
    [
      0.9957642555236816,
      -0.05678997188806534,
      0.07230765372514725
    ],
    [
      0.06573759019374847,
      0.9895835518836975,
      -0.12807385623455048
    ],
    [
      -0.0642811581492424,
      0.13228470087051392,
      0.9891251921653748
    ]
  ],
  "position": [
    1.3522104024887085,
    -2.990619421005249,
    -0.7410873174667358
  ],
  "focal_length": 1481.450439453125,
  "principal_point": [
    566.6854248046875,
    1031.048828125
  ],
  "skew": 0.0,
  "pixel_aspect_ratio": 1.00845468044281,
  "radial_distortion": [
    0.1271735429763794,
    -0.21105742454528809,
    0.0
  ],
  "tangential_distortion": [
    0.0030499822460114956,
    0.008128720335662365
  ],
  "image_size": [
    1072,
    1920
  ]
}