{
  "orientation": [
    [
      0.9530505537986755,
      -0.17507879436016083,
      0.24706684052944183
    ],
    [
      0.17987926304340363,
      0.9836835265159607,
      0.003189787734299898
    ],
    [
      -0.24359405040740967,
      0.041402172297239304,
      0.9689931869506836
    ]
  ],
  "position": [
    4.442861080169678,
    -0.23257561028003693,
    0.8649420142173767
  ],
  "focal_length": 1481.450439453125,
  "principal_point": [
    566.6854248046875,
    1031.048828125
  ],
  "skew": 0.0,
  "pixel_aspect_ratio": 1.00845468044281,
  "radial_distortion": [
    0.1271735429763794,
    -0.21105742454528809,
    0.0
  ],
  "tangential_distortion": [
    0.0030499822460114956,
    0.008128720335662365
  ],
  "image_size": [
    1072,
    1920
  ]
}