{
  "orientation": [
    [
      0.9993281364440918,
      0.036481913179159164,
      -0.003517894307151437
    ],
    [
      -0.03651881217956543,
      0.9992716908454895,
      -0.011067904531955719
    ],
    [
      0.003111553844064474,
      0.011188937351107597,
      0.999932587146759
    ]
  ],
  "position": [
    -3.0795111656188965,
    1.6263885498046875,
    -0.20594851672649384
  ],
  "focal_length": 1481.450439453125,
  "principal_point": [
    566.6854248046875,
    1031.048828125
  ],
  "skew": 0.0,
  "pixel_aspect_ratio": 1.00845468044281,
  "radial_distortion": [
    0.1271735429763794,
    -0.21105742454528809,
    0.0
  ],
  "tangential_distortion": [
    0.0030499822460114956,
    0.008128720335662365
  ],
  "image_size": [
    1072,
    1920
  ]
}