{
  "orientation": [
    [
      0.9996514916419983,
      -0.008624712936580181,
      0.02495032176375389
    ],
    [
      0.008718849159777164,
      0.9999552965164185,
      -0.003666626289486885
    ],
    [
      -0.02491758204996586,
      0.0038828866090625525,
      0.9996819496154785
    ]
  ],
  "position": [
    -2.5739803314208984,
    2.009601593017578,
    0.22573909163475037
  ],
  "focal_length": 1481.450439453125,
  "principal_point": [
    566.6854248046875,
    1031.048828125
  ],
  "skew": 0.0,
  "pixel_aspect_ratio": 1.00845468044281,
  "radial_distortion": [
    0.1271735429763794,
    -0.21105742454528809,
    0.0
  ],
  "tangential_distortion": [
    0.0030499822460114956,
    0.008128720335662365
  ],
  "image_size": [
    1072,
    1920
  ]
}