{
  "orientation": [
    [
      0.9982423782348633,
      -0.036885570734739304,
      0.04638507217168808
    ],
    [
      0.037088457494974136,
      0.999305784702301,
      -0.0035206731408834457
    ],
    [
      -0.04622301086783409,
      0.005234836135059595,
      0.9989174008369446
    ]
  ],
  "position": [
    -1.0345442295074463,
    2.285078525543213,
    0.7452548146247864
  ],
  "focal_length": 1481.450439453125,
  "principal_point": [
    566.6854248046875,
    1031.048828125
  ],
  "skew": 0.0,
  "pixel_aspect_ratio": 1.00845468044281,
  "radial_distortion": [
    0.1271735429763794,
    -0.21105742454528809,
    0.0
  ],
  "tangential_distortion": [
    0.0030499822460114956,
    0.008128720335662365
  ],
  "image_size": [
    1072,
    1920
  ]
}