{
  "orientation": [
    [
      0.9731754660606384,
      0.22594532370567322,
      -0.0433388277888298
    ],
    [
      -0.2288270741701126,
      0.9701223969459534,
      -0.08062716573476791
    ],
    [
      0.023826634511351585,
      0.08838147670030594,
      0.9958016872406006
    ]
  ],
  "position": [
    -2.9871697425842285,
    -1.4430683851242065,
    -1.40116548538208
  ],
  "focal_length": 1481.450439453125,
  "principal_point": [
    566.6854248046875,
    1031.048828125
  ],
  "skew": 0.0,
  "pixel_aspect_ratio": 1.00845468044281,
  "radial_distortion": [
    0.1271735429763794,
    -0.21105742454528809,
    0.0
  ],
  "tangential_distortion": [
    0.0030499822460114956,
    0.008128720335662365
  ],
  "image_size": [
    1072,
    1920
  ]
}