{
  "orientation": [
    [
      0.9982978105545044,
      0.03684091940522194,
      0.0452127605676651
    ],
    [
      -0.0362098254263401,
      0.9992361068725586,
      -0.014699148945510387
    ],
    [
      -0.045719753950834274,
      0.013036983087658882,
      0.9988692402839661
    ]
  ],
  "position": [
    0.5014093518257141,
    -2.9614784717559814,
    -1.7352360486984253
  ],
  "focal_length": 1481.450439453125,
  "principal_point": [
    566.6854248046875,
    1031.048828125
  ],
  "skew": 0.0,
  "pixel_aspect_ratio": 1.00845468044281,
  "radial_distortion": [
    0.1271735429763794,
    -0.21105742454528809,
    0.0
  ],
  "tangential_distortion": [
    0.0030499822460114956,
    0.008128720335662365
  ],
  "image_size": [
    1072,
    1920
  ]
}