{
  "orientation": [
    [
      0.9993137717247009,
      -0.016279488801956177,
      0.033271729946136475
    ],
    [
      0.01640801690518856,
      0.9998589158058167,
      -0.003593622939661145
    ],
    [
      -0.03320853039622307,
      0.004137079697102308,
      0.9994398951530457
    ]
  ],
  "position": [
    -2.330547332763672,
    2.108910322189331,
    0.34516793489456177
  ],
  "focal_length": 1481.450439453125,
  "principal_point": [
    566.6854248046875,
    1031.048828125
  ],
  "skew": 0.0,
  "pixel_aspect_ratio": 1.00845468044281,
  "radial_distortion": [
    0.1271735429763794,
    -0.21105742454528809,
    0.0
  ],
  "tangential_distortion": [
    0.0030499822460114956,
    0.008128720335662365
  ],
  "image_size": [
    1072,
    1920
  ]
}