{
  "orientation": [
    [
      0.9721905589103699,
      0.22944612801074982,
      -0.04690408334136009
    ],
    [
      -0.23257219791412354,
      0.9694172143936157,
      -0.07836131751537323
    ],
    [
      0.027489924803376198,
      0.08709071576595306,
      0.9958209991455078
    ]
  ],
  "position": [
    -3.092040777206421,
    -1.2499077320098877,
    -1.3647853136062622
  ],
  "focal_length": 1481.450439453125,
  "principal_point": [
    566.6854248046875,
    1031.048828125
  ],
  "skew": 0.0,
  "pixel_aspect_ratio": 1.00845468044281,
  "radial_distortion": [
    0.1271735429763794,
    -0.21105742454528809,
    0.0
  ],
  "tangential_distortion": [
    0.0030499822460114956,
    0.008128720335662365
  ],
  "image_size": [
    1072,
    1920
  ]
}