{
  "orientation": [
    [
      0.9923040866851807,
      0.12010656297206879,
      -0.030116278678178787
    ],
    [
      -0.1214200109243393,
      0.9915149807929993,
      -0.04642390087246895
    ],
    [
      0.024284927174448967,
      0.049723345786333084,
      0.998467743396759
    ]
  ],
  "position": [
    -3.2850821018218994,
    1.2508881092071533,
    -0.45183250308036804
  ],
  "focal_length": 1481.450439453125,
  "principal_point": [
    566.6854248046875,
    1031.048828125
  ],
  "skew": 0.0,
  "pixel_aspect_ratio": 1.00845468044281,
  "radial_distortion": [
    0.1271735429763794,
    -0.21105742454528809,
    0.0
  ],
  "tangential_distortion": [
    0.0030499822460114956,
    0.008128720335662365
  ],
  "image_size": [
    1072,
    1920
  ]
}