{
  "orientation": [
    [
      0.9852270483970642,
      0.16892431676387787,
      -0.028147488832473755
    ],
    [
      -0.17038500308990479,
      0.9834311008453369,
      -0.06190522760152817
    ],
    [
      0.017223816365003586,
      0.06578661501407623,
      0.9976850748062134
    ]
  ],
  "position": [
    -1.811569333076477,
    -2.5239710807800293,
    -1.6877351999282837
  ],
  "focal_length": 1481.450439453125,
  "principal_point": [
    566.6854248046875,
    1031.048828125
  ],
  "skew": 0.0,
  "pixel_aspect_ratio": 1.00845468044281,
  "radial_distortion": [
    0.1271735429763794,
    -0.21105742454528809,
    0.0
  ],
  "tangential_distortion": [
    0.0030499822460114956,
    0.008128720335662365
  ],
  "image_size": [
    1072,
    1920
  ]
}