{
  "orientation": [
    [
      0.9721037745475769,
      0.12998923659324646,
      -0.19523587822914124
    ],
    [
      -0.1506386548280716,
      0.9840254187583923,
      -0.09487850964069366
    ],
    [
      0.1797838807106018,
      0.12164182960987091,
      0.9761562347412109
    ]
  ],
  "position": [
    -3.577498435974121,
    -1.767844557762146,
    -1.322209119796753
  ],
  "focal_length": 1481.450439453125,
  "principal_point": [
    566.6854248046875,
    1031.048828125
  ],
  "skew": 0.0,
  "pixel_aspect_ratio": 1.00845468044281,
  "radial_distortion": [
    0.1271735429763794,
    -0.21105742454528809,
    0.0
  ],
  "tangential_distortion": [
    0.0030499822460114956,
    0.008128720335662365
  ],
  "image_size": [
    1072,
    1920
  ]
}