{
  "orientation": [
    [
      0.9670602679252625,
      -0.13762499392032623,
      0.21413491666316986
    ],
    [
      0.1442054659128189,
      0.9894288182258606,
      -0.015341914258897305
    ],
    [
      -0.20975983142852783,
      0.04571598023176193,
      0.9766836166381836
    ]
  ],
  "position": [
    3.146639585494995,
    -2.135697841644287,
    -0.12833493947982788
  ],
  "focal_length": 1481.450439453125,
  "principal_point": [
    566.6854248046875,
    1031.048828125
  ],
  "skew": 0.0,
  "pixel_aspect_ratio": 1.00845468044281,
  "radial_distortion": [
    0.1271735429763794,
    -0.21105742454528809,
    0.0
  ],
  "tangential_distortion": [
    0.0030499822460114956,
    0.008128720335662365
  ],
  "image_size": [
    1072,
    1920
  ]
}