{
  "orientation": [
    [
      0.9918378591537476,
      -0.08126763254404068,
      0.0982508510351181
    ],
    [
      0.08165071159601212,
      0.9966610074043274,
      0.0001222762803081423
    ],
    [
      -0.09793273359537125,
      0.007900973781943321,
      0.9951616525650024
    ]
  ],
  "position": [
    2.099931240081787,
    -2.5042202472686768,
    -1.0034128427505493
  ],
  "focal_length": 1481.450439453125,
  "principal_point": [
    566.6854248046875,
    1031.048828125
  ],
  "skew": 0.0,
  "pixel_aspect_ratio": 1.00845468044281,
  "radial_distortion": [
    0.1271735429763794,
    -0.21105742454528809,
    0.0
  ],
  "tangential_distortion": [
    0.0030499822460114956,
    0.008128720335662365
  ],
  "image_size": [
    1072,
    1920
  ]
}