{
  "orientation": [
    [
      0.9853876233100891,
      0.07660309225320816,
      -0.15212872624397278
    ],
    [
      -0.08518867194652557,
      0.9950723052024841,
      -0.05073501169681549
    ],
    [
      0.14749263226985931,
      0.06295329332351685,
      0.987057626247406
    ]
  ],
  "position": [
    -3.802521228790283,
    -0.6514156460762024,
    -1.322050929069519
  ],
  "focal_length": 1481.450439453125,
  "principal_point": [
    566.6854248046875,
    1031.048828125
  ],
  "skew": 0.0,
  "pixel_aspect_ratio": 1.00845468044281,
  "radial_distortion": [
    0.1271735429763794,
    -0.21105742454528809,
    0.0
  ],
  "tangential_distortion": [
    0.0030499822460114956,
    0.008128720335662365
  ],
  "image_size": [
    1072,
    1920
  ]
}