{
  "orientation": [
    [
      0.9860193133354187,
      -0.1276213526725769,
      0.107138492166996
    ],
    [
      0.13669468462467194,
      0.9872060418128967,
      -0.0820903405547142
    ],
    [
      -0.09529128670692444,
      0.09558792412281036,
      0.9908493757247925
    ]
  ],
  "position": [
    1.4739547967910767,
    -2.3814659118652344,
    -1.324350357055664
  ],
  "focal_length": 1481.450439453125,
  "principal_point": [
    566.6854248046875,
    1031.048828125
  ],
  "skew": 0.0,
  "pixel_aspect_ratio": 1.00845468044281,
  "radial_distortion": [
    0.1271735429763794,
    -0.21105742454528809,
    0.0
  ],
  "tangential_distortion": [
    0.0030499822460114956,
    0.008128720335662365
  ],
  "image_size": [
    1072,
    1920
  ]
}