{
  "orientation": [
    [
      0.992336630821228,
      0.04367982596158981,
      -0.11558607965707779
    ],
    [
      -0.05070541426539421,
      0.9969955682754517,
      -0.05855587124824524
    ],
    [
      0.11268109828233719,
      0.06396797299385071,
      0.991569995880127
    ]
  ],
  "position": [
    -2.7114417552948,
    -1.0756498575210571,
    -1.3393855094909668
  ],
  "focal_length": 1481.450439453125,
  "principal_point": [
    566.6854248046875,
    1031.048828125
  ],
  "skew": 0.0,
  "pixel_aspect_ratio": 1.00845468044281,
  "radial_distortion": [
    0.1271735429763794,
    -0.21105742454528809,
    0.0
  ],
  "tangential_distortion": [
    0.0030499822460114956,
    0.008128720335662365
  ],
  "image_size": [
    1072,
    1920
  ]
}