{
  "orientation": [
    [
      0.9774138927459717,
      0.09628698974847794,
      -0.18812479078769684
    ],
    [
      -0.10025990754365921,
      0.9948925375938416,
      -0.011695502325892448
    ],
    [
      0.1860378235578537,
      0.03029271960258484,
      0.9820755124092102
    ]
  ],
  "position": [
    -4.302949905395508,
    1.6033765077590942,
    -0.2960827052593231
  ],
  "focal_length": 1481.450439453125,
  "principal_point": [
    566.6854248046875,
    1031.048828125
  ],
  "skew": 0.0,
  "pixel_aspect_ratio": 1.00845468044281,
  "radial_distortion": [
    0.1271735429763794,
    -0.21105742454528809,
    0.0
  ],
  "tangential_distortion": [
    0.0030499822460114956,
    0.008128720335662365
  ],
  "image_size": [
    1072,
    1920
  ]
}