{
  "orientation": [
    [
      0.9301621317863464,
      -0.21703274548053741,
      0.29613372683525085
    ],
    [
      0.23881490528583527,
      0.9702810049057007,
      -0.039015643298625946
    ],
    [
      -0.278865247964859,
      0.10701201856136322,
      0.9543492794036865
    ]
  ],
  "position": [
    4.425817489624023,
    -1.1575182676315308,
    -0.08090778440237045
  ],
  "focal_length": 1481.450439453125,
  "principal_point": [
    566.6854248046875,
    1031.048828125
  ],
  "skew": 0.0,
  "pixel_aspect_ratio": 1.00845468044281,
  "radial_distortion": [
    0.1271735429763794,
    -0.21105742454528809,
    0.0
  ],
  "tangential_distortion": [
    0.0030499822460114956,
    0.008128720335662365
  ],
  "image_size": [
    1072,
    1920
  ]
}