{
  "orientation": [
    [
      0.9871036410331726,
      0.05500989034771919,
      -0.15033388137817383
    ],
    [
      -0.0546431839466095,
      0.9984843134880066,
      0.0065721976570785046
    ],
    [
      0.15046755969524384,
      0.0017272819532081485,
      0.9886134266853333
    ]
  ],
  "position": [
    -3.385573148727417,
    2.4513301849365234,
    0.045611120760440826
  ],
  "focal_length": 1481.450439453125,
  "principal_point": [
    566.6854248046875,
    1031.048828125
  ],
  "skew": 0.0,
  "pixel_aspect_ratio": 1.00845468044281,
  "radial_distortion": [
    0.1271735429763794,
    -0.21105742454528809,
    0.0
  ],
  "tangential_distortion": [
    0.0030499822460114956,
    0.008128720335662365
  ],
  "image_size": [
    1072,
    1920
  ]
}