{
  "orientation": [
    [
      0.9739494919776917,
      -0.1663217693567276,
      0.15414118766784668
    ],
    [
      0.16666141152381897,
      0.9859549403190613,
      0.010808149352669716
    ],
    [
      -0.15377388894557953,
      0.015162795782089233,
      0.9879897236824036
    ]
  ],
  "position": [
    1.8993568420410156,
    1.8852382898330688,
    0.6370110511779785
  ],
  "focal_length": 1481.450439453125,
  "principal_point": [
    566.6854248046875,
    1031.048828125
  ],
  "skew": 0.0,
  "pixel_aspect_ratio": 1.00845468044281,
  "radial_distortion": [
    0.1271735429763794,
    -0.21105742454528809,
    0.0
  ],
  "tangential_distortion": [
    0.0030499822460114956,
    0.008128720335662365
  ],
  "image_size": [
    1072,
    1920
  ]
}