{
  "orientation": [
    [
      0.976547122001648,
      0.06635402143001556,
      -0.20482409000396729
    ],
    [
      -0.06944619119167328,
      0.9975541234016418,
      -0.007937289774417877
    ],
    [
      0.20379644632339478,
      0.02197539061307907,
      0.9787666201591492
    ]
  ],
  "position": [
    -3.1440556049346924,
    1.3832873106002808,
    -0.5240222215652466
  ],
  "focal_length": 1481.450439453125,
  "principal_point": [
    566.6854248046875,
    1031.048828125
  ],
  "skew": 0.0,
  "pixel_aspect_ratio": 1.00845468044281,
  "radial_distortion": [
    0.1271735429763794,
    -0.21105742454528809,
    0.0
  ],
  "tangential_distortion": [
    0.0030499822460114956,
    0.008128720335662365
  ],
  "image_size": [
    1072,
    1920
  ]
}