{
  "orientation": [
    [
      0.9652112722396851,
      0.13938812911510468,
      -0.22121964395046234
    ],
    [
      -0.1606696993112564,
      0.9836599826812744,
      -0.08123001456260681
    ],
    [
      0.20628240704536438,
      0.11394742131233215,
      0.9718351364135742
    ]
  ],
  "position": [
    -3.966641664505005,
    -1.3522669076919556,
    -1.1666780710220337
  ],
  "focal_length": 1481.450439453125,
  "principal_point": [
    566.6854248046875,
    1031.048828125
  ],
  "skew": 0.0,
  "pixel_aspect_ratio": 1.00845468044281,
  "radial_distortion": [
    0.1271735429763794,
    -0.21105742454528809,
    0.0
  ],
  "tangential_distortion": [
    0.0030499822460114956,
    0.008128720335662365
  ],
  "image_size": [
    1072,
    1920
  ]
}