{
  "orientation": [
    [
      0.9925083518028259,
      0.024678105488419533,
      -0.1196587011218071
    ],
    [
      -0.02315366081893444,
      0.9996322989463806,
      0.014113729819655418
    ],
    [
      0.11996300518512726,
      -0.011237457394599915,
      0.9927147626876831
    ]
  ],
  "position": [
    -3.0694611072540283,
    2.494297742843628,
    -0.028520284220576286
  ],
  "focal_length": 1481.450439453125,
  "principal_point": [
    566.6854248046875,
    1031.048828125
  ],
  "skew": 0.0,
  "pixel_aspect_ratio": 1.00845468044281,
  "radial_distortion": [
    0.1271735429763794,
    -0.21105742454528809,
    0.0
  ],
  "tangential_distortion": [
    0.0030499822460114956,
    0.008128720335662365
  ],
  "image_size": [
    1072,
    1920
  ]
}