{
  "orientation": [
    [
      0.9598429203033447,
      -0.19483228027820587,
      0.20184649527072906
    ],
    [
      0.21313561499118805,
      0.9742842316627502,
      -0.07309848815202713
    ],
    [
      -0.18241390585899353,
      0.11318373680114746,
      0.9766855239868164
    ]
  ],
  "position": [
    3.3403966426849365,
    -1.978801965713501,
    -0.7730163335800171
  ],
  "focal_length": 1481.450439453125,
  "principal_point": [
    566.6854248046875,
    1031.048828125
  ],
  "skew": 0.0,
  "pixel_aspect_ratio": 1.00845468044281,
  "radial_distortion": [
    0.1271735429763794,
    -0.21105742454528809,
    0.0
  ],
  "tangential_distortion": [
    0.0030499822460114956,
    0.008128720335662365
  ],
  "image_size": [
    1072,
    1920
  ]
}