{
  "orientation": [
    [
      0.9896475076675415,
      0.05527985841035843,
      -0.13244596123695374
    ],
    [
      -0.06327187269926071,
      0.9963723421096802,
      -0.05691022053360939
    ],
    [
      0.1288195103406906,
      0.06470116227865219,
      0.9895551204681396
    ]
  ],
  "position": [
    -3.0279924869537354,
    -1.0076589584350586,
    -1.4373936653137207
  ],
  "focal_length": 1481.450439453125,
  "principal_point": [
    566.6854248046875,
    1031.048828125
  ],
  "skew": 0.0,
  "pixel_aspect_ratio": 1.00845468044281,
  "radial_distortion": [
    0.1271735429763794,
    -0.21105742454528809,
    0.0
  ],
  "tangential_distortion": [
    0.0030499822460114956,
    0.008128720335662365
  ],
  "image_size": [
    1072,
    1920
  ]
}