{
  "orientation": [
    [
      0.9133988618850708,
      -0.22415415942668915,
      0.3397902846336365
    ],
    [
      0.2570226490497589,
      0.964873194694519,
      -0.05439778417348862
    ],
    [
      -0.3156610429286957,
      0.13702067732810974,
      0.9389267563819885
    ]
  ],
  "position": [
    4.678160190582275,
    -0.12807975709438324,
    0.3881474733352661
  ],
  "focal_length": 1481.450439453125,
  "principal_point": [
    566.6854248046875,
    1031.048828125
  ],
  "skew": 0.0,
  "pixel_aspect_ratio": 1.00845468044281,
  "radial_distortion": [
    0.1271735429763794,
    -0.21105742454528809,
    0.0
  ],
  "tangential_distortion": [
    0.0030499822460114956,
    0.008128720335662365
  ],
  "image_size": [
    1072,
    1920
  ]
}