{
  "orientation": [
    [
      0.9783338904380798,
      0.0917951688170433,
      -0.18557073175907135
    ],
    [
      -0.0953005850315094,
      0.9953979253768921,
      -0.01003968808799982
    ],
    [
      0.18379512429237366,
      0.02750716730952263,
      0.9825796484947205
    ]
  ],
  "position": [
    -4.198266983032227,
    1.8027756214141846,
    -0.19657984375953674
  ],
  "focal_length": 1481.450439453125,
  "principal_point": [
    566.6854248046875,
    1031.048828125
  ],
  "skew": 0.0,
  "pixel_aspect_ratio": 1.00845468044281,
  "radial_distortion": [
    0.1271735429763794,
    -0.21105742454528809,
    0.0
  ],
  "tangential_distortion": [
    0.0030499822460114956,
    0.008128720335662365
  ],
  "image_size": [
    1072,
    1920
  ]
}