{
  "orientation": [
    [
      0.9686822295188904,
      0.08705945312976837,
      -0.2325410544872284
    ],
    [
      -0.09576834738254547,
      0.9950533509254456,
      -0.0264052152633667
    ],
    [
      0.22909192740917206,
      0.04784833639860153,
      0.9722280502319336
    ]
  ],
  "position": [
    -3.5890965461730957,
    1.0372138023376465,
    -0.5598649978637695
  ],
  "focal_length": 1481.450439453125,
  "principal_point": [
    566.6854248046875,
    1031.048828125
  ],
  "skew": 0.0,
  "pixel_aspect_ratio": 1.00845468044281,
  "radial_distortion": [
    0.1271735429763794,
    -0.21105742454528809,
    0.0
  ],
  "tangential_distortion": [
    0.0030499822460114956,
    0.008128720335662365
  ],
  "image_size": [
    1072,
    1920
  ]
}