{
  "orientation": [
    [
      0.9837801456451416,
      -0.1356543004512787,
      0.11736518889665604
    ],
    [
      0.14660747349262238,
      0.985061764717102,
      -0.09033046662807465
    ],
    [
      -0.10335823893547058,
      0.10607193410396576,
      0.9889721274375916
    ]
  ],
  "position": [
    1.8920481204986572,
    -2.5469202995300293,
    -1.4331145286560059
  ],
  "focal_length": 1481.450439453125,
  "principal_point": [
    566.6854248046875,
    1031.048828125
  ],
  "skew": 0.0,
  "pixel_aspect_ratio": 1.00845468044281,
  "radial_distortion": [
    0.1271735429763794,
    -0.21105742454528809,
    0.0
  ],
  "tangential_distortion": [
    0.0030499822460114956,
    0.008128720335662365
  ],
  "image_size": [
    1072,
    1920
  ]
}