{
  "orientation": [
    [
      0.930550754070282,
      -0.2280566394329071,
      0.2864706814289093
    ],
    [
      0.2518955171108246,
      0.966523289680481,
      -0.04879901930689812
    ],
    [
      -0.2657516300678253,
      0.11757063865661621,
      0.9568454623222351
    ]
  ],
  "position": [
    3.8236982822418213,
    1.403394103050232,
    0.9830238819122314
  ],
  "focal_length": 1481.450439453125,
  "principal_point": [
    566.6854248046875,
    1031.048828125
  ],
  "skew": 0.0,
  "pixel_aspect_ratio": 1.00845468044281,
  "radial_distortion": [
    0.1271735429763794,
    -0.21105742454528809,
    0.0
  ],
  "tangential_distortion": [
    0.0030499822460114956,
    0.008128720335662365
  ],
  "image_size": [
    1072,
    1920
  ]
}