{
  "orientation": [
    [
      0.9994941353797913,
      -0.0220841933041811,
      -0.022884653881192207
    ],
    [
      0.02040228433907032,
      0.9972469806671143,
      -0.07128936052322388
    ],
    [
      0.02439602091908455,
      0.07078640162944794,
      0.9971930980682373
    ]
  ],
  "position": [
    -1.3735116720199585,
    -1.6768959760665894,
    -1.5292712450027466
  ],
  "focal_length": 1481.450439453125,
  "principal_point": [
    566.6854248046875,
    1031.048828125
  ],
  "skew": 0.0,
  "pixel_aspect_ratio": 1.00845468044281,
  "radial_distortion": [
    0.1271735429763794,
    -0.21105742454528809,
    0.0
  ],
  "tangential_distortion": [
    0.0030499822460114956,
    0.008128720335662365
  ],
  "image_size": [
    1072,
    1920
  ]
}