{
  "orientation": [
    [
      0.9116831421852112,
      -0.22861270606517792,
      0.3414236903190613
    ],
    [
      0.2616341710090637,
      0.9636914730072021,
      -0.053351134061813354
    ],
    [
      -0.3168303370475769,
      0.13796742260456085,
      0.9383941292762756
    ]
  ],
  "position": [
    4.685077667236328,
    0.08001400530338287,
    0.6063181757926941
  ],
  "focal_length": 1481.450439453125,
  "principal_point": [
    566.6854248046875,
    1031.048828125
  ],
  "skew": 0.0,
  "pixel_aspect_ratio": 1.00845468044281,
  "radial_distortion": [
    0.1271735429763794,
    -0.21105742454528809,
    0.0
  ],
  "tangential_distortion": [
    0.0030499822460114956,
    0.008128720335662365
  ],
  "image_size": [
    1072,
    1920
  ]
}