{
  "orientation": [
    [
      0.9130522012710571,
      -0.24472342431545258,
      0.3262608051300049
    ],
    [
      0.2730843722820282,
      0.961010754108429,
      -0.04339612275362015
    ],
    [
      -0.3029201030731201,
      0.12871965765953064,
      0.944283127784729
    ]
  ],
  "position": [
    4.421054363250732,
    0.7713056206703186,
    1.0277600288391113
  ],
  "focal_length": 1481.450439453125,
  "principal_point": [
    566.6854248046875,
    1031.048828125
  ],
  "skew": 0.0,
  "pixel_aspect_ratio": 1.00845468044281,
  "radial_distortion": [
    0.1271735429763794,
    -0.21105742454528809,
    0.0
  ],
  "tangential_distortion": [
    0.0030499822460114956,
    0.008128720335662365
  ],
  "image_size": [
    1072,
    1920
  ]
}