{
  "orientation": [
    [
      0.981204628944397,
      0.09548570215702057,
      -0.16769003868103027
    ],
    [
      -0.10445579886436462,
      0.9934885501861572,
      -0.045492034405469894
    ],
    [
      0.16225428879261017,
      0.06215319037437439,
      0.9847896099090576
    ]
  ],
  "position": [
    -4.374081134796143,
    0.13240396976470947,
    -0.8746341466903687
  ],
  "focal_length": 1481.450439453125,
  "principal_point": [
    566.6854248046875,
    1031.048828125
  ],
  "skew": 0.0,
  "pixel_aspect_ratio": 1.00845468044281,
  "radial_distortion": [
    0.1271735429763794,
    -0.21105742454528809,
    0.0
  ],
  "tangential_distortion": [
    0.0030499822460114956,
    0.008128720335662365
  ],
  "image_size": [
    1072,
    1920
  ]
}