{
  "orientation": [
    [
      0.966840386390686,
      0.10011184960603714,
      -0.23494099080562592
    ],
    [
      -0.10970716178417206,
      0.9935666918754578,
      -0.028098581358790398
    ],
    [
      0.23061653971672058,
      0.05294154956936836,
      0.9716033935546875
    ]
  ],
  "position": [
    -3.677269220352173,
    0.8537725806236267,
    -0.6426857113838196
  ],
  "focal_length": 1481.450439453125,
  "principal_point": [
    566.6854248046875,
    1031.048828125
  ],
  "skew": 0.0,
  "pixel_aspect_ratio": 1.00845468044281,
  "radial_distortion": [
    0.1271735429763794,
    -0.21105742454528809,
    0.0
  ],
  "tangential_distortion": [
    0.0030499822460114956,
    0.008128720335662365
  ],
  "image_size": [
    1072,
    1920
  ]
}