{
  "orientation": [
    [
      0.986589252948761,
      0.006270311772823334,
      -0.16310209035873413
    ],
    [
      -0.004610659554600716,
      0.9999337196350098,
      0.010552095249295235
    ],
    [
      0.16315744817256927,
      -0.009658575057983398,
      0.9865527749061584
    ]
  ],
  "position": [
    -2.444943428039551,
    1.7872488498687744,
    -0.32978227734565735
  ],
  "focal_length": 1481.450439453125,
  "principal_point": [
    566.6854248046875,
    1031.048828125
  ],
  "skew": 0.0,
  "pixel_aspect_ratio": 1.00845468044281,
  "radial_distortion": [
    0.1271735429763794,
    -0.21105742454528809,
    0.0
  ],
  "tangential_distortion": [
    0.0030499822460114956,
    0.008128720335662365
  ],
  "image_size": [
    1072,
    1920
  ]
}