{
  "orientation": [
    [
      0.9541953206062317,
      0.16296108067035675,
      -0.2509082555770874
    ],
    [
      -0.18198125064373016,
      0.9817956686019897,
      -0.0544070266187191
    ],
    [
      0.23747441172599792,
      0.09757553040981293,
      0.9664806723594666
    ]
  ],
  "position": [
    -4.237490177154541,
    -0.5177425146102905,
    -1.0641114711761475
  ],
  "focal_length": 1481.450439453125,
  "principal_point": [
    566.6854248046875,
    1031.048828125
  ],
  "skew": 0.0,
  "pixel_aspect_ratio": 1.00845468044281,
  "radial_distortion": [
    0.1271735429763794,
    -0.21105742454528809,
    0.0
  ],
  "tangential_distortion": [
    0.0030499822460114956,
    0.008128720335662365
  ],
  "image_size": [
    1072,
    1920
  ]
}