{
  "orientation": [
    [
      0.9841994643211365,
      0.06736503541469574,
      -0.16374769806861877
    ],
    [
      -0.06822896003723145,
      0.9976696372032166,
      0.00034892524126917124
    ],
    [
      0.16338960826396942,
      0.010828923434019089,
      0.9865021705627441
    ]
  ],
  "position": [
    -3.583503484725952,
    2.3772189617156982,
    -0.013315065763890743
  ],
  "focal_length": 1481.450439453125,
  "principal_point": [
    566.6854248046875,
    1031.048828125
  ],
  "skew": 0.0,
  "pixel_aspect_ratio": 1.00845468044281,
  "radial_distortion": [
    0.1271735429763794,
    -0.21105742454528809,
    0.0
  ],
  "tangential_distortion": [
    0.0030499822460114956,
    0.008128720335662365
  ],
  "image_size": [
    1072,
    1920
  ]
}