{
  "orientation": [
    [
      0.9983453750610352,
      0.003771779127418995,
      -0.05737793445587158
    ],
    [
      -0.00732614379376173,
      0.9980577826499939,
      -0.06186295300722122
    ],
    [
      0.05703315883874893,
      0.06218095123767853,
      0.9964340329170227
    ]
  ],
  "position": [
    -1.9561721086502075,
    -1.3728798627853394,
    -1.4290037155151367
  ],
  "focal_length": 1481.450439453125,
  "principal_point": [
    566.6854248046875,
    1031.048828125
  ],
  "skew": 0.0,
  "pixel_aspect_ratio": 1.00845468044281,
  "radial_distortion": [
    0.1271735429763794,
    -0.21105742454528809,
    0.0
  ],
  "tangential_distortion": [
    0.0030499822460114956,
    0.008128720335662365
  ],
  "image_size": [
    1072,
    1920
  ]
}