{
  "orientation": [
    [
      0.9374811053276062,
      -0.21504710614681244,
      0.27364927530288696
    ],
    [
      0.23394449055194855,
      0.9715070724487305,
      -0.03800032287836075
    ],
    [
      -0.25768032670021057,
      0.09964331984519958,
      0.9610785841941833
    ]
  ],
  "position": [
    4.211816310882568,
    -1.3440793752670288,
    -0.18362301588058472
  ],
  "focal_length": 1481.450439453125,
  "principal_point": [
    566.6854248046875,
    1031.048828125
  ],
  "skew": 0.0,
  "pixel_aspect_ratio": 1.00845468044281,
  "radial_distortion": [
    0.1271735429763794,
    -0.21105742454528809,
    0.0
  ],
  "tangential_distortion": [
    0.0030499822460114956,
    0.008128720335662365
  ],
  "image_size": [
    1072,
    1920
  ]
}