{
  "orientation": [
    [
      0.9250909686088562,
      -0.21748654544353485,
      0.31129786372184753
    ],
    [
      0.24250784516334534,
      0.9691710472106934,
      -0.04356006160378456
    ],
    [
      -0.2922271192073822,
      0.11578918993473053,
      0.9493135213851929
    ]
  ],
  "position": [
    4.561800003051758,
    -0.9480760097503662,
    -0.0004097318451385945
  ],
  "focal_length": 1481.450439453125,
  "principal_point": [
    566.6854248046875,
    1031.048828125
  ],
  "skew": 0.0,
  "pixel_aspect_ratio": 1.00845468044281,
  "radial_distortion": [
    0.1271735429763794,
    -0.21105742454528809,
    0.0
  ],
  "tangential_distortion": [
    0.0030499822460114956,
    0.008128720335662365
  ],
  "image_size": [
    1072,
    1920
  ]
}