{
  "orientation": [
    [
      0.9637205600738525,
      -0.18767641484737396,
      0.18978996574878693
    ],
    [
      0.20554445683956146,
      0.9754427075386047,
      -0.07913927733898163
    ],
    [
      -0.17027665674686432,
      0.11527842283248901,
      0.978630006313324
    ]
  ],
  "position": [
    3.0352976322174072,
    -2.0734221935272217,
    -0.8954710960388184
  ],
  "focal_length": 1481.450439453125,
  "principal_point": [
    566.6854248046875,
    1031.048828125
  ],
  "skew": 0.0,
  "pixel_aspect_ratio": 1.00845468044281,
  "radial_distortion": [
    0.1271735429763794,
    -0.21105742454528809,
    0.0
  ],
  "tangential_distortion": [
    0.0030499822460114956,
    0.008128720335662365
  ],
  "image_size": [
    1072,
    1920
  ]
}