{
  "orientation": [
    [
      0.9791604280471802,
      0.048695020377635956,
      -0.19716407358646393
    ],
    [
      -0.04953651875257492,
      0.9987720847129822,
      0.0006645661196671426
    ],
    [
      0.19695432484149933,
      0.009116104803979397,
      0.980370283126831
    ]
  ],
  "position": [
    -3.026982307434082,
    1.485438346862793,
    -0.486904501914978
  ],
  "focal_length": 1481.450439453125,
  "principal_point": [
    566.6854248046875,
    1031.048828125
  ],
  "skew": 0.0,
  "pixel_aspect_ratio": 1.00845468044281,
  "radial_distortion": [
    0.1271735429763794,
    -0.21105742454528809,
    0.0
  ],
  "tangential_distortion": [
    0.0030499822460114956,
    0.008128720335662365
  ],
  "image_size": [
    1072,
    1920
  ]
}