{
  "orientation": [
    [
      0.9953344464302063,
      0.0013672617496922612,
      -0.09647540748119354
    ],
    [
      0.000475295732030645,
      0.999817967414856,
      0.019073162227869034
    ],
    [
      0.09648392349481583,
      -0.019030028954148293,
      0.9951525926589966
    ]
  ],
  "position": [
    -2.813499689102173,
    2.543299436569214,
    0.09975003451108932
  ],
  "focal_length": 1481.450439453125,
  "principal_point": [
    566.6854248046875,
    1031.048828125
  ],
  "skew": 0.0,
  "pixel_aspect_ratio": 1.00845468044281,
  "radial_distortion": [
    0.1271735429763794,
    -0.21105742454528809,
    0.0
  ],
  "tangential_distortion": [
    0.0030499822460114956,
    0.008128720335662365
  ],
  "image_size": [
    1072,
    1920
  ]
}