{
  "orientation": [
    [
      0.996390163898468,
      -0.07105622440576553,
      0.046450648456811905
    ],
    [
      0.07512257248163223,
      0.9928635954856873,
      -0.09261977672576904
    ],
    [
      -0.0395379476249218,
      0.09577492624521255,
      0.9946174621582031
    ]
  ],
  "position": [
    0.45726513862609863,
    -2.1968743801116943,
    -1.4572875499725342
  ],
  "focal_length": 1481.450439453125,
  "principal_point": [
    566.6854248046875,
    1031.048828125
  ],
  "skew": 0.0,
  "pixel_aspect_ratio": 1.00845468044281,
  "radial_distortion": [
    0.1271735429763794,
    -0.21105742454528809,
    0.0
  ],
  "tangential_distortion": [
    0.0030499822460114956,
    0.008128720335662365
  ],
  "image_size": [
    1072,
    1920
  ]
}