{
  "orientation": [
    [
      0.9562988877296448,
      0.14577972888946533,
      -0.2534574866294861
    ],
    [
      -0.16401278972625732,
      0.9850738048553467,
      -0.05224328115582466
    ],
    [
      0.24205833673477173,
      0.0915304645895958,
      0.9659347534179688
    ]
  ],
  "position": [
    -4.047967910766602,
    0.1305839866399765,
    -0.8173156380653381
  ],
  "focal_length": 1481.450439453125,
  "principal_point": [
    566.6854248046875,
    1031.048828125
  ],
  "skew": 0.0,
  "pixel_aspect_ratio": 1.00845468044281,
  "radial_distortion": [
    0.1271735429763794,
    -0.21105742454528809,
    0.0
  ],
  "tangential_distortion": [
    0.0030499822460114956,
    0.008128720335662365
  ],
  "image_size": [
    1072,
    1920
  ]
}