{
  "orientation": [
    [
      0.9688704609870911,
      -0.17783769965171814,
      0.17223182320594788
    ],
    [
      0.19408899545669556,
      0.9775086641311646,
      -0.0825004056096077
    ],
    [
      -0.15368641912937164,
      0.11336050182580948,
      0.9815955758094788
    ]
  ],
  "position": [
    2.748835563659668,
    -2.1677968502044678,
    -0.9818255305290222
  ],
  "focal_length": 1481.450439453125,
  "principal_point": [
    566.6854248046875,
    1031.048828125
  ],
  "skew": 0.0,
  "pixel_aspect_ratio": 1.00845468044281,
  "radial_distortion": [
    0.1271735429763794,
    -0.21105742454528809,
    0.0
  ],
  "tangential_distortion": [
    0.0030499822460114956,
    0.008128720335662365
  ],
  "image_size": [
    1072,
    1920
  ]
}