{
  "orientation": [
    [
      0.9950671792030334,
      -0.012418764643371105,
      -0.09842286258935928
    ],
    [
      0.014150235801935196,
      0.9997568130493164,
      0.016913659870624542
    ],
    [
      0.09818887710571289,
      -0.018222933635115623,
      0.995000958442688
    ]
  ],
  "position": [
    -1.4067081212997437,
    2.0124709606170654,
    0.06339345127344131
  ],
  "focal_length": 1481.450439453125,
  "principal_point": [
    566.6854248046875,
    1031.048828125
  ],
  "skew": 0.0,
  "pixel_aspect_ratio": 1.00845468044281,
  "radial_distortion": [
    0.1271735429763794,
    -0.21105742454528809,
    0.0
  ],
  "tangential_distortion": [
    0.0030499822460114956,
    0.008128720335662365
  ],
  "image_size": [
    1072,
    1920
  ]
}