{
  "orientation": [
    [
      0.9934388995170593,
      -0.0060959248803555965,
      -0.11420169472694397
    ],
    [
      0.007885627448558807,
      0.9998529553413391,
      0.015226222574710846
    ],
    [
      0.11409208923578262,
      -0.016026873141527176,
      0.9933409094810486
    ]
  ],
  "position": [
    -1.6595656871795654,
    1.9889179468154907,
    0.010721966624259949
  ],
  "focal_length": 1481.450439453125,
  "principal_point": [
    566.6854248046875,
    1031.048828125
  ],
  "skew": 0.0,
  "pixel_aspect_ratio": 1.00845468044281,
  "radial_distortion": [
    0.1271735429763794,
    -0.21105742454528809,
    0.0
  ],
  "tangential_distortion": [
    0.0030499822460114956,
    0.008128720335662365
  ],
  "image_size": [
    1072,
    1920
  ]
}