{
  "orientation": [
    [
      0.9181872010231018,
      -0.23641684651374817,
      0.31786680221557617
    ],
    [
      0.26511436700820923,
      0.9629398584365845,
      -0.0496101975440979
    ],
    [
      -0.29435792565345764,
      0.1298225075006485,
      0.9468365907669067
    ]
  ],
  "position": [
    4.219989776611328,
    1.150977611541748,
    1.122398853302002
  ],
  "focal_length": 1481.450439453125,
  "principal_point": [
    566.6854248046875,
    1031.048828125
  ],
  "skew": 0.0,
  "pixel_aspect_ratio": 1.00845468044281,
  "radial_distortion": [
    0.1271735429763794,
    -0.21105742454528809,
    0.0
  ],
  "tangential_distortion": [
    0.0030499822460114956,
    0.008128720335662365
  ],
  "image_size": [
    1072,
    1920
  ]
}