{
  "orientation": [
    [
      0.9783137440681458,
      0.10439170151948929,
      -0.178898423910141
    ],
    [
      -0.11291788518428802,
      0.992872416973114,
      -0.03813043236732483
    ],
    [
      0.1736428141593933,
      0.057504359632730484,
      0.9831283688545227
    ]
  ],
  "position": [
    -4.447723388671875,
    0.5505544543266296,
    -0.6724919080734253
  ],
  "focal_length": 1481.450439453125,
  "principal_point": [
    566.6854248046875,
    1031.048828125
  ],
  "skew": 0.0,
  "pixel_aspect_ratio": 1.00845468044281,
  "radial_distortion": [
    0.1271735429763794,
    -0.21105742454528809,
    0.0
  ],
  "tangential_distortion": [
    0.0030499822460114956,
    0.008128720335662365
  ],
  "image_size": [
    1072,
    1920
  ]
}