{
  "orientation": [
    [
      0.9960011839866638,
      -0.08922027796506882,
      -0.0046182069927453995
    ],
    [
      0.08932104706764221,
      0.9955185055732727,
      0.031058277934789658
    ],
    [
      0.0018264827085658908,
      -0.03134658560156822,
      0.9995068907737732
    ]
  ],
  "position": [
    -0.01169579941779375,
    2.013836622238159,
    0.19929239153862
  ],
  "focal_length": 1481.450439453125,
  "principal_point": [
    566.6854248046875,
    1031.048828125
  ],
  "skew": 0.0,
  "pixel_aspect_ratio": 1.00845468044281,
  "radial_distortion": [
    0.1271735429763794,
    -0.21105742454528809,
    0.0
  ],
  "tangential_distortion": [
    0.0030499822460114956,
    0.008128720335662365
  ],
  "image_size": [
    1072,
    1920
  ]
}