{
  "orientation": [
    [
      0.9965078234672546,
      -0.022766005247831345,
      -0.08033561706542969
    ],
    [
      0.024538522586226463,
      0.9994752407073975,
      0.021145932376384735
    ],
    [
      0.07981204986572266,
      -0.023043405264616013,
      0.9965435266494751
    ]
  ],
  "position": [
    -1.1209567785263062,
    2.0422799587249756,
    0.171126589179039
  ],
  "focal_length": 1481.450439453125,
  "principal_point": [
    566.6854248046875,
    1031.048828125
  ],
  "skew": 0.0,
  "pixel_aspect_ratio": 1.00845468044281,
  "radial_distortion": [
    0.1271735429763794,
    -0.21105742454528809,
    0.0
  ],
  "tangential_distortion": [
    0.0030499822460114956,
    0.008128720335662365
  ],
  "image_size": [
    1072,
    1920
  ]
}