{
  "orientation": [
    [
      0.9582093358039856,
      0.14209076762199402,
      -0.2482842206954956
    ],
    [
      -0.15909813344478607,
      0.9860096573829651,
      -0.049727123230695724
    ],
    [
      0.23774486780166626,
      0.08715055137872696,
      0.9674100279808044
    ]
  ],
  "position": [
    -3.893784761428833,
    0.34358784556388855,
    -0.8535825610160828
  ],
  "focal_length": 1481.450439453125,
  "principal_point": [
    566.6854248046875,
    1031.048828125
  ],
  "skew": 0.0,
  "pixel_aspect_ratio": 1.00845468044281,
  "radial_distortion": [
    0.1271735429763794,
    -0.21105742454528809,
    0.0
  ],
  "tangential_distortion": [
    0.0030499822460114956,
    0.008128720335662365
  ],
  "image_size": [
    1072,
    1920
  ]
}