{
  "orientation": [
    [
      0.9824681878089905,
      0.08990715444087982,
      -0.1633184254169464
    ],
    [
      -0.0988830029964447,
      0.9939565658569336,
      -0.04767131060361862
    ],
    [
      0.1580454260110855,
      0.06298496574163437,
      0.9854210019111633
    ]
  ],
  "position": [
    -4.284889221191406,
    -0.08890047669410706,
    -0.9802389144897461
  ],
  "focal_length": 1481.450439453125,
  "principal_point": [
    566.6854248046875,
    1031.048828125
  ],
  "skew": 0.0,
  "pixel_aspect_ratio": 1.00845468044281,
  "radial_distortion": [
    0.1271735429763794,
    -0.21105742454528809,
    0.0
  ],
  "tangential_distortion": [
    0.0030499822460114956,
    0.008128720335662365
  ],
  "image_size": [
    1072,
    1920
  ]
}