{
  "orientation": [
    [
      0.9979208111763,
      -0.05212348327040672,
      0.03790977969765663
    ],
    [
      0.05495777726173401,
      0.995435357093811,
      -0.07802616059780121
    ],
    [
      -0.033669739961624146,
      0.07994736731052399,
      0.9962303042411804
    ]
  ],
  "position": [
    0.3213331401348114,
    -1.8428653478622437,
    -1.2536678314208984
  ],
  "focal_length": 1481.450439453125,
  "principal_point": [
    566.6854248046875,
    1031.048828125
  ],
  "skew": 0.0,
  "pixel_aspect_ratio": 1.00845468044281,
  "radial_distortion": [
    0.1271735429763794,
    -0.21105742454528809,
    0.0
  ],
  "tangential_distortion": [
    0.0030499822460114956,
    0.008128720335662365
  ],
  "image_size": [
    1072,
    1920
  ]
}