{
  "orientation": [
    [
      0.9554491639137268,
      -0.2022884637117386,
      0.21493327617645264
    ],
    [
      0.21987128257751465,
      0.9736158847808838,
      -0.0610634982585907
    ],
    [
      -0.19691000878810883,
      0.10560072213411331,
      0.9747178554534912
    ]
  ],
  "position": [
    3.565030336380005,
    -1.8413485288619995,
    -0.6190858483314514
  ],
  "focal_length": 1481.450439453125,
  "principal_point": [
    566.6854248046875,
    1031.048828125
  ],
  "skew": 0.0,
  "pixel_aspect_ratio": 1.00845468044281,
  "radial_distortion": [
    0.1271735429763794,
    -0.21105742454528809,
    0.0
  ],
  "tangential_distortion": [
    0.0030499822460114956,
    0.008128720335662365
  ],
  "image_size": [
    1072,
    1920
  ]
}