{
  "orientation": [
    [
      0.991627037525177,
      -0.002759537659585476,
      -0.12910541892051697
    ],
    [
      0.004469427280128002,
      0.999906063079834,
      0.012956283986568451
    ],
    [
      0.12905754148960114,
      -0.0134248286485672,
      0.9915462136268616
    ]
  ],
  "position": [
    -1.9563597440719604,
    1.910029649734497,
    -0.13671383261680603
  ],
  "focal_length": 1481.450439453125,
  "principal_point": [
    566.6854248046875,
    1031.048828125
  ],
  "skew": 0.0,
  "pixel_aspect_ratio": 1.00845468044281,
  "radial_distortion": [
    0.1271735429763794,
    -0.21105742454528809,
    0.0
  ],
  "tangential_distortion": [
    0.0030499822460114956,
    0.008128720335662365
  ],
  "image_size": [
    1072,
    1920
  ]
}