{
  "orientation": [
    [
      0.9119958877563477,
      -0.23200514912605286,
      0.33828553557395935
    ],
    [
      0.26382172107696533,
      0.9632418155670166,
      -0.05062961205840111
    ],
    [
      -0.31410443782806396,
      0.13542106747627258,
      0.9396805763244629
    ]
  ],
  "position": [
    4.620508193969727,
    0.3023137152194977,
    0.8242186307907104
  ],
  "focal_length": 1481.450439453125,
  "principal_point": [
    566.6854248046875,
    1031.048828125
  ],
  "skew": 0.0,
  "pixel_aspect_ratio": 1.00845468044281,
  "radial_distortion": [
    0.1271735429763794,
    -0.21105742454528809,
    0.0
  ],
  "tangential_distortion": [
    0.0030499822460114956,
    0.008128720335662365
  ],
  "image_size": [
    1072,
    1920
  ]
}