{
  "orientation": [
    [
      0.9551717638969421,
      0.16422221064567566,
      -0.24632896482944489
    ],
    [
      -0.1834777593612671,
      0.9813578128814697,
      -0.057208191603422165
    ],
    [
      0.23234198987483978,
      0.09983953833580017,
      0.967496395111084
    ]
  ],
  "position": [
    -4.171618938446045,
    -0.7115374207496643,
    -1.124086856842041
  ],
  "focal_length": 1481.450439453125,
  "principal_point": [
    566.6854248046875,
    1031.048828125
  ],
  "skew": 0.0,
  "pixel_aspect_ratio": 1.00845468044281,
  "radial_distortion": [
    0.1271735429763794,
    -0.21105742454528809,
    0.0
  ],
  "tangential_distortion": [
    0.0030499822460114956,
    0.008128720335662365
  ],
  "image_size": [
    1072,
    1920
  ]
}