{
  "orientation": [
    [
      0.9235625267028809,
      -0.22780941426753998,
      0.30843982100486755
    ],
    [
      0.2555096447467804,
      0.9654049873352051,
      -0.05203861743211746
    ],
    [
      -0.28591445088386536,
      0.126870259642601,
      0.9498193860054016
    ]
  ],
  "position": [
    4.034341335296631,
    1.3185534477233887,
    1.2376660108566284
  ],
  "focal_length": 1481.450439453125,
  "principal_point": [
    566.6854248046875,
    1031.048828125
  ],
  "skew": 0.0,
  "pixel_aspect_ratio": 1.00845468044281,
  "radial_distortion": [
    0.1271735429763794,
    -0.21105742454528809,
    0.0
  ],
  "tangential_distortion": [
    0.0030499822460114956,
    0.008128720335662365
  ],
  "image_size": [
    1072,
    1920
  ]
}