{
  "orientation": [
    [
      0.997482180595398,
      -0.06681718677282333,
      -0.02376493811607361
    ],
    [
      0.06754880398511887,
      0.9972203373908997,
      0.03144405037164688
    ],
    [
      0.021597877144813538,
      -0.03297017142176628,
      0.9992229342460632
    ]
  ],
  "position": [
    -0.22294063866138458,
    2.0555763244628906,
    0.2992861866950989
  ],
  "focal_length": 1481.450439453125,
  "principal_point": [
    566.6854248046875,
    1031.048828125
  ],
  "skew": 0.0,
  "pixel_aspect_ratio": 1.00845468044281,
  "radial_distortion": [
    0.1271735429763794,
    -0.21105742454528809,
    0.0
  ],
  "tangential_distortion": [
    0.0030499822460114956,
    0.008128720335662365
  ],
  "image_size": [
    1072,
    1920
  ]
}