{
  "orientation": [
    [
      0.9857698082923889,
      -0.13857528567314148,
      0.09515666961669922
    ],
    [
      0.13616961240768433,
      0.9901891350746155,
      0.0313572883605957
    ],
    [
      -0.09856844693422318,
      -0.017953621223568916,
      0.9949682950973511
    ]
  ],
  "position": [
    1.182177186012268,
    1.9680819511413574,
    0.4193638861179352
  ],
  "focal_length": 1481.450439453125,
  "principal_point": [
    566.6854248046875,
    1031.048828125
  ],
  "skew": 0.0,
  "pixel_aspect_ratio": 1.00845468044281,
  "radial_distortion": [
    0.1271735429763794,
    -0.21105742454528809,
    0.0
  ],
  "tangential_distortion": [
    0.0030499822460114956,
    0.008128720335662365
  ],
  "image_size": [
    1072,
    1920
  ]
}