{
  "orientation": [
    [
      0.9807593822479248,
      -0.15111897885799408,
      0.12358850985765457
    ],
    [
      0.16215592622756958,
      0.9831237196922302,
      -0.08469479531049728
    ],
    [
      -0.10870380699634552,
      0.1031058207154274,
      0.9887126088142395
    ]
  ],
  "position": [
    2.1174914836883545,
    -2.3460161685943604,
    -1.2022815942764282
  ],
  "focal_length": 1481.450439453125,
  "principal_point": [
    566.6854248046875,
    1031.048828125
  ],
  "skew": 0.0,
  "pixel_aspect_ratio": 1.00845468044281,
  "radial_distortion": [
    0.1271735429763794,
    -0.21105742454528809,
    0.0
  ],
  "tangential_distortion": [
    0.0030499822460114956,
    0.008128720335662365
  ],
  "image_size": [
    1072,
    1920
  ]
}