{
  "orientation": [
    [
      0.97391277551651,
      0.06987594068050385,
      -0.2158963531255722
    ],
    [
      -0.075027696788311,
      0.9970570802688599,
      -0.0157488826662302
    ],
    [
      0.2141605168581009,
      0.03153624385595322,
      0.9762892723083496
    ]
  ],
  "position": [
    -3.32216215133667,
    1.2852630615234375,
    -0.49122297763824463
  ],
  "focal_length": 1481.450439453125,
  "principal_point": [
    566.6854248046875,
    1031.048828125
  ],
  "skew": 0.0,
  "pixel_aspect_ratio": 1.00845468044281,
  "radial_distortion": [
    0.1271735429763794,
    -0.21105742454528809,
    0.0
  ],
  "tangential_distortion": [
    0.0030499822460114956,
    0.008128720335662365
  ],
  "image_size": [
    1072,
    1920
  ]
}