{
  "orientation": [
    [
      0.9534435868263245,
      -0.17702607810497284,
      0.24414557218551636
    ],
    [
      0.18646927177906036,
      0.9823316335678101,
      -0.01593153551220894
    ],
    [
      -0.2370116263628006,
      0.06071546673774719,
      0.9696077108383179
    ]
  ],
  "position": [
    3.1445493698120117,
    1.7284765243530273,
    0.899427592754364
  ],
  "focal_length": 1481.450439453125,
  "principal_point": [
    566.6854248046875,
    1031.048828125
  ],
  "skew": 0.0,
  "pixel_aspect_ratio": 1.00845468044281,
  "radial_distortion": [
    0.1271735429763794,
    -0.21105742454528809,
    0.0
  ],
  "tangential_distortion": [
    0.0030499822460114956,
    0.008128720335662365
  ],
  "image_size": [
    1072,
    1920
  ]
}