{
  "orientation": [
    [
      0.9762371182441711,
      0.10399564355611801,
      -0.19012092053890228
    ],
    [
      -0.10988511145114899,
      0.993729293346405,
      -0.02067323587834835
    ],
    [
      0.18677879869937897,
      0.04107343778014183,
      0.9815430045127869
    ]
  ],
  "position": [
    -4.357842445373535,
    1.3686022758483887,
    -0.3928295969963074
  ],
  "focal_length": 1481.450439453125,
  "principal_point": [
    566.6854248046875,
    1031.048828125
  ],
  "skew": 0.0,
  "pixel_aspect_ratio": 1.00845468044281,
  "radial_distortion": [
    0.1271735429763794,
    -0.21105742454528809,
    0.0
  ],
  "tangential_distortion": [
    0.0030499822460114956,
    0.008128720335662365
  ],
  "image_size": [
    1072,
    1920
  ]
}