{
  "orientation": [
    [
      0.9772354364395142,
      0.10575400292873383,
      -0.18392102420330048
    ],
    [
      -0.11416643857955933,
      0.9928186535835266,
      -0.03573787212371826
    ],
    [
      0.17882080376148224,
      0.055921923369169235,
      0.9822911024093628
    ]
  ],
  "position": [
    -4.44635534286499,
    0.7251619696617126,
    -0.5738956332206726
  ],
  "focal_length": 1481.450439453125,
  "principal_point": [
    566.6854248046875,
    1031.048828125
  ],
  "skew": 0.0,
  "pixel_aspect_ratio": 1.00845468044281,
  "radial_distortion": [
    0.1271735429763794,
    -0.21105742454528809,
    0.0
  ],
  "tangential_distortion": [
    0.0030499822460114956,
    0.008128720335662365
  ],
  "image_size": [
    1072,
    1920
  ]
}