{
  "orientation": [
    [
      0.9798919558525085,
      0.1014169231057167,
      -0.17183242738246918
    ],
    [
      -0.11002092808485031,
      0.9930713772773743,
      -0.04128660634160042
    ],
    [
      0.16645470261573792,
      0.05936157703399658,
      0.9842606782913208
    ]
  ],
  "position": [
    -4.39626932144165,
    0.3652312755584717,
    -0.7528275847434998
  ],
  "focal_length": 1481.450439453125,
  "principal_point": [
    566.6854248046875,
    1031.048828125
  ],
  "skew": 0.0,
  "pixel_aspect_ratio": 1.00845468044281,
  "radial_distortion": [
    0.1271735429763794,
    -0.21105742454528809,
    0.0
  ],
  "tangential_distortion": [
    0.0030499822460114956,
    0.008128720335662365
  ],
  "image_size": [
    1072,
    1920
  ]
}