{
  "orientation": [
    [
      0.9669205546379089,
      -0.16691270470619202,
      0.1928853690624237
    ],
    [
      0.17040911316871643,
      0.9853721857070923,
      -0.0015602390049025416
    ],
    [
      -0.18980343639850616,
      0.0343780517578125,
      0.9812200665473938
    ]
  ],
  "position": [
    2.4187095165252686,
    1.858129620552063,
    0.7680926322937012
  ],
  "focal_length": 1481.450439453125,
  "principal_point": [
    566.6854248046875,
    1031.048828125
  ],
  "skew": 0.0,
  "pixel_aspect_ratio": 1.00845468044281,
  "radial_distortion": [
    0.1271735429763794,
    -0.21105742454528809,
    0.0
  ],
  "tangential_distortion": [
    0.0030499822460114956,
    0.008128720335662365
  ],
  "image_size": [
    1072,
    1920
  ]
}