{
  "orientation": [
    [
      0.9800138473510742,
      0.08259405940771103,
      -0.18097251653671265
    ],
    [
      -0.08561138063669205,
      0.9962887763977051,
      -0.008911912329494953
    ],
    [
      0.17956481873989105,
      0.02422710508108139,
      0.983447790145874
    ]
  ],
  "position": [
    -3.9377782344818115,
    2.133330821990967,
    -0.02867034077644348
  ],
  "focal_length": 1481.450439453125,
  "principal_point": [
    566.6854248046875,
    1031.048828125
  ],
  "skew": 0.0,
  "pixel_aspect_ratio": 1.00845468044281,
  "radial_distortion": [
    0.1271735429763794,
    -0.21105742454528809,
    0.0
  ],
  "tangential_distortion": [
    0.0030499822460114956,
    0.008128720335662365
  ],
  "image_size": [
    1072,
    1920
  ]
}