{
  "orientation": [
    [
      0.9898407459259033,
      -0.11232482641935349,
      0.08716900646686554
    ],
    [
      0.11951480060815811,
      0.9894253611564636,
      -0.08218039572238922
    ],
    [
      -0.07701632380485535,
      0.09176348894834518,
      0.9927980303764343
    ]
  ],
  "position": [
    1.1144410371780396,
    -2.338317632675171,
    -1.3540860414505005
  ],
  "focal_length": 1481.450439453125,
  "principal_point": [
    566.6854248046875,
    1031.048828125
  ],
  "skew": 0.0,
  "pixel_aspect_ratio": 1.00845468044281,
  "radial_distortion": [
    0.1271735429763794,
    -0.21105742454528809,
    0.0
  ],
  "tangential_distortion": [
    0.0030499822460114956,
    0.008128720335662365
  ],
  "image_size": [
    1072,
    1920
  ]
}