{
  "orientation": [
    [
      0.9607956409454346,
      0.15074867010116577,
      -0.23269404470920563
    ],
    [
      -0.1719934344291687,
      0.9823322296142578,
      -0.07376758754253387
    ],
    [
      0.21746249496936798,
      0.11089742928743362,
      0.969748318195343
    ]
  ],
  "position": [
    -4.090555667877197,
    -1.1463427543640137,
    -1.1755672693252563
  ],
  "focal_length": 1481.450439453125,
  "principal_point": [
    566.6854248046875,
    1031.048828125
  ],
  "skew": 0.0,
  "pixel_aspect_ratio": 1.00845468044281,
  "radial_distortion": [
    0.1271735429763794,
    -0.21105742454528809,
    0.0
  ],
  "tangential_distortion": [
    0.0030499822460114956,
    0.008128720335662365
  ],
  "image_size": [
    1072,
    1920
  ]
}