{
  "orientation": [
    [
      0.9990901947021484,
      -0.008866902440786362,
      -0.04171556979417801
    ],
    [
      0.006125080399215221,
      0.9978402853012085,
      -0.0654011145234108
    ],
    [
      0.04220537841320038,
      0.06508610397577286,
      0.9969866871833801
    ]
  ],
  "position": [
    -1.6734440326690674,
    -1.4874897003173828,
    -1.4648927450180054
  ],
  "focal_length": 1481.450439453125,
  "principal_point": [
    566.6854248046875,
    1031.048828125
  ],
  "skew": 0.0,
  "pixel_aspect_ratio": 1.00845468044281,
  "radial_distortion": [
    0.1271735429763794,
    -0.21105742454528809,
    0.0
  ],
  "tangential_distortion": [
    0.0030499822460114956,
    0.008128720335662365
  ],
  "image_size": [
    1072,
    1920
  ]
}