{
  "orientation": [
    [
      0.9935476183891296,
      -0.09189814329147339,
      0.06646671146154404
    ],
    [
      0.09748389571905136,
      0.9914841055870056,
      -0.08634915947914124
    ],
    [
      -0.05796535685658455,
      0.09227143973112106,
      0.9940452575683594
    ]
  ],
  "position": [
    0.7268028855323792,
    -2.2272911071777344,
    -1.335718035697937
  ],
  "focal_length": 1481.450439453125,
  "principal_point": [
    566.6854248046875,
    1031.048828125
  ],
  "skew": 0.0,
  "pixel_aspect_ratio": 1.00845468044281,
  "radial_distortion": [
    0.1271735429763794,
    -0.21105742454528809,
    0.0
  ],
  "tangential_distortion": [
    0.0030499822460114956,
    0.008128720335662365
  ],
  "image_size": [
    1072,
    1920
  ]
}