{
  "orientation": [
    [
      0.9496006965637207,
      -0.2103634774684906,
      0.23239129781723022
    ],
    [
      0.22724640369415283,
      0.9726474285125732,
      -0.048125073313713074
    ],
    [
      -0.21591104567050934,
      0.09850969165563583,
      0.9714310169219971
    ]
  ],
  "position": [
    3.711939573287964,
    -1.6694128513336182,
    -0.45048409700393677
  ],
  "focal_length": 1481.450439453125,
  "principal_point": [
    566.6854248046875,
    1031.048828125
  ],
  "skew": 0.0,
  "pixel_aspect_ratio": 1.00845468044281,
  "radial_distortion": [
    0.1271735429763794,
    -0.21105742454528809,
    0.0
  ],
  "tangential_distortion": [
    0.0030499822460114956,
    0.008128720335662365
  ],
  "image_size": [
    1072,
    1920
  ]
}