{
  "orientation": [
    [
      0.9891443848609924,
      0.0024313449393957853,
      -0.14692683517932892
    ],
    [
      -0.0005801749648526311,
      0.9999199509620667,
      0.012640805914998055
    ],
    [
      0.1469458043575287,
      -0.012418339028954506,
      0.9890666007995605
    ]
  ],
  "position": [
    -2.208097219467163,
    1.8563196659088135,
    -0.24611856043338776
  ],
  "focal_length": 1481.450439453125,
  "principal_point": [
    566.6854248046875,
    1031.048828125
  ],
  "skew": 0.0,
  "pixel_aspect_ratio": 1.00845468044281,
  "radial_distortion": [
    0.1271735429763794,
    -0.21105742454528809,
    0.0
  ],
  "tangential_distortion": [
    0.0030499822460114956,
    0.008128720335662365
  ],
  "image_size": [
    1072,
    1920
  ]
}