{
  "orientation": [
    [
      0.9765135049819946,
      0.1049954742193222,
      -0.18814191222190857
    ],
    [
      -0.11306747794151306,
      0.9930501580238342,
      -0.03266759589314461
    ],
    [
      0.18340440094470978,
      0.05317307636141777,
      0.981598436832428
    ]
  ],
  "position": [
    -4.4307708740234375,
    0.9147188067436218,
    -0.49106377363204956
  ],
  "focal_length": 1481.450439453125,
  "principal_point": [
    566.6854248046875,
    1031.048828125
  ],
  "skew": 0.0,
  "pixel_aspect_ratio": 1.00845468044281,
  "radial_distortion": [
    0.1271735429763794,
    -0.21105742454528809,
    0.0
  ],
  "tangential_distortion": [
    0.0030499822460114956,
    0.008128720335662365
  ],
  "image_size": [
    1072,
    1920
  ]
}