{
  "orientation": [
    [
      0.9967488050460815,
      0.015860706567764282,
      -0.07899507135152817
    ],
    [
      -0.020678749307990074,
      0.9979507923126221,
      -0.060552068054676056
    ],
    [
      0.07787279784679413,
      0.061988718807697296,
      0.9950342774391174
    ]
  ],
  "position": [
    -2.22192645072937,
    -1.2794818878173828,
    -1.4142756462097168
  ],
  "focal_length": 1481.450439453125,
  "principal_point": [
    566.6854248046875,
    1031.048828125
  ],
  "skew": 0.0,
  "pixel_aspect_ratio": 1.00845468044281,
  "radial_distortion": [
    0.1271735429763794,
    -0.21105742454528809,
    0.0
  ],
  "tangential_distortion": [
    0.0030499822460114956,
    0.008128720335662365
  ],
  "image_size": [
    1072,
    1920
  ]
}