{
  "orientation": [
    [
      0.9989733099937439,
      -0.04530223831534386,
      -0.00020259935990907252
    ],
    [
      0.0451546385884285,
      0.9960598945617676,
      -0.0763268768787384
    ],
    [
      0.0036595796700567007,
      0.07623936235904694,
      0.9970828294754028
    ]
  ],
  "position": [
    -0.6507420539855957,
    -1.9167230129241943,
    -1.608188509941101
  ],
  "focal_length": 1481.450439453125,
  "principal_point": [
    566.6854248046875,
    1031.048828125
  ],
  "skew": 0.0,
  "pixel_aspect_ratio": 1.00845468044281,
  "radial_distortion": [
    0.1271735429763794,
    -0.21105742454528809,
    0.0
  ],
  "tangential_distortion": [
    0.0030499822460114956,
    0.008128720335662365
  ],
  "image_size": [
    1072,
    1920
  ]
}