{
  "orientation": [
    [
      0.912161648273468,
      -0.24359993636608124,
      0.3295757472515106
    ],
    [
      0.2729026973247528,
      0.9609880447387695,
      -0.04501165822148323
    ],
    [
      -0.3057534992694855,
      0.13100002706050873,
      0.9430555701255798
    ]
  ],
  "position": [
    4.541309833526611,
    0.5230873823165894,
    0.8636546730995178
  ],
  "focal_length": 1481.450439453125,
  "principal_point": [
    566.6854248046875,
    1031.048828125
  ],
  "skew": 0.0,
  "pixel_aspect_ratio": 1.00845468044281,
  "radial_distortion": [
    0.1271735429763794,
    -0.21105742454528809,
    0.0
  ],
  "tangential_distortion": [
    0.0030499822460114956,
    0.008128720335662365
  ],
  "image_size": [
    1072,
    1920
  ]
}