{
  "orientation": [
    [
      0.9760478138923645,
      0.10561061650514603,
      -0.19020283222198486
    ],
    [
      -0.11276356130838394,
      0.9932507276535034,
      -0.027154188603162766
    ],
    [
      0.18605132400989532,
      0.04795173555612564,
      0.9813691973686218
    ]
  ],
  "position": [
    -4.401097297668457,
    1.1328542232513428,
    -0.4432400166988373
  ],
  "focal_length": 1481.450439453125,
  "principal_point": [
    566.6854248046875,
    1031.048828125
  ],
  "skew": 0.0,
  "pixel_aspect_ratio": 1.00845468044281,
  "radial_distortion": [
    0.1271735429763794,
    -0.21105742454528809,
    0.0
  ],
  "tangential_distortion": [
    0.0030499822460114956,
    0.008128720335662365
  ],
  "image_size": [
    1072,
    1920
  ]
}