{
  "orientation": [
    [
      0.9391177296638489,
      -0.21232587099075317,
      0.27013999223709106
    ],
    [
      0.229796901345253,
      0.9726306200027466,
      -0.03439586982131004
    ],
    [
      -0.2554433047771454,
      0.09437910467386246,
      0.9622064828872681
    ]
  ],
  "position": [
    3.4904403686523438,
    1.5538671016693115,
    1.1608002185821533
  ],
  "focal_length": 1481.450439453125,
  "principal_point": [
    566.6854248046875,
    1031.048828125
  ],
  "skew": 0.0,
  "pixel_aspect_ratio": 1.00845468044281,
  "radial_distortion": [
    0.1271735429763794,
    -0.21105742454528809,
    0.0
  ],
  "tangential_distortion": [
    0.0030499822460114956,
    0.008128720335662365
  ],
  "image_size": [
    1072,
    1920
  ]
}