{
  "orientation": [
    [
      0.9685344696044922,
      0.13278713822364807,
      -0.21049609780311584
    ],
    [
      -0.15414072573184967,
      0.9840824604034424,
      -0.08844394981861115
    ],
    [
      0.19540131092071533,
      0.11810703575611115,
      0.9735856652259827
    ]
  ],
  "position": [
    -3.8037960529327393,
    -1.5753027200698853,
    -1.2710264921188354
  ],
  "focal_length": 1481.450439453125,
  "principal_point": [
    566.6854248046875,
    1031.048828125
  ],
  "skew": 0.0,
  "pixel_aspect_ratio": 1.00845468044281,
  "radial_distortion": [
    0.1271735429763794,
    -0.21105742454528809,
    0.0
  ],
  "tangential_distortion": [
    0.0030499822460114956,
    0.008128720335662365
  ],
  "image_size": [
    1072,
    1920
  ]
}