{
  "orientation": [
    [
      0.9845354557037354,
      0.07982081174850464,
      -0.15594430267810822
    ],
    [
      -0.0886179655790329,
      0.9947954416275024,
      -0.0502881295979023
    ],
    [
      0.15111863613128662,
      0.06332991272211075,
      0.9864848852157593
    ]
  ],
  "position": [
    -4.004814147949219,
    -0.49577662348747253,
    -1.2173020839691162
  ],
  "focal_length": 1481.450439453125,
  "principal_point": [
    566.6854248046875,
    1031.048828125
  ],
  "skew": 0.0,
  "pixel_aspect_ratio": 1.00845468044281,
  "radial_distortion": [
    0.1271735429763794,
    -0.21105742454528809,
    0.0
  ],
  "tangential_distortion": [
    0.0030499822460114956,
    0.008128720335662365
  ],
  "image_size": [
    1072,
    1920
  ]
}