{
  "orientation": [
    [
      0.9712566137313843,
      0.08132005482912064,
      -0.22371329367160797
    ],
    [
      -0.08881594240665436,
      0.9957676529884338,
      -0.023633792996406555
    ],
    [
      0.2208445519208908,
      0.04282378405332565,
      0.9743683934211731
    ]
  ],
  "position": [
    -3.4363064765930176,
    1.1704872846603394,
    -0.5640232563018799
  ],
  "focal_length": 1481.450439453125,
  "principal_point": [
    566.6854248046875,
    1031.048828125
  ],
  "skew": 0.0,
  "pixel_aspect_ratio": 1.00845468044281,
  "radial_distortion": [
    0.1271735429763794,
    -0.21105742454528809,
    0.0
  ],
  "tangential_distortion": [
    0.0030499822460114956,
    0.008128720335662365
  ],
  "image_size": [
    1072,
    1920
  ]
}