{
  "orientation": [
    [
      0.9432283043861389,
      -0.21328240633010864,
      0.25461921095848083
    ],
    [
      0.2308763712644577,
      0.972119927406311,
      -0.04097513481974602
    ],
    [
      -0.23878113925457,
      0.09743446856737137,
      0.9661729335784912
    ]
  ],
  "position": [
    3.9988200664520264,
    -1.5365166664123535,
    -0.33180972933769226
  ],
  "focal_length": 1481.450439453125,
  "principal_point": [
    566.6854248046875,
    1031.048828125
  ],
  "skew": 0.0,
  "pixel_aspect_ratio": 1.00845468044281,
  "radial_distortion": [
    0.1271735429763794,
    -0.21105742454528809,
    0.0
  ],
  "tangential_distortion": [
    0.0030499822460114956,
    0.008128720335662365
  ],
  "image_size": [
    1072,
    1920
  ]
}