{
  "orientation": [
    [
      0.9948664307594299,
      0.03033885359764099,
      -0.09654176235198975
    ],
    [
      -0.03619024157524109,
      0.9975751638412476,
      -0.059447549283504486
    ],
    [
      0.09450409561395645,
      0.06263624131679535,
      0.993552029132843
    ]
  ],
  "position": [
    -2.436206579208374,
    -1.1659969091415405,
    -1.3315941095352173
  ],
  "focal_length": 1481.450439453125,
  "principal_point": [
    566.6854248046875,
    1031.048828125
  ],
  "skew": 0.0,
  "pixel_aspect_ratio": 1.00845468044281,
  "radial_distortion": [
    0.1271735429763794,
    -0.21105742454528809,
    0.0
  ],
  "tangential_distortion": [
    0.0030499822460114956,
    0.008128720335662365
  ],
  "image_size": [
    1072,
    1920
  ]
}