{
  "orientation": [
    [
      0.9543060660362244,
      0.15757355093955994,
      -0.2539103329181671
    ],
    [
      -0.176059752702713,
      0.9830231070518494,
      -0.05165776610374451
    ],
    [
      0.24145983159542084,
      0.09400071203708649,
      0.9658473134040833
    ]
  ],
  "position": [
    -4.216263771057129,
    -0.2902757525444031,
    -0.9535711407661438
  ],
  "focal_length": 1481.450439453125,
  "principal_point": [
    566.6854248046875,
    1031.048828125
  ],
  "skew": 0.0,
  "pixel_aspect_ratio": 1.00845468044281,
  "radial_distortion": [
    0.1271735429763794,
    -0.21105742454528809,
    0.0
  ],
  "tangential_distortion": [
    0.0030499822460114956,
    0.008128720335662365
  ],
  "image_size": [
    1072,
    1920
  ]
}