{
  "orientation": [
    [
      0.9799957871437073,
      -0.1562141329050064,
      0.12331017106771469
    ],
    [
      0.15448921918869019,
      0.9877152442932129,
      0.023487888276576996
    ],
    [
      -0.12546446919441223,
      -0.003967940341681242,
      0.9920901656150818
    ]
  ],
  "position": [
    1.5490919351577759,
    1.8934576511383057,
    0.41057470440864563
  ],
  "focal_length": 1481.450439453125,
  "principal_point": [
    566.6854248046875,
    1031.048828125
  ],
  "skew": 0.0,
  "pixel_aspect_ratio": 1.00845468044281,
  "radial_distortion": [
    0.1271735429763794,
    -0.21105742454528809,
    0.0
  ],
  "tangential_distortion": [
    0.0030499822460114956,
    0.008128720335662365
  ],
  "image_size": [
    1072,
    1920
  ]
}