{
  "orientation": [
    [
      0.9976703524589539,
      -0.05118290334939957,
      -0.04510179162025452
    ],
    [
      0.0524638406932354,
      0.9982388615608215,
      0.027689699083566666
    ],
    [
      0.043605122715234756,
      -0.029991405084729195,
      0.998598575592041
    ]
  ],
  "position": [
    -0.5502563118934631,
    2.041077136993408,
    0.236985445022583
  ],
  "focal_length": 1481.450439453125,
  "principal_point": [
    566.6854248046875,
    1031.048828125
  ],
  "skew": 0.0,
  "pixel_aspect_ratio": 1.00845468044281,
  "radial_distortion": [
    0.1271735429763794,
    -0.21105742454528809,
    0.0
  ],
  "tangential_distortion": [
    0.0030499822460114956,
    0.008128720335662365
  ],
  "image_size": [
    1072,
    1920
  ]
}