{
  "orientation": [
    [
      0.9940365552902222,
      -0.10532113909721375,
      0.028262734413146973
    ],
    [
      0.10433018952608109,
      0.9939438700675964,
      0.03450768068432808
    ],
    [
      -0.031725961714982986,
      -0.031353238970041275,
      0.9990047216415405
    ]
  ],
  "position": [
    0.39761629700660706,
    2.038440227508545,
    0.3177949786186218
  ],
  "focal_length": 1481.450439453125,
  "principal_point": [
    566.6854248046875,
    1031.048828125
  ],
  "skew": 0.0,
  "pixel_aspect_ratio": 1.00845468044281,
  "radial_distortion": [
    0.1271735429763794,
    -0.21105742454528809,
    0.0
  ],
  "tangential_distortion": [
    0.0030499822460114956,
    0.008128720335662365
  ],
  "image_size": [
    1072,
    1920
  ]
}