{
  "orientation": [
    [
      0.960580587387085,
      -0.1705765277147293,
      0.21951909363269806
    ],
    [
      0.17689761519432068,
      0.9841851592063904,
      -0.00931822881102562
    ],
    [
      -0.21445795893669128,
      0.04778331518173218,
      0.9755637049674988
    ]
  ],
  "position": [
    2.8344063758850098,
    1.7998583316802979,
    0.8301340937614441
  ],
  "focal_length": 1481.450439453125,
  "principal_point": [
    566.6854248046875,
    1031.048828125
  ],
  "skew": 0.0,
  "pixel_aspect_ratio": 1.00845468044281,
  "radial_distortion": [
    0.1271735429763794,
    -0.21105742454528809,
    0.0
  ],
  "tangential_distortion": [
    0.0030499822460114956,
    0.008128720335662365
  ],
  "image_size": [
    1072,
    1920
  ]
}