{
  "orientation": [
    [
      0.9880449771881104,
      0.06515217572450638,
      -0.1397223174571991
    ],
    [
      -0.07332815229892731,
      0.9958348870277405,
      -0.0541839525103569
    ],
    [
      0.13561014831066132,
      0.06378176063299179,
      0.9887071251869202
    ]
  ],
  "position": [
    -3.2890686988830566,
    -0.9003756642341614,
    -1.4094772338867188
  ],
  "focal_length": 1481.450439453125,
  "principal_point": [
    566.6854248046875,
    1031.048828125
  ],
  "skew": 0.0,
  "pixel_aspect_ratio": 1.00845468044281,
  "radial_distortion": [
    0.1271735429763794,
    -0.21105742454528809,
    0.0
  ],
  "tangential_distortion": [
    0.0030499822460114956,
    0.008128720335662365
  ],
  "image_size": [
    1072,
    1920
  ]
}