{
  "orientation": [
    [
      0.9904050230979919,
      -0.12320573627948761,
      0.06259561330080032
    ],
    [
      0.12156344205141068,
      0.9921477437019348,
      0.029414920136332512
    ],
    [
      -0.06572818011045456,
      -0.02152334526181221,
      0.9976053833961487
    ]
  ],
  "position": [
    0.7927387356758118,
    1.9511648416519165,
    0.23261891305446625
  ],
  "focal_length": 1481.450439453125,
  "principal_point": [
    566.6854248046875,
    1031.048828125
  ],
  "skew": 0.0,
  "pixel_aspect_ratio": 1.00845468044281,
  "radial_distortion": [
    0.1271735429763794,
    -0.21105742454528809,
    0.0
  ],
  "tangential_distortion": [
    0.0030499822460114956,
    0.008128720335662365
  ],
  "image_size": [
    1072,
    1920
  ]
}