{
  "orientation": [
    [
      0.9987301826477051,
      -0.0497988760471344,
      0.007623735815286636
    ],
    [
      0.050258487462997437,
      0.9953290224075317,
      -0.0824270248413086
    ],
    [
      -0.0034833522513508797,
      0.08270551264286041,
      0.996567964553833
    ]
  ],
  "position": [
    -0.26675522327423096,
    -2.0664901733398438,
    -1.6471467018127441
  ],
  "focal_length": 1481.450439453125,
  "principal_point": [
    566.6854248046875,
    1031.048828125
  ],
  "skew": 0.0,
  "pixel_aspect_ratio": 1.00845468044281,
  "radial_distortion": [
    0.1271735429763794,
    -0.21105742454528809,
    0.0
  ],
  "tangential_distortion": [
    0.0030499822460114956,
    0.008128720335662365
  ],
  "image_size": [
    1072,
    1920
  ]
}