{
  "orientation": [
    [
      0.9865317344665527,
      0.07241843640804291,
      -0.14666548371315002
    ],
    [
      -0.08084763586521149,
      0.9953510761260986,
      -0.05234350636601448
    ],
    [
      0.142193004488945,
      0.06349609047174454,
      0.9878003001213074
    ]
  ],
  "position": [
    -3.559386730194092,
    -0.7925061583518982,
    -1.3930699825286865
  ],
  "focal_length": 1481.450439453125,
  "principal_point": [
    566.6854248046875,
    1031.048828125
  ],
  "skew": 0.0,
  "pixel_aspect_ratio": 1.00845468044281,
  "radial_distortion": [
    0.1271735429763794,
    -0.21105742454528809,
    0.0
  ],
  "tangential_distortion": [
    0.0030499822460114956,
    0.008128720335662365
  ],
  "image_size": [
    1072,
    1920
  ]
}