{
  "orientation": [
    [
      0.9463244676589966,
      -0.18843556940555573,
      0.26260626316070557
    ],
    [
      0.20141731202602386,
      0.9792314767837524,
      -0.023168077692389488
    ],
    [
      -0.25278663635253906,
      0.0748179629445076,
      0.9646248817443848
    ]
  ],
  "position": [
    3.388834238052368,
    1.6400104761123657,
    0.970451831817627
  ],
  "focal_length": 1481.450439453125,
  "principal_point": [
    566.6854248046875,
    1031.048828125
  ],
  "skew": 0.0,
  "pixel_aspect_ratio": 1.00845468044281,
  "radial_distortion": [
    0.1271735429763794,
    -0.21105742454528809,
    0.0
  ],
  "tangential_distortion": [
    0.0030499822460114956,
    0.008128720335662365
  ],
  "image_size": [
    1072,
    1920
  ]
}