{
  "orientation": [
    [
      0.9176868200302124,
      -0.2203102558851242,
      0.3306271433830261
    ],
    [
      0.2503603398799896,
      0.9668262004852295,
      -0.050663262605667114
    ],
    [
      -0.3084973394870758,
      0.12926892936229706,
      0.9424006342887878
    ]
  ],
  "position": [
    4.744032382965088,
    -0.4166901409626007,
    0.2443838119506836
  ],
  "focal_length": 1481.450439453125,
  "principal_point": [
    566.6854248046875,
    1031.048828125
  ],
  "skew": 0.0,
  "pixel_aspect_ratio": 1.00845468044281,
  "radial_distortion": [
    0.1271735429763794,
    -0.21105742454528809,
    0.0
  ],
  "tangential_distortion": [
    0.0030499822460114956,
    0.008128720335662365
  ],
  "image_size": [
    1072,
    1920
  ]
}