{
  "orientation": [
    [
      0.9834851622581482,
      0.08537723124027252,
      -0.15958593785762787
    ],
    [
      -0.09419908374547958,
      0.9943691492080688,
      -0.04854387044906616
    ],
    [
      0.15454278886318207,
      0.06277502328157425,
      0.9859897494316101
    ]
  ],
  "position": [
    -4.163867473602295,
    -0.28958192467689514,
    -1.0913041830062866
  ],
  "focal_length": 1481.450439453125,
  "principal_point": [
    566.6854248046875,
    1031.048828125
  ],
  "skew": 0.0,
  "pixel_aspect_ratio": 1.00845468044281,
  "radial_distortion": [
    0.1271735429763794,
    -0.21105742454528809,
    0.0
  ],
  "tangential_distortion": [
    0.0030499822460114956,
    0.008128720335662365
  ],
  "image_size": [
    1072,
    1920
  ]
}