{
  "orientation": [
    [
      0.9974068403244019,
      -0.036860883235931396,
      -0.06181320548057556
    ],
    [
      0.03843148797750473,
      0.998962938785553,
      0.024415066465735435
    ],
    [
      0.0608491413295269,
      -0.026727328076958656,
      0.9977890849113464
    ]
  ],
  "position": [
    -0.8578130006790161,
    2.034475564956665,
    0.20960353314876556
  ],
  "focal_length": 1481.450439453125,
  "principal_point": [
    566.6854248046875,
    1031.048828125
  ],
  "skew": 0.0,
  "pixel_aspect_ratio": 1.00845468044281,
  "radial_distortion": [
    0.1271735429763794,
    -0.21105742454528809,
    0.0
  ],
  "tangential_distortion": [
    0.0030499822460114956,
    0.008128720335662365
  ],
  "image_size": [
    1072,
    1920
  ]
}