{
  "orientation": [
    [
      0.979020357131958,
      0.08877601474523544,
      -0.1834065020084381
    ],
    [
      -0.09192509949207306,
      0.9957277178764343,
      -0.008722718805074692
    ],
    [
      0.18184857070446014,
      0.025399379432201385,
      0.9829984307289124
    ]
  ],
  "position": [
    -4.069631576538086,
    1.980007529258728,
    -0.07932761311531067
  ],
  "focal_length": 1481.450439453125,
  "principal_point": [
    566.6854248046875,
    1031.048828125
  ],
  "skew": 0.0,
  "pixel_aspect_ratio": 1.00845468044281,
  "radial_distortion": [
    0.1271735429763794,
    -0.21105742454528809,
    0.0
  ],
  "tangential_distortion": [
    0.0030499822460114956,
    0.008128720335662365
  ],
  "image_size": [
    1072,
    1920
  ]
}