{
  "orientation": [
    [
      0.9761484861373901,
      -0.1620868742465973,
      0.14443683624267578
    ],
    [
      0.17494255304336548,
      0.981225848197937,
      -0.08118480443954468
    ],
    [
      -0.128566175699234,
      0.10451657325029373,
      0.9861779808998108
    ]
  ],
  "position": [
    2.4863216876983643,
    -2.16609787940979,
    -0.950127124786377
  ],
  "focal_length": 1481.450439453125,
  "principal_point": [
    566.6854248046875,
    1031.048828125
  ],
  "skew": 0.0,
  "pixel_aspect_ratio": 1.00845468044281,
  "radial_distortion": [
    0.1271735429763794,
    -0.21105742454528809,
    0.0
  ],
  "tangential_distortion": [
    0.0030499822460114956,
    0.008128720335662365
  ],
  "image_size": [
    1072,
    1920
  ]
}