{
  "orientation": [
    [
      0.9573654532432556,
      0.15804988145828247,
      -0.2418091744184494
    ],
    [
      -0.17879097163677216,
      0.9816546440124512,
      -0.06624194234609604
    ],
    [
      0.22690355777740479,
      0.10665104538202286,
      0.9680600762367249
    ]
  ],
  "position": [
    -4.168480396270752,
    -0.9325448274612427,
    -1.152113676071167
  ],
  "focal_length": 1481.450439453125,
  "principal_point": [
    566.6854248046875,
    1031.048828125
  ],
  "skew": 0.0,
  "pixel_aspect_ratio": 1.00845468044281,
  "radial_distortion": [
    0.1271735429763794,
    -0.21105742454528809,
    0.0
  ],
  "tangential_distortion": [
    0.0030499822460114956,
    0.008128720335662365
  ],
  "image_size": [
    1072,
    1920
  ]
}