{
  "orientation": [
    [
      0.9820281863212585,
      0.031761884689331055,
      -0.18604251742362976
    ],
    [
      -0.031158754602074623,
      0.9994954466819763,
      0.00616569584235549
    ],
    [
      0.18614448606967926,
      -0.00025803412427194417,
      0.9825223684310913
    ]
  ],
  "position": [
    -2.8599050045013428,
    1.5929616689682007,
    -0.46799609065055847
  ],
  "focal_length": 1481.450439453125,
  "principal_point": [
    566.6854248046875,
    1031.048828125
  ],
  "skew": 0.0,
  "pixel_aspect_ratio": 1.00845468044281,
  "radial_distortion": [
    0.1271735429763794,
    -0.21105742454528809,
    0.0
  ],
  "tangential_distortion": [
    0.0030499822460114956,
    0.008128720335662365
  ],
  "image_size": [
    1072,
    1920
  ]
}