{
  "orientation": [
    [
      0.9648765325546265,
      0.1139969751238823,
      -0.23668122291564941
    ],
    [
      -0.12514647841453552,
      0.9916031956672668,
      -0.032580286264419556
    ],
    [
      0.2309798002243042,
      0.06105577573180199,
      0.9710409641265869
    ]
  ],
  "position": [
    -3.739588975906372,
    0.6714485883712769,
    -0.7036755681037903
  ],
  "focal_length": 1481.450439453125,
  "principal_point": [
    566.6854248046875,
    1031.048828125
  ],
  "skew": 0.0,
  "pixel_aspect_ratio": 1.00845468044281,
  "radial_distortion": [
    0.1271735429763794,
    -0.21105742454528809,
    0.0
  ],
  "tangential_distortion": [
    0.0030499822460114956,
    0.008128720335662365
  ],
  "image_size": [
    1072,
    1920
  ]
}