{
  "orientation": [
    [
      0.9152174592018127,
      -0.24108168482780457,
      0.3228878974914551
    ],
    [
      0.2693803310394287,
      0.9619675278663635,
      -0.045306239277124405
    ],
    [
      -0.29968518018722534,
      0.12844471633434296,
      0.9453521966934204
    ]
  ],
  "position": [
    4.329065799713135,
    0.9905552864074707,
    1.100163459777832
  ],
  "focal_length": 1481.450439453125,
  "principal_point": [
    566.6854248046875,
    1031.048828125
  ],
  "skew": 0.0,
  "pixel_aspect_ratio": 1.00845468044281,
  "radial_distortion": [
    0.1271735429763794,
    -0.21105742454528809,
    0.0
  ],
  "tangential_distortion": [
    0.0030499822460114956,
    0.008128720335662365
  ],
  "image_size": [
    1072,
    1920
  ]
}