{
  "orientation": [
    [
      0.9845585227012634,
      0.015019414946436882,
      -0.17441022396087646
    ],
    [
      -0.013582608662545681,
      0.9998632669448853,
      0.00942885223776102
    ],
    [
      0.17452798783779144,
      -0.006914311554282904,
      0.9846279621124268
    ]
  ],
  "position": [
    -2.670166492462158,
    1.7040964365005493,
    -0.3893235921859741
  ],
  "focal_length": 1481.450439453125,
  "principal_point": [
    566.6854248046875,
    1031.048828125
  ],
  "skew": 0.0,
  "pixel_aspect_ratio": 1.00845468044281,
  "radial_distortion": [
    0.1271735429763794,
    -0.21105742454528809,
    0.0
  ],
  "tangential_distortion": [
    0.0030499822460114956,
    0.008128720335662365
  ],
  "image_size": [
    1072,
    1920
  ]
}