{
  "orientation": [
    [
      0.9618849158287048,
      0.12638406455516815,
      -0.24249640107154846
    ],
    [
      -0.14048297703266144,
      0.9892051219940186,
      -0.04168592393398285
    ],
    [
      0.23461025953292847,
      0.07416367530822754,
      0.9692562818527222
    ]
  ],
  "position": [
    -3.835785388946533,
    0.46195173263549805,
    -0.8276089429855347
  ],
  "focal_length": 1481.450439453125,
  "principal_point": [
    566.6854248046875,
    1031.048828125
  ],
  "skew": 0.0,
  "pixel_aspect_ratio": 1.00845468044281,
  "radial_distortion": [
    0.1271735429763794,
    -0.21105742454528809,
    0.0
  ],
  "tangential_distortion": [
    0.0030499822460114956,
    0.008128720335662365
  ],
  "image_size": [
    1072,
    1920
  ]
}