{
  "orientation": [
    [
      0.9549088478088379,
      0.15219302475452423,
      -0.25492432713508606
    ],
    [
      -0.17064601182937622,
      0.983971357345581,
      -0.05177142098546028
    ],
    [
      0.24295899271965027,
      0.09293881058692932,
      0.9655740857124329
    ]
  ],
  "position": [
    -4.152993679046631,
    -0.07257099449634552,
    -0.8407995700836182
  ],
  "focal_length": 1481.450439453125,
  "principal_point": [
    566.6854248046875,
    1031.048828125
  ],
  "skew": 0.0,
  "pixel_aspect_ratio": 1.00845468044281,
  "radial_distortion": [
    0.1271735429763794,
    -0.21105742454528809,
    0.0
  ],
  "tangential_distortion": [
    0.0030499822460114956,
    0.008128720335662365
  ],
  "image_size": [
    1072,
    1920
  ]
}