{
  "orientation": [
    [
      0.9992759227752686,
      -0.03627687692642212,
      -0.011472058482468128
    ],
    [
      0.035327471792697906,
      0.9966119527816772,
      -0.07427407801151276
    ],
    [
      0.014127621427178383,
      0.07381501793861389,
      0.9971718788146973
    ]
  ],
  "position": [
    -1.0582925081253052,
    -1.8342100381851196,
    -1.5903294086456299
  ],
  "focal_length": 1481.450439453125,
  "principal_point": [
    566.6854248046875,
    1031.048828125
  ],
  "skew": 0.0,
  "pixel_aspect_ratio": 1.00845468044281,
  "radial_distortion": [
    0.1271735429763794,
    -0.21105742454528809,
    0.0
  ],
  "tangential_distortion": [
    0.0030499822460114956,
    0.008128720335662365
  ],
  "image_size": [
    1072,
    1920
  ]
}