{
  "orientation": [
    [
      0.9216914772987366,
      -0.21608571708202362,
      0.3221672773361206
    ],
    [
      0.24324451386928558,
      0.9688710570335388,
      -0.04605431854724884
    ],
    [
      -0.30218687653541565,
      0.1208132952451706,
      0.9455618858337402
    ]
  ],
  "position": [
    4.6640400886535645,
    -0.6617761254310608,
    0.23207813501358032
  ],
  "focal_length": 1481.450439453125,
  "principal_point": [
    566.6854248046875,
    1031.048828125
  ],
  "skew": 0.0,
  "pixel_aspect_ratio": 1.00845468044281,
  "radial_distortion": [
    0.1271735429763794,
    -0.21105742454528809,
    0.0
  ],
  "tangential_distortion": [
    0.0030499822460114956,
    0.008128720335662365
  ],
  "image_size": [
    1072,
    1920
  ]
}