{
  "orientation": [
    [
      0.9813659191131592,
      0.07775244861841202,
      -0.1757141351699829
    ],
    [
      -0.08039463311433792,
      0.9967313408851624,
      -0.007957503199577332
    ],
    [
      0.1745210736989975,
      0.02193569578230381,
      0.9844090938568115
    ]
  ],
  "position": [
    -3.7625272274017334,
    2.269315719604492,
    -0.044871360063552856
  ],
  "focal_length": 1481.450439453125,
  "principal_point": [
    566.6854248046875,
    1031.048828125
  ],
  "skew": 0.0,
  "pixel_aspect_ratio": 1.00845468044281,
  "radial_distortion": [
    0.1271735429763794,
    -0.21105742454528809,
    0.0
  ],
  "tangential_distortion": [
    0.0030499822460114956,
    0.008128720335662365
  ],
  "image_size": [
    1072,
    1920
  ]
}