{
  "orientation": [
    [
      0.9476916193962097,
      -0.12713581323623657,
      0.2927747070789337
    ],
    [
      0.13938367366790771,
      0.9900100231170654,
      -0.021268952637910843
    ],
    [
      -0.28714585304260254,
      0.060964420437812805,
      0.9559448957443237
    ]
  ],
  "position": [
    5.095308780670166,
    0.8542301654815674,
    1.3058514595031738
  ],
  "focal_length": 1481.450439453125,
  "principal_point": [
    566.6854248046875,
    1031.048828125
  ],
  "skew": 0.0,
  "pixel_aspect_ratio": 1.00845468044281,
  "radial_distortion": [
    0.1271735429763794,
    -0.21105742454528809,
    0.0
  ],
  "tangential_distortion": [
    0.0030499822460114956,
    0.008128720335662365
  ],
  "image_size": [
    1072,
    1920
  ]
}