{
  "orientation": [
    [
      0.9833402633666992,
      -0.11738745868206024,
      0.138788104057312
    ],
    [
      0.12218645960092545,
      0.9921520352363586,
      -0.026548856869339943
    ],
    [
      -0.13458240032196045,
      0.04306458681821823,
      0.9899661540985107
    ]
  ],
  "position": [
    2.509429693222046,
    2.452435255050659,
    1.0250470638275146
  ],
  "focal_length": 1481.450439453125,
  "principal_point": [
    566.6854248046875,
    1031.048828125
  ],
  "skew": 0.0,
  "pixel_aspect_ratio": 1.00845468044281,
  "radial_distortion": [
    0.1271735429763794,
    -0.21105742454528809,
    0.0
  ],
  "tangential_distortion": [
    0.0030499822460114956,
    0.008128720335662365
  ],
  "image_size": [
    1072,
    1920
  ]
}