{
  "orientation": [
    [
      0.9791797399520874,
      -0.14854522049427032,
      0.1383522003889084
    ],
    [
      0.15370118618011475,
      0.987740159034729,
      -0.027300044894218445
    ],
    [
      -0.13260072469711304,
      0.04799654707312584,
      0.9900067448616028
    ]
  ],
  "position": [
    2.384833812713623,
    2.4791154861450195,
    0.4724043011665344
  ],
  "focal_length": 1481.450439453125,
  "principal_point": [
    566.6854248046875,
    1031.048828125
  ],
  "skew": 0.0,
  "pixel_aspect_ratio": 1.00845468044281,
  "radial_distortion": [
    0.1271735429763794,
    -0.21105742454528809,
    0.0
  ],
  "tangential_distortion": [
    0.0030499822460114956,
    0.008128720335662365
  ],
  "image_size": [
    1072,
    1920
  ]
}