{
  "orientation": [
    [
      0.9974116086959839,
      -0.0608203187584877,
      -0.03835310786962509
    ],
    [
      0.061631422489881516,
      0.9978918433189392,
      0.02033204399049282
    ],
    [
      0.03703565523028374,
      -0.02264317311346531,
      0.9990573525428772
    ]
  ],
  "position": [
    -1.941988229751587,
    2.683194160461426,
    0.389291375875473
  ],
  "focal_length": 1481.450439453125,
  "principal_point": [
    566.6854248046875,
    1031.048828125
  ],
  "skew": 0.0,
  "pixel_aspect_ratio": 1.00845468044281,
  "radial_distortion": [
    0.1271735429763794,
    -0.21105742454528809,
    0.0
  ],
  "tangential_distortion": [
    0.0030499822460114956,
    0.008128720335662365
  ],
  "image_size": [
    1072,
    1920
  ]
}