{
  "orientation": [
    [
      0.96893310546875,
      0.08174317330121994,
      -0.2334238886833191
    ],
    [
      -0.08955874294042587,
      0.9957144856452942,
      -0.023063495755195618
    ],
    [
      0.2305382639169693,
      0.043252136558294296,
      0.9721015095710754
    ]
  ],
  "position": [
    -3.082828998565674,
    2.472719669342041,
    -0.17619802057743073
  ],
  "focal_length": 1481.450439453125,
  "principal_point": [
    566.6854248046875,
    1031.048828125
  ],
  "skew": 0.0,
  "pixel_aspect_ratio": 1.00845468044281,
  "radial_distortion": [
    0.1271735429763794,
    -0.21105742454528809,
    0.0
  ],
  "tangential_distortion": [
    0.0030499822460114956,
    0.008128720335662365
  ],
  "image_size": [
    1072,
    1920
  ]
}