{
  "orientation": [
    [
      0.9256271123886108,
      -0.1742139309644699,
      0.3359522819519043
    ],
    [
      0.19502076506614685,
      0.9803720712661743,
      -0.028938710689544678
    ],
    [
      -0.32431671023368835,
      0.09230412542819977,
      0.9414343237876892
    ]
  ],
  "position": [
    4.839714050292969,
    -0.40675947070121765,
    1.3098069429397583
  ],
  "focal_length": 1481.450439453125,
  "principal_point": [
    566.6854248046875,
    1031.048828125
  ],
  "skew": 0.0,
  "pixel_aspect_ratio": 1.00845468044281,
  "radial_distortion": [
    0.1271735429763794,
    -0.21105742454528809,
    0.0
  ],
  "tangential_distortion": [
    0.0030499822460114956,
    0.008128720335662365
  ],
  "image_size": [
    1072,
    1920
  ]
}