{
  "orientation": [
    [
      0.9867514371871948,
      -0.11325550079345703,
      0.11616688966751099
    ],
    [
      0.1171829029917717,
      0.992728590965271,
      -0.027533026412129402
    ],
    [
      -0.1122039332985878,
      0.04078102856874466,
      0.9928480386734009
    ]
  ],
  "position": [
    2.0349819660186768,
    2.5919394493103027,
    0.9373406171798706
  ],
  "focal_length": 1481.450439453125,
  "principal_point": [
    566.6854248046875,
    1031.048828125
  ],
  "skew": 0.0,
  "pixel_aspect_ratio": 1.00845468044281,
  "radial_distortion": [
    0.1271735429763794,
    -0.21105742454528809,
    0.0
  ],
  "tangential_distortion": [
    0.0030499822460114956,
    0.008128720335662365
  ],
  "image_size": [
    1072,
    1920
  ]
}