{
  "orientation": [
    [
      0.9348700046539307,
      -0.13480232656002045,
      0.3283998370170593
    ],
    [
      0.15292371809482574,
      0.987786591053009,
      -0.02986563928425312
    ],
    [
      -0.32036301493644714,
      0.07814061641693115,
      0.9440665245056152
    ]
  ],
  "position": [
    5.159686088562012,
    0.3848143219947815,
    1.4301246404647827
  ],
  "focal_length": 1481.450439453125,
  "principal_point": [
    566.6854248046875,
    1031.048828125
  ],
  "skew": 0.0,
  "pixel_aspect_ratio": 1.00845468044281,
  "radial_distortion": [
    0.1271735429763794,
    -0.21105742454528809,
    0.0
  ],
  "tangential_distortion": [
    0.0030499822460114956,
    0.008128720335662365
  ],
  "image_size": [
    1072,
    1920
  ]
}