{
  "orientation": [
    [
      0.9864631295204163,
      0.06725548952817917,
      -0.1495567113161087
    ],
    [
      -0.08208805322647095,
      0.9920563697814941,
      -0.09531904011964798
    ],
    [
      0.14195796847343445,
      0.10630553960800171,
      0.9841479063034058
    ]
  ],
  "position": [
    -2.3747031688690186,
    -1.4897233247756958,
    -1.1374262571334839
  ],
  "focal_length": 1481.450439453125,
  "principal_point": [
    566.6854248046875,
    1031.048828125
  ],
  "skew": 0.0,
  "pixel_aspect_ratio": 1.00845468044281,
  "radial_distortion": [
    0.1271735429763794,
    -0.21105742454528809,
    0.0
  ],
  "tangential_distortion": [
    0.0030499822460114956,
    0.008128720335662365
  ],
  "image_size": [
    1072,
    1920
  ]
}