{
  "orientation": [
    [
      0.992458164691925,
      0.0491659939289093,
      -0.11229177564382553
    ],
    [
      -0.059870645403862,
      0.9937668442726135,
      -0.09403694421052933
    ],
    [
      0.10696842521429062,
      0.10005071759223938,
      0.9892156720161438
    ]
  ],
  "position": [
    -1.5134553909301758,
    -1.5870702266693115,
    -0.8253100514411926
  ],
  "focal_length": 1481.450439453125,
  "principal_point": [
    566.6854248046875,
    1031.048828125
  ],
  "skew": 0.0,
  "pixel_aspect_ratio": 1.00845468044281,
  "radial_distortion": [
    0.1271735429763794,
    -0.21105742454528809,
    0.0
  ],
  "tangential_distortion": [
    0.0030499822460114956,
    0.008128720335662365
  ],
  "image_size": [
    1072,
    1920
  ]
}