{
  "orientation": [
    [
      0.9990549087524414,
      -0.001272540888749063,
      -0.04344739764928818
    ],
    [
      -0.0034870232921093702,
      0.9940031170845032,
      -0.10929624736309052
    ],
    [
      0.04332593083381653,
      0.10934445261955261,
      0.9930592179298401
    ]
  ],
  "position": [
    -0.8962926864624023,
    -1.8458303213119507,
    -0.9096137285232544
  ],
  "focal_length": 1481.450439453125,
  "principal_point": [
    566.6854248046875,
    1031.048828125
  ],
  "skew": 0.0,
  "pixel_aspect_ratio": 1.00845468044281,
  "radial_distortion": [
    0.1271735429763794,
    -0.21105742454528809,
    0.0
  ],
  "tangential_distortion": [
    0.0030499822460114956,
    0.008128720335662365
  ],
  "image_size": [
    1072,
    1920
  ]
}