{
  "orientation": [
    [
      0.9962825775146484,
      -0.08111266046762466,
      0.029013268649578094
    ],
    [
      0.08128134906291962,
      0.9966802000999451,
      -0.004681082908064127
    ],
    [
      -0.02853725664317608,
      0.007021918892860413,
      0.9995680451393127
    ]
  ],
  "position": [
    0.8322120308876038,
    2.959667205810547,
    0.45165419578552246
  ],
  "focal_length": 1481.450439453125,
  "principal_point": [
    566.6854248046875,
    1031.048828125
  ],
  "skew": 0.0,
  "pixel_aspect_ratio": 1.00845468044281,
  "radial_distortion": [
    0.1271735429763794,
    -0.21105742454528809,
    0.0
  ],
  "tangential_distortion": [
    0.0030499822460114956,
    0.008128720335662365
  ],
  "image_size": [
    1072,
    1920
  ]
}