{
  "orientation": [
    [
      0.9798484444618225,
      0.08363442122936249,
      -0.18138983845710754
    ],
    [
      -0.10227547585964203,
      0.9901165962219238,
      -0.09596256911754608
    ],
    [
      0.17157132923603058,
      0.11258050799369812,
      0.9787179827690125
    ]
  ],
  "position": [
    -2.9194087982177734,
    -1.0719431638717651,
    -1.0130894184112549
  ],
  "focal_length": 1481.450439453125,
  "principal_point": [
    566.6854248046875,
    1031.048828125
  ],
  "skew": 0.0,
  "pixel_aspect_ratio": 1.00845468044281,
  "radial_distortion": [
    0.1271735429763794,
    -0.21105742454528809,
    0.0
  ],
  "tangential_distortion": [
    0.0030499822460114956,
    0.008128720335662365
  ],
  "image_size": [
    1072,
    1920
  ]
}