{
  "orientation": [
    [
      0.975649893283844,
      0.052135251462459564,
      -0.21304737031459808
    ],
    [
      -0.05305991321802139,
      0.998590350151062,
      0.0013793149264529347
    ],
    [
      0.2128189653158188,
      0.009958546608686447,
      0.9770408868789673
    ]
  ],
  "position": [
    -2.93913197517395,
    2.8392324447631836,
    -0.11343006044626236
  ],
  "focal_length": 1481.450439453125,
  "principal_point": [
    566.6854248046875,
    1031.048828125
  ],
  "skew": 0.0,
  "pixel_aspect_ratio": 1.00845468044281,
  "radial_distortion": [
    0.1271735429763794,
    -0.21105742454528809,
    0.0
  ],
  "tangential_distortion": [
    0.0030499822460114956,
    0.008128720335662365
  ],
  "image_size": [
    1072,
    1920
  ]
}