{
  "orientation": [
    [
      0.9991469979286194,
      -0.03425735607743263,
      -0.023058699443936348
    ],
    [
      0.0314863882958889,
      0.993281900882721,
      -0.11135406047105789
    ],
    [
      0.026718484237790108,
      0.11053304374217987,
      0.9935132265090942
    ]
  ],
  "position": [
    -0.7614287734031677,
    -1.8823388814926147,
    -0.7903566360473633
  ],
  "focal_length": 1481.450439453125,
  "principal_point": [
    566.6854248046875,
    1031.048828125
  ],
  "skew": 0.0,
  "pixel_aspect_ratio": 1.00845468044281,
  "radial_distortion": [
    0.1271735429763794,
    -0.21105742454528809,
    0.0
  ],
  "tangential_distortion": [
    0.0030499822460114956,
    0.008128720335662365
  ],
  "image_size": [
    1072,
    1920
  ]
}