{
  "orientation": [
    [
      0.8998010754585266,
      -0.24851036071777344,
      0.35860931873321533
    ],
    [
      0.2793428599834442,
      0.9595170617103577,
      -0.035980865359306335
    ],
    [
      -0.3351501226425171,
      0.13255056738853455,
      0.9327940344810486
    ]
  ],
  "position": [
    4.42215633392334,
    0.020581228658556938,
    0.5789207220077515
  ],
  "focal_length": 1481.450439453125,
  "principal_point": [
    566.6854248046875,
    1031.048828125
  ],
  "skew": 0.0,
  "pixel_aspect_ratio": 1.00845468044281,
  "radial_distortion": [
    0.1271735429763794,
    -0.21105742454528809,
    0.0
  ],
  "tangential_distortion": [
    0.0030499822460114956,
    0.008128720335662365
  ],
  "image_size": [
    1072,
    1920
  ]
}