{
  "orientation": [
    [
      0.9967736601829529,
      -0.02093963697552681,
      -0.07748384773731232
    ],
    [
      0.022686004638671875,
      0.9995065331459045,
      0.02172723226249218
    ],
    [
      0.07699064910411835,
      -0.023414932191371918,
      0.9967568516731262
    ]
  ],
  "position": [
    -2.5312917232513428,
    2.5963780879974365,
    0.24089215695858002
  ],
  "focal_length": 1481.450439453125,
  "principal_point": [
    566.6854248046875,
    1031.048828125
  ],
  "skew": 0.0,
  "pixel_aspect_ratio": 1.00845468044281,
  "radial_distortion": [
    0.1271735429763794,
    -0.21105742454528809,
    0.0
  ],
  "tangential_distortion": [
    0.0030499822460114956,
    0.008128720335662365
  ],
  "image_size": [
    1072,
    1920
  ]
}