{
  "orientation": [
    [
      0.9932922720909119,
      -0.1126236692070961,
      0.0261997003108263
    ],
    [
      0.11268909275531769,
      0.9936297535896301,
      -0.0010295497486367822
    ],
    [
      -0.025916850194334984,
      0.003975064493715763,
      0.9996562004089355
    ]
  ],
  "position": [
    0.06664107739925385,
    2.8417625427246094,
    0.7759163975715637
  ],
  "focal_length": 1481.450439453125,
  "principal_point": [
    566.6854248046875,
    1031.048828125
  ],
  "skew": 0.0,
  "pixel_aspect_ratio": 1.00845468044281,
  "radial_distortion": [
    0.1271735429763794,
    -0.21105742454528809,
    0.0
  ],
  "tangential_distortion": [
    0.0030499822460114956,
    0.008128720335662365
  ],
  "image_size": [
    1072,
    1920
  ]
}