{
  "orientation": [
    [
      0.9979698061943054,
      -0.05924144759774208,
      -0.023382483050227165
    ],
    [
      0.059439271688461304,
      0.9982010126113892,
      0.007857381366193295
    ],
    [
      0.02287493646144867,
      -0.0092312665656209,
      0.9996957182884216
    ]
  ],
  "position": [
    -0.5263592600822449,
    3.1793785095214844,
    0.3191766142845154
  ],
  "focal_length": 1481.450439453125,
  "principal_point": [
    566.6854248046875,
    1031.048828125
  ],
  "skew": 0.0,
  "pixel_aspect_ratio": 1.00845468044281,
  "radial_distortion": [
    0.1271735429763794,
    -0.21105742454528809,
    0.0
  ],
  "tangential_distortion": [
    0.0030499822460114956,
    0.008128720335662365
  ],
  "image_size": [
    1072,
    1920
  ]
}