{
  "orientation": [
    [
      0.9647857546806335,
      -0.13216142356395721,
      0.22742418944835663
    ],
    [
      0.1407657265663147,
      0.9897992610931396,
      -0.021965499967336655
    ],
    [
      -0.22220128774642944,
      0.05320553109049797,
      0.9735480546951294
    ]
  ],
  "position": [
    4.554633617401123,
    1.5683562755584717,
    1.4087624549865723
  ],
  "focal_length": 1481.450439453125,
  "principal_point": [
    566.6854248046875,
    1031.048828125
  ],
  "skew": 0.0,
  "pixel_aspect_ratio": 1.00845468044281,
  "radial_distortion": [
    0.1271735429763794,
    -0.21105742454528809,
    0.0
  ],
  "tangential_distortion": [
    0.0030499822460114956,
    0.008128720335662365
  ],
  "image_size": [
    1072,
    1920
  ]
}