{
  "orientation": [
    [
      0.9784315824508667,
      -0.16937170922756195,
      0.11825764179229736
    ],
    [
      0.1781766563653946,
      0.9816271662712097,
      -0.06827297806739807
    ],
    [
      -0.10452140122652054,
      0.08787118643522263,
      0.9906330704689026
    ]
  ],
  "position": [
    1.353316068649292,
    -2.3373160362243652,
    -0.5602169036865234
  ],
  "focal_length": 1481.450439453125,
  "principal_point": [
    566.6854248046875,
    1031.048828125
  ],
  "skew": 0.0,
  "pixel_aspect_ratio": 1.00845468044281,
  "radial_distortion": [
    0.1271735429763794,
    -0.21105742454528809,
    0.0
  ],
  "tangential_distortion": [
    0.0030499822460114956,
    0.008128720335662365
  ],
  "image_size": [
    1072,
    1920
  ]
}