{
  "orientation": [
    [
      0.972902774810791,
      -0.16861040890216827,
      0.15821093320846558
    ],
    [
      0.1808897703886032,
      0.9812443852424622,
      -0.06662081182003021
    ],
    [
      -0.14401061832904816,
      0.09343431144952774,
      0.9851552844047546
    ]
  ],
  "position": [
    2.4148216247558594,
    -2.305041551589966,
    -0.204009011387825
  ],
  "focal_length": 1481.450439453125,
  "principal_point": [
    566.6854248046875,
    1031.048828125
  ],
  "skew": 0.0,
  "pixel_aspect_ratio": 1.00845468044281,
  "radial_distortion": [
    0.1271735429763794,
    -0.21105742454528809,
    0.0
  ],
  "tangential_distortion": [
    0.0030499822460114956,
    0.008128720335662365
  ],
  "image_size": [
    1072,
    1920
  ]
}