{
  "orientation": [
    [
      0.9945346117019653,
      -0.092368483543396,
      0.04867236688733101
    ],
    [
      0.09311558306217194,
      0.9955663681030273,
      -0.01330754067748785
    ],
    [
      -0.047227371484041214,
      0.017766965553164482,
      0.9987261295318604
    ]
  ],
  "position": [
    1.1479613780975342,
    2.8815057277679443,
    0.2158309668302536
  ],
  "focal_length": 1481.450439453125,
  "principal_point": [
    566.6854248046875,
    1031.048828125
  ],
  "skew": 0.0,
  "pixel_aspect_ratio": 1.00845468044281,
  "radial_distortion": [
    0.1271735429763794,
    -0.21105742454528809,
    0.0
  ],
  "tangential_distortion": [
    0.0030499822460114956,
    0.008128720335662365
  ],
  "image_size": [
    1072,
    1920
  ]
}