{
  "orientation": [
    [
      0.919969379901886,
      -0.227067768573761,
      0.3195255994796753
    ],
    [
      0.25133204460144043,
      0.967220664024353,
      -0.03628242388367653
    ],
    [
      -0.3008131682872772,
      0.113685742020607,
      0.9468827843666077
    ]
  ],
  "position": [
    4.099295139312744,
    1.3314704895019531,
    0.8373543620109558
  ],
  "focal_length": 1481.450439453125,
  "principal_point": [
    566.6854248046875,
    1031.048828125
  ],
  "skew": 0.0,
  "pixel_aspect_ratio": 1.00845468044281,
  "radial_distortion": [
    0.1271735429763794,
    -0.21105742454528809,
    0.0
  ],
  "tangential_distortion": [
    0.0030499822460114956,
    0.008128720335662365
  ],
  "image_size": [
    1072,
    1920
  ]
}