{
  "orientation": [
    [
      0.9905485510826111,
      -0.10453614592552185,
      0.08880189806222916
    ],
    [
      0.10650841891765594,
      0.9941532611846924,
      -0.01775658130645752
    ],
    [
      -0.08642648905515671,
      0.02704690583050251,
      0.9958910346031189
    ]
  ],
  "position": [
    1.696994662284851,
    2.756225347518921,
    0.3678376078605652
  ],
  "focal_length": 1481.450439453125,
  "principal_point": [
    566.6854248046875,
    1031.048828125
  ],
  "skew": 0.0,
  "pixel_aspect_ratio": 1.00845468044281,
  "radial_distortion": [
    0.1271735429763794,
    -0.21105742454528809,
    0.0
  ],
  "tangential_distortion": [
    0.0030499822460114956,
    0.008128720335662365
  ],
  "image_size": [
    1072,
    1920
  ]
}