{
  "orientation": [
    [
      0.9960261583328247,
      -0.08386937528848648,
      0.029963532462716103
    ],
    [
      0.08662978559732437,
      0.9904327988624573,
      -0.10741578787565231
    ],
    [
      -0.020667970180511475,
      0.10958466678857803,
      0.9937625527381897
    ]
  ],
  "position": [
    -0.11313903331756592,
    -2.1000330448150635,
    -0.7582196593284607
  ],
  "focal_length": 1481.450439453125,
  "principal_point": [
    566.6854248046875,
    1031.048828125
  ],
  "skew": 0.0,
  "pixel_aspect_ratio": 1.00845468044281,
  "radial_distortion": [
    0.1271735429763794,
    -0.21105742454528809,
    0.0
  ],
  "tangential_distortion": [
    0.0030499822460114956,
    0.008128720335662365
  ],
  "image_size": [
    1072,
    1920
  ]
}