{
  "orientation": [
    [
      0.97007817029953,
      0.10478729009628296,
      -0.21901579201221466
    ],
    [
      -0.12504059076309204,
      0.9888625741004944,
      -0.08071986585855484
    ],
    [
      0.20811809599399567,
      0.10569044947624207,
      0.9723766446113586
    ]
  ],
  "position": [
    -3.381269693374634,
    -0.44496506452560425,
    -0.8149529099464417
  ],
  "focal_length": 1481.450439453125,
  "principal_point": [
    566.6854248046875,
    1031.048828125
  ],
  "skew": 0.0,
  "pixel_aspect_ratio": 1.00845468044281,
  "radial_distortion": [
    0.1271735429763794,
    -0.21105742454528809,
    0.0
  ],
  "tangential_distortion": [
    0.0030499822460114956,
    0.008128720335662365
  ],
  "image_size": [
    1072,
    1920
  ]
}