{
  "orientation": [
    [
      0.9675122499465942,
      0.1002567708492279,
      -0.23209618031978607
    ],
    [
      -0.12165678292512894,
      0.9893616437911987,
      -0.07976962625980377
    ],
    [
      0.22162961959838867,
      0.10541416704654694,
      0.9694163799285889
    ]
  ],
  "position": [
    -3.6368753910064697,
    -0.3766442537307739,
    -0.8692742586135864
  ],
  "focal_length": 1481.450439453125,
  "principal_point": [
    566.6854248046875,
    1031.048828125
  ],
  "skew": 0.0,
  "pixel_aspect_ratio": 1.00845468044281,
  "radial_distortion": [
    0.1271735429763794,
    -0.21105742454528809,
    0.0
  ],
  "tangential_distortion": [
    0.0030499822460114956,
    0.008128720335662365
  ],
  "image_size": [
    1072,
    1920
  ]
}