{
  "orientation": [
    [
      0.9735878109931946,
      0.10126537084579468,
      -0.20462684333324432
    ],
    [
      -0.12152059376239777,
      0.9885957837104797,
      -0.08894456177949905
    ],
    [
      0.1932862401008606,
      0.11146171391010284,
      0.9747905731201172
    ]
  ],
  "position": [
    -3.283362627029419,
    -0.647007942199707,
    -0.9247766733169556
  ],
  "focal_length": 1481.450439453125,
  "principal_point": [
    566.6854248046875,
    1031.048828125
  ],
  "skew": 0.0,
  "pixel_aspect_ratio": 1.00845468044281,
  "radial_distortion": [
    0.1271735429763794,
    -0.21105742454528809,
    0.0
  ],
  "tangential_distortion": [
    0.0030499822460114956,
    0.008128720335662365
  ],
  "image_size": [
    1072,
    1920
  ]
}