{
  "orientation": [
    [
      0.9952811598777771,
      -0.017864273861050606,
      -0.0953742265701294
    ],
    [
      0.019298363476991653,
      0.9997138381004333,
      0.014135223813354969
    ],
    [
      0.09509442001581192,
      -0.015909088775515556,
      0.9953411221504211
    ]
  ],
  "position": [
    -2.1353185176849365,
    3.2465102672576904,
    0.01966526173055172
  ],
  "focal_length": 1481.450439453125,
  "principal_point": [
    566.6854248046875,
    1031.048828125
  ],
  "skew": 0.0,
  "pixel_aspect_ratio": 1.00845468044281,
  "radial_distortion": [
    0.1271735429763794,
    -0.21105742454528809,
    0.0
  ],
  "tangential_distortion": [
    0.0030499822460114956,
    0.008128720335662365
  ],
  "image_size": [
    1072,
    1920
  ]
}