{
  "orientation": [
    [
      0.9676945805549622,
      0.08652926981449127,
      -0.23681187629699707
    ],
    [
      -0.09564048051834106,
      0.9950432181358337,
      -0.027238551527261734
    ],
    [
      0.23328110575675964,
      0.04900740087032318,
      0.9711736440658569
    ]
  ],
  "position": [
    -3.165978193283081,
    2.357968330383301,
    -0.15177902579307556
  ],
  "focal_length": 1481.450439453125,
  "principal_point": [
    566.6854248046875,
    1031.048828125
  ],
  "skew": 0.0,
  "pixel_aspect_ratio": 1.00845468044281,
  "radial_distortion": [
    0.1271735429763794,
    -0.21105742454528809,
    0.0
  ],
  "tangential_distortion": [
    0.0030499822460114956,
    0.008128720335662365
  ],
  "image_size": [
    1072,
    1920
  ]
}