{
  "orientation": [
    [
      0.971404492855072,
      -0.1678628772497177,
      0.16791470348834991
    ],
    [
      0.18158720433712006,
      0.9808861017227173,
      -0.06991797685623169
    ],
    [
      -0.15296857059001923,
      0.09840980172157288,
      0.9833189249038696
    ]
  ],
  "position": [
    2.75736403465271,
    -2.180307626724243,
    0.05071508139371872
  ],
  "focal_length": 1481.450439453125,
  "principal_point": [
    566.6854248046875,
    1031.048828125
  ],
  "skew": 0.0,
  "pixel_aspect_ratio": 1.00845468044281,
  "radial_distortion": [
    0.1271735429763794,
    -0.21105742454528809,
    0.0
  ],
  "tangential_distortion": [
    0.0030499822460114956,
    0.008128720335662365
  ],
  "image_size": [
    1072,
    1920
  ]
}