{
  "orientation": [
    [
      0.9878907799720764,
      0.063116654753685,
      -0.14173239469528198
    ],
    [
      -0.07695415616035461,
      0.992558479309082,
      -0.09437034279108047
    ],
    [
      0.13472135365009308,
      0.10413449257612228,
      0.9853964447975159
    ]
  ],
  "position": [
    -2.0018115043640137,
    -1.5893107652664185,
    -1.1430516242980957
  ],
  "focal_length": 1481.450439453125,
  "principal_point": [
    566.6854248046875,
    1031.048828125
  ],
  "skew": 0.0,
  "pixel_aspect_ratio": 1.00845468044281,
  "radial_distortion": [
    0.1271735429763794,
    -0.21105742454528809,
    0.0
  ],
  "tangential_distortion": [
    0.0030499822460114956,
    0.008128720335662365
  ],
  "image_size": [
    1072,
    1920
  ]
}