{
  "orientation": [
    [
      0.966524600982666,
      0.09450404345989227,
      -0.23853550851345062
    ],
    [
      -0.10591362416744232,
      0.993743360042572,
      -0.03544694185256958
    ],
    [
      0.2336931973695755,
      0.059524502605199814,
      0.9704866409301758
    ]
  ],
  "position": [
    -3.3506274223327637,
    2.0471465587615967,
    -0.22250546514987946
  ],
  "focal_length": 1481.450439453125,
  "principal_point": [
    566.6854248046875,
    1031.048828125
  ],
  "skew": 0.0,
  "pixel_aspect_ratio": 1.00845468044281,
  "radial_distortion": [
    0.1271735429763794,
    -0.21105742454528809,
    0.0
  ],
  "tangential_distortion": [
    0.0030499822460114956,
    0.008128720335662365
  ],
  "image_size": [
    1072,
    1920
  ]
}