{
  "orientation": [
    [
      0.9967653155326843,
      -0.07758629322052002,
      -0.02095761150121689
    ],
    [
      0.07796303927898407,
      0.9967973232269287,
      0.01779986545443535
    ],
    [
      0.019509466364979744,
      -0.019376209005713463,
      0.9996219277381897
    ]
  ],
  "position": [
    -1.5864166021347046,
    2.719956398010254,
    0.4791186451911926
  ],
  "focal_length": 1481.450439453125,
  "principal_point": [
    566.6854248046875,
    1031.048828125
  ],
  "skew": 0.0,
  "pixel_aspect_ratio": 1.00845468044281,
  "radial_distortion": [
    0.1271735429763794,
    -0.21105742454528809,
    0.0
  ],
  "tangential_distortion": [
    0.0030499822460114956,
    0.008128720335662365
  ],
  "image_size": [
    1072,
    1920
  ]
}