{
  "orientation": [
    [
      0.9731312394142151,
      0.06494065374135971,
      -0.22090335190296173
    ],
    [
      -0.06813894212245941,
      0.9976521134376526,
      -0.006880637723952532
    ],
    [
      0.21993786096572876,
      0.021747885271906853,
      0.9752714037895203
    ]
  ],
  "position": [
    -2.9987082481384277,
    2.705925464630127,
    -0.14068730175495148
  ],
  "focal_length": 1481.450439453125,
  "principal_point": [
    566.6854248046875,
    1031.048828125
  ],
  "skew": 0.0,
  "pixel_aspect_ratio": 1.00845468044281,
  "radial_distortion": [
    0.1271735429763794,
    -0.21105742454528809,
    0.0
  ],
  "tangential_distortion": [
    0.0030499822460114956,
    0.008128720335662365
  ],
  "image_size": [
    1072,
    1920
  ]
}