{
  "orientation": [
    [
      0.9292072653770447,
      -0.19531872868537903,
      0.3137267827987671
    ],
    [
      0.21616309881210327,
      0.9758086800575256,
      -0.032724637538194656
    ],
    [
      -0.2997455894947052,
      0.09822412580251694,
      0.9489492177963257
    ]
  ],
  "position": [
    4.190304279327393,
    -1.1438707113265991,
    1.06816565990448
  ],
  "focal_length": 1481.450439453125,
  "principal_point": [
    566.6854248046875,
    1031.048828125
  ],
  "skew": 0.0,
  "pixel_aspect_ratio": 1.00845468044281,
  "radial_distortion": [
    0.1271735429763794,
    -0.21105742454528809,
    0.0
  ],
  "tangential_distortion": [
    0.0030499822460114956,
    0.008128720335662365
  ],
  "image_size": [
    1072,
    1920
  ]
}