{
  "orientation": [
    [
      0.987342357635498,
      0.011230960488319397,
      -0.15820536017417908
    ],
    [
      -0.009753630496561527,
      0.999901294708252,
      0.010111408308148384
    ],
    [
      0.15830332040786743,
      -0.008440345525741577,
      0.9873544573783875
    ]
  ],
  "position": [
    -2.6097652912139893,
    3.1422953605651855,
    -0.120097815990448
  ],
  "focal_length": 1481.450439453125,
  "principal_point": [
    566.6854248046875,
    1031.048828125
  ],
  "skew": 0.0,
  "pixel_aspect_ratio": 1.00845468044281,
  "radial_distortion": [
    0.1271735429763794,
    -0.21105742454528809,
    0.0
  ],
  "tangential_distortion": [
    0.0030499822460114956,
    0.008128720335662365
  ],
  "image_size": [
    1072,
    1920
  ]
}