{
  "orientation": [
    [
      0.9656713008880615,
      0.1040688008069992,
      -0.2380097508430481
    ],
    [
      -0.12081107497215271,
      0.9910473227500916,
      -0.05683246999979019
    ],
    [
      0.22996443510055542,
      0.08363570272922516,
      0.9695985913276672
    ]
  ],
  "position": [
    -3.6169967651367188,
    1.2406991720199585,
    -0.4082959294319153
  ],
  "focal_length": 1481.450439453125,
  "principal_point": [
    566.6854248046875,
    1031.048828125
  ],
  "skew": 0.0,
  "pixel_aspect_ratio": 1.00845468044281,
  "radial_distortion": [
    0.1271735429763794,
    -0.21105742454528809,
    0.0
  ],
  "tangential_distortion": [
    0.0030499822460114956,
    0.008128720335662365
  ],
  "image_size": [
    1072,
    1920
  ]
}