{
  "orientation": [
    [
      0.985975444316864,
      -0.14549149572849274,
      0.08175934106111526
    ],
    [
      0.15197600424289703,
      0.9851711392402649,
      -0.07963116466999054
    ],
    [
      -0.06896128505468369,
      0.09093983471393585,
      0.993465781211853
    ]
  ],
  "position": [
    0.7762902975082397,
    -2.1849777698516846,
    -0.6338453888893127
  ],
  "focal_length": 1481.450439453125,
  "principal_point": [
    566.6854248046875,
    1031.048828125
  ],
  "skew": 0.0,
  "pixel_aspect_ratio": 1.00845468044281,
  "radial_distortion": [
    0.1271735429763794,
    -0.21105742454528809,
    0.0
  ],
  "tangential_distortion": [
    0.0030499822460114956,
    0.008128720335662365
  ],
  "image_size": [
    1072,
    1920
  ]
}