{
  "orientation": [
    [
      0.980214536190033,
      -0.1207696944475174,
      0.15682533383369446
    ],
    [
      0.1262228637933731,
      0.991680383682251,
      -0.02525448054075241
    ],
    [
      -0.1524706333875656,
      0.04454975202679634,
      0.9873034358024597
    ]
  ],
  "position": [
    2.9472427368164062,
    2.3263139724731445,
    1.2024348974227905
  ],
  "focal_length": 1481.450439453125,
  "principal_point": [
    566.6854248046875,
    1031.048828125
  ],
  "skew": 0.0,
  "pixel_aspect_ratio": 1.00845468044281,
  "radial_distortion": [
    0.1271735429763794,
    -0.21105742454528809,
    0.0
  ],
  "tangential_distortion": [
    0.0030499822460114956,
    0.008128720335662365
  ],
  "image_size": [
    1072,
    1920
  ]
}