{
  "orientation": [
    [
      0.9898095726966858,
      -0.12619994580745697,
      0.06595874577760696
    ],
    [
      0.13198989629745483,
      0.986936628818512,
      -0.09238383919000626
    ],
    [
      -0.05343826487660408,
      0.10014829784631729,
      0.9935364723205566
    ]
  ],
  "position": [
    0.4896638095378876,
    -2.2367160320281982,
    -0.7345445156097412
  ],
  "focal_length": 1481.450439453125,
  "principal_point": [
    566.6854248046875,
    1031.048828125
  ],
  "skew": 0.0,
  "pixel_aspect_ratio": 1.00845468044281,
  "radial_distortion": [
    0.1271735429763794,
    -0.21105742454528809,
    0.0
  ],
  "tangential_distortion": [
    0.0030499822460114956,
    0.008128720335662365
  ],
  "image_size": [
    1072,
    1920
  ]
}