{
  "orientation": [
    [
      0.9043790102005005,
      -0.2413802593946457,
      0.3519008457660675
    ],
    [
      0.27153170108795166,
      0.9616714715957642,
      -0.03818989917635918
    ],
    [
      -0.32919472455978394,
      0.1300903856754303,
      0.9352579116821289
    ]
  ],
  "position": [
    4.404148578643799,
    0.5865649580955505,
    0.8144108057022095
  ],
  "focal_length": 1481.450439453125,
  "principal_point": [
    566.6854248046875,
    1031.048828125
  ],
  "skew": 0.0,
  "pixel_aspect_ratio": 1.00845468044281,
  "radial_distortion": [
    0.1271735429763794,
    -0.21105742454528809,
    0.0
  ],
  "tangential_distortion": [
    0.0030499822460114956,
    0.008128720335662365
  ],
  "image_size": [
    1072,
    1920
  ]
}