{
  "orientation": [
    [
      0.9658845663070679,
      0.1007714718580246,
      -0.2385626584291458
    ],
    [
      -0.11312656849622726,
      0.992828905582428,
      -0.03864132985472679
    ],
    [
      0.23295795917510986,
      0.06431084126234055,
      0.9703580141067505
    ]
  ],
  "position": [
    -3.428057909011841,
    1.880202054977417,
    -0.3213719129562378
  ],
  "focal_length": 1481.450439453125,
  "principal_point": [
    566.6854248046875,
    1031.048828125
  ],
  "skew": 0.0,
  "pixel_aspect_ratio": 1.00845468044281,
  "radial_distortion": [
    0.1271735429763794,
    -0.21105742454528809,
    0.0
  ],
  "tangential_distortion": [
    0.0030499822460114956,
    0.008128720335662365
  ],
  "image_size": [
    1072,
    1920
  ]
}