{
  "orientation": [
    [
      0.950566291809082,
      -0.18777358531951904,
      0.24731522798538208
    ],
    [
      0.20972327888011932,
      0.9755725264549255,
      -0.06537861377000809
    ],
    [
      -0.22899755835533142,
      0.11401446908712387,
      0.9667268395423889
    ]
  ],
  "position": [
    3.5351667404174805,
    -1.735662579536438,
    0.6889984607696533
  ],
  "focal_length": 1481.450439453125,
  "principal_point": [
    566.6854248046875,
    1031.048828125
  ],
  "skew": 0.0,
  "pixel_aspect_ratio": 1.00845468044281,
  "radial_distortion": [
    0.1271735429763794,
    -0.21105742454528809,
    0.0
  ],
  "tangential_distortion": [
    0.0030499822460114956,
    0.008128720335662365
  ],
  "image_size": [
    1072,
    1920
  ]
}