{
  "orientation": [
    [
      0.9970065355300903,
      -0.047152526676654816,
      -0.061275217682123184
    ],
    [
      0.04794326797127724,
      0.9987838864326477,
      0.01149841770529747
    ],
    [
      0.060658521950244904,
      -0.014401731081306934,
      0.9980546832084656
    ]
  ],
  "position": [
    -1.4129387140274048,
    3.2410833835601807,
    0.30870410799980164
  ],
  "focal_length": 1481.450439453125,
  "principal_point": [
    566.6854248046875,
    1031.048828125
  ],
  "skew": 0.0,
  "pixel_aspect_ratio": 1.00845468044281,
  "radial_distortion": [
    0.1271735429763794,
    -0.21105742454528809,
    0.0
  ],
  "tangential_distortion": [
    0.0030499822460114956,
    0.008128720335662365
  ],
  "image_size": [
    1072,
    1920
  ]
}