{
  "orientation": [
    [
      0.9969254732131958,
      -0.07793910801410675,
      0.008068358525633812
    ],
    [
      0.07789678871631622,
      0.9969466328620911,
      0.005432534031569958
    ],
    [
      -0.008467130362987518,
      -0.0047873323783278465,
      0.9999526739120483
    ]
  ],
  "position": [
    0.3574979901313782,
    3.016512393951416,
    0.4207199811935425
  ],
  "focal_length": 1481.450439453125,
  "principal_point": [
    566.6854248046875,
    1031.048828125
  ],
  "skew": 0.0,
  "pixel_aspect_ratio": 1.00845468044281,
  "radial_distortion": [
    0.1271735429763794,
    -0.21105742454528809,
    0.0
  ],
  "tangential_distortion": [
    0.0030499822460114956,
    0.008128720335662365
  ],
  "image_size": [
    1072,
    1920
  ]
}