{
  "orientation": [
    [
      0.9573283195495605,
      -0.17977283895015717,
      0.22628353536128998
    ],
    [
      0.19328756630420685,
      0.9803719520568848,
      -0.038868971168994904
    ],
    [
      -0.21485444903373718,
      0.08094815909862518,
      0.9732856750488281
    ]
  ],
  "position": [
    3.592323064804077,
    1.944075584411621,
    0.6463626623153687
  ],
  "focal_length": 1481.450439453125,
  "principal_point": [
    566.6854248046875,
    1031.048828125
  ],
  "skew": 0.0,
  "pixel_aspect_ratio": 1.00845468044281,
  "radial_distortion": [
    0.1271735429763794,
    -0.21105742454528809,
    0.0
  ],
  "tangential_distortion": [
    0.0030499822460114956,
    0.008128720335662365
  ],
  "image_size": [
    1072,
    1920
  ]
}