{
  "orientation": [
    [
      0.9763006567955017,
      0.09169534593820572,
      -0.19603301584720612
    ],
    [
      -0.11197633296251297,
      0.9891603589057922,
      -0.09498995542526245
    ],
    [
      0.18519794940948486,
      0.11468981951475143,
      0.9759856462478638
    ]
  ],
  "position": [
    -3.142573595046997,
    -0.8684278130531311,
    -0.9858143925666809
  ],
  "focal_length": 1481.450439453125,
  "principal_point": [
    566.6854248046875,
    1031.048828125
  ],
  "skew": 0.0,
  "pixel_aspect_ratio": 1.00845468044281,
  "radial_distortion": [
    0.1271735429763794,
    -0.21105742454528809,
    0.0
  ],
  "tangential_distortion": [
    0.0030499822460114956,
    0.008128720335662365
  ],
  "image_size": [
    1072,
    1920
  ]
}