{
  "orientation": [
    [
      0.99200439453125,
      -0.11985047906637192,
      0.03953700140118599
    ],
    [
      0.12031645327806473,
      0.9926890134811401,
      -0.009616315364837646
    ],
    [
      -0.03809542581439018,
      0.014296378940343857,
      0.9991718530654907
    ]
  ],
  "position": [
    0.49905842542648315,
    2.830747127532959,
    0.7383872270584106
  ],
  "focal_length": 1481.450439453125,
  "principal_point": [
    566.6854248046875,
    1031.048828125
  ],
  "skew": 0.0,
  "pixel_aspect_ratio": 1.00845468044281,
  "radial_distortion": [
    0.1271735429763794,
    -0.21105742454528809,
    0.0
  ],
  "tangential_distortion": [
    0.0030499822460114956,
    0.008128720335662365
  ],
  "image_size": [
    1072,
    1920
  ]
}