{
  "orientation": [
    [
      0.9814549088478088,
      -0.16286884248256683,
      0.10109411180019379
    ],
    [
      0.170484721660614,
      0.9827355146408081,
      -0.0718742236495018
    ],
    [
      -0.08764269948005676,
      0.0877763107419014,
      0.992277204990387
    ]
  ],
  "position": [
    1.0506922006607056,
    -2.235628366470337,
    -0.5888679027557373
  ],
  "focal_length": 1481.450439453125,
  "principal_point": [
    566.6854248046875,
    1031.048828125
  ],
  "skew": 0.0,
  "pixel_aspect_ratio": 1.00845468044281,
  "radial_distortion": [
    0.1271735429763794,
    -0.21105742454528809,
    0.0
  ],
  "tangential_distortion": [
    0.0030499822460114956,
    0.008128720335662365
  ],
  "image_size": [
    1072,
    1920
  ]
}