{
  "orientation": [
    [
      0.9647252559661865,
      0.10941369086503983,
      -0.2394447922706604
    ],
    [
      -0.1279970407485962,
      0.9897434115409851,
      -0.06344050168991089
    ],
    [
      0.23004764318466187,
      0.0918508842587471,
      0.9688351154327393
    ]
  ],
  "position": [
    -3.714033842086792,
    0.6852923631668091,
    -0.567419171333313
  ],
  "focal_length": 1481.450439453125,
  "principal_point": [
    566.6854248046875,
    1031.048828125
  ],
  "skew": 0.0,
  "pixel_aspect_ratio": 1.00845468044281,
  "radial_distortion": [
    0.1271735429763794,
    -0.21105742454528809,
    0.0
  ],
  "tangential_distortion": [
    0.0030499822460114956,
    0.008128720335662365
  ],
  "image_size": [
    1072,
    1920
  ]
}