{
  "orientation": [
    [
      0.9119593501091003,
      -0.23188167810440063,
      0.3384687006473541
    ],
    [
      0.25975263118743896,
      0.9648942351341248,
      -0.03882940858602524
    ],
    [
      -0.3175826668739319,
      0.12332897633314133,
      0.9401761293411255
    ]
  ],
  "position": [
    4.263025283813477,
    1.096661925315857,
    0.8139811754226685
  ],
  "focal_length": 1481.450439453125,
  "principal_point": [
    566.6854248046875,
    1031.048828125
  ],
  "skew": 0.0,
  "pixel_aspect_ratio": 1.00845468044281,
  "radial_distortion": [
    0.1271735429763794,
    -0.21105742454528809,
    0.0
  ],
  "tangential_distortion": [
    0.0030499822460114956,
    0.008128720335662365
  ],
  "image_size": [
    1072,
    1920
  ]
}