{
  "orientation": [
    [
      0.9665228128433228,
      0.09922081232070923,
      -0.2366197258234024
    ],
    [
      -0.12065348774194717,
      0.9896370768547058,
      -0.07785383611917496
    ],
    [
      0.22644293308258057,
      0.10379649698734283,
      0.9684781432151794
    ]
  ],
  "position": [
    -3.6836061477661133,
    -0.17561475932598114,
    -0.7634359002113342
  ],
  "focal_length": 1481.450439453125,
  "principal_point": [
    566.6854248046875,
    1031.048828125
  ],
  "skew": 0.0,
  "pixel_aspect_ratio": 1.00845468044281,
  "radial_distortion": [
    0.1271735429763794,
    -0.21105742454528809,
    0.0
  ],
  "tangential_distortion": [
    0.0030499822460114956,
    0.008128720335662365
  ],
  "image_size": [
    1072,
    1920
  ]
}