{
  "orientation": [
    [
      0.9654062986373901,
      0.10574370622634888,
      -0.2383463829755783
    ],
    [
      -0.11918533593416214,
      0.9919548630714417,
      -0.0426660031080246
    ],
    [
      0.23191720247268677,
      0.06959742307662964,
      0.9702425599098206
    ]
  ],
  "position": [
    -3.49212908744812,
    1.7197856903076172,
    -0.3646301031112671
  ],
  "focal_length": 1481.450439453125,
  "principal_point": [
    566.6854248046875,
    1031.048828125
  ],
  "skew": 0.0,
  "pixel_aspect_ratio": 1.00845468044281,
  "radial_distortion": [
    0.1271735429763794,
    -0.21105742454528809,
    0.0
  ],
  "tangential_distortion": [
    0.0030499822460114956,
    0.008128720335662365
  ],
  "image_size": [
    1072,
    1920
  ]
}