{
  "orientation": [
    [
      0.9021702408790588,
      -0.24535901844501495,
      0.3548067808151245
    ],
    [
      0.2758277952671051,
      0.9604890942573547,
      -0.03714402765035629
    ],
    [
      -0.3316744565963745,
      0.13137580454349518,
      0.9342015385627747
    ]
  ],
  "position": [
    4.442267894744873,
    0.29713961482048035,
    0.6922603249549866
  ],
  "focal_length": 1481.450439453125,
  "principal_point": [
    566.6854248046875,
    1031.048828125
  ],
  "skew": 0.0,
  "pixel_aspect_ratio": 1.00845468044281,
  "radial_distortion": [
    0.1271735429763794,
    -0.21105742454528809,
    0.0
  ],
  "tangential_distortion": [
    0.0030499822460114956,
    0.008128720335662365
  ],
  "image_size": [
    1072,
    1920
  ]
}