{
  "orientation": [
    [
      0.9819455742835999,
      0.02490079216659069,
      -0.1875174194574356
    ],
    [
      -0.023892635479569435,
      0.9996853470802307,
      0.007634959649294615
    ],
    [
      0.18764854967594147,
      -0.003016829490661621,
      0.982231616973877
    ]
  ],
  "position": [
    -2.773728609085083,
    3.0527994632720947,
    -0.18353912234306335
  ],
  "focal_length": 1481.450439453125,
  "principal_point": [
    566.6854248046875,
    1031.048828125
  ],
  "skew": 0.0,
  "pixel_aspect_ratio": 1.00845468044281,
  "radial_distortion": [
    0.1271735429763794,
    -0.21105742454528809,
    0.0
  ],
  "tangential_distortion": [
    0.0030499822460114956,
    0.008128720335662365
  ],
  "image_size": [
    1072,
    1920
  ]
}