{
  "orientation": [
    [
      0.92618328332901,
      -0.1829003542661667,
      0.32974526286125183
    ],
    [
      0.20274242758750916,
      0.9788733124732971,
      -0.02650645561516285
    ],
    [
      -0.31793078780174255,
      0.09140319377183914,
      0.9436977505683899
    ]
  ],
  "position": [
    4.53456449508667,
    -0.9390283823013306,
    1.2078338861465454
  ],
  "focal_length": 1481.450439453125,
  "principal_point": [
    566.6854248046875,
    1031.048828125
  ],
  "skew": 0.0,
  "pixel_aspect_ratio": 1.00845468044281,
  "radial_distortion": [
    0.1271735429763794,
    -0.21105742454528809,
    0.0
  ],
  "tangential_distortion": [
    0.0030499822460114956,
    0.008128720335662365
  ],
  "image_size": [
    1072,
    1920
  ]
}