{
  "orientation": [
    [
      0.9306613802909851,
      -0.2131689339876175,
      0.2973690330982208
    ],
    [
      0.234159916639328,
      0.9715161323547363,
      -0.0364077165722847
    ],
    [
      -0.2811378240585327,
      0.10351516306400299,
      0.9540681838989258
    ]
  ],
  "position": [
    3.9877986907958984,
    1.52908456325531,
    0.7446730732917786
  ],
  "focal_length": 1481.450439453125,
  "principal_point": [
    566.6854248046875,
    1031.048828125
  ],
  "skew": 0.0,
  "pixel_aspect_ratio": 1.00845468044281,
  "radial_distortion": [
    0.1271735429763794,
    -0.21105742454528809,
    0.0
  ],
  "tangential_distortion": [
    0.0030499822460114956,
    0.008128720335662365
  ],
  "image_size": [
    1072,
    1920
  ]
}