{
  "orientation": [
    [
      0.9393179416656494,
      -0.12896421551704407,
      0.31788361072540283
    ],
    [
      0.1447974592447281,
      0.9891040325164795,
      -0.02658781222999096
    ],
    [
      -0.3109910786151886,
      0.07100314646959305,
      0.9477568864822388
    ]
  ],
  "position": [
    5.100571632385254,
    0.6647692918777466,
    1.448127031326294
  ],
  "focal_length": 1481.450439453125,
  "principal_point": [
    566.6854248046875,
    1031.048828125
  ],
  "skew": 0.0,
  "pixel_aspect_ratio": 1.00845468044281,
  "radial_distortion": [
    0.1271735429763794,
    -0.21105742454528809,
    0.0
  ],
  "tangential_distortion": [
    0.0030499822460114956,
    0.008128720335662365
  ],
  "image_size": [
    1072,
    1920
  ]
}