{
  "orientation": [
    [
      0.9970967173576355,
      -0.043132733553647995,
      -0.06275132298469543
    ],
    [
      0.04452073946595192,
      0.9987900257110596,
      0.020890988409519196
    ],
    [
      0.06177430599927902,
      -0.02362406998872757,
      0.9978105425834656
    ]
  ],
  "position": [
    -2.3052525520324707,
    2.6211249828338623,
    0.20913256704807281
  ],
  "focal_length": 1481.450439453125,
  "principal_point": [
    566.6854248046875,
    1031.048828125
  ],
  "skew": 0.0,
  "pixel_aspect_ratio": 1.00845468044281,
  "radial_distortion": [
    0.1271735429763794,
    -0.21105742454528809,
    0.0
  ],
  "tangential_distortion": [
    0.0030499822460114956,
    0.008128720335662365
  ],
  "image_size": [
    1072,
    1920
  ]
}