{
  "orientation": [
    [
      0.9974793195724487,
      -0.07050056010484695,
      -0.008038854226469994
    ],
    [
      0.0705811157822609,
      0.9974536895751953,
      0.010221539065241814
    ],
    [
      0.007297760806977749,
      -0.010763165540993214,
      0.9999154210090637
    ]
  ],
  "position": [
    -0.09962262213230133,
    3.1063761711120605,
    0.27030059695243835
  ],
  "focal_length": 1481.450439453125,
  "principal_point": [
    566.6854248046875,
    1031.048828125
  ],
  "skew": 0.0,
  "pixel_aspect_ratio": 1.00845468044281,
  "radial_distortion": [
    0.1271735429763794,
    -0.21105742454528809,
    0.0
  ],
  "tangential_distortion": [
    0.0030499822460114956,
    0.008128720335662365
  ],
  "image_size": [
    1072,
    1920
  ]
}