{
  "orientation": [
    [
      0.9437000751495361,
      -0.18577107787132263,
      0.27371394634246826
    ],
    [
      0.20954397320747375,
      0.9759520888328552,
      -0.06007359176874161
    ],
    [
      -0.255971759557724,
      0.11404655873775482,
      0.9599332213401794
    ]
  ],
  "position": [
    3.8380684852600098,
    -1.5650824308395386,
    0.8667792677879333
  ],
  "focal_length": 1481.450439453125,
  "principal_point": [
    566.6854248046875,
    1031.048828125
  ],
  "skew": 0.0,
  "pixel_aspect_ratio": 1.00845468044281,
  "radial_distortion": [
    0.1271735429763794,
    -0.21105742454528809,
    0.0
  ],
  "tangential_distortion": [
    0.0030499822460114956,
    0.008128720335662365
  ],
  "image_size": [
    1072,
    1920
  ]
}