{
  "orientation": [
    [
      0.9655100703239441,
      0.10373995453119278,
      -0.23880594968795776
    ],
    [
      -0.12448503822088242,
      0.9894989132881165,
      -0.07345288246870041
    ],
    [
      0.22867822647094727,
      0.10064726322889328,
      0.9682852625846863
    ]
  ],
  "position": [
    -3.7349469661712646,
    0.06738406419754028,
    -0.7355381846427917
  ],
  "focal_length": 1481.450439453125,
  "principal_point": [
    566.6854248046875,
    1031.048828125
  ],
  "skew": 0.0,
  "pixel_aspect_ratio": 1.00845468044281,
  "radial_distortion": [
    0.1271735429763794,
    -0.21105742454528809,
    0.0
  ],
  "tangential_distortion": [
    0.0030499822460114956,
    0.008128720335662365
  ],
  "image_size": [
    1072,
    1920
  ]
}