{
  "orientation": [
    [
      0.9730943441390991,
      -0.13212455809116364,
      0.188760444521904
    ],
    [
      0.14079849421977997,
      0.9894798994064331,
      -0.03324645757675171
    ],
    [
      -0.1823819875717163,
      0.05892912298440933,
      0.9814602136611938
    ]
  ],
  "position": [
    3.7677104473114014,
    1.95979642868042,
    1.3307732343673706
  ],
  "focal_length": 1481.450439453125,
  "principal_point": [
    566.6854248046875,
    1031.048828125
  ],
  "skew": 0.0,
  "pixel_aspect_ratio": 1.00845468044281,
  "radial_distortion": [
    0.1271735429763794,
    -0.21105742454528809,
    0.0
  ],
  "tangential_distortion": [
    0.0030499822460114956,
    0.008128720335662365
  ],
  "image_size": [
    1072,
    1920
  ]
}