{
  "orientation": [
    [
      0.9647473096847534,
      0.10919579863548279,
      -0.23945550620555878
    ],
    [
      -0.12838585674762726,
      0.9895246028900146,
      -0.06601633876562119
    ],
    [
      0.22973839938640594,
      0.09443178027868271,
      0.9686603546142578
    ]
  ],
  "position": [
    -3.7369296550750732,
    0.40577641129493713,
    -0.6359875202178955
  ],
  "focal_length": 1481.450439453125,
  "principal_point": [
    566.6854248046875,
    1031.048828125
  ],
  "skew": 0.0,
  "pixel_aspect_ratio": 1.00845468044281,
  "radial_distortion": [
    0.1271735429763794,
    -0.21105742454528809,
    0.0
  ],
  "tangential_distortion": [
    0.0030499822460114956,
    0.008128720335662365
  ],
  "image_size": [
    1072,
    1920
  ]
}