{
  "orientation": [
    [
      0.9967585206031799,
      -0.03574983403086662,
      -0.07207179069519043
    ],
    [
      0.03702010586857796,
      0.9991804957389832,
      0.016366617754101753
    ],
    [
      0.07142762094736099,
      -0.018981672823429108,
      0.9972651600837708
    ]
  ],
  "position": [
    -1.7329260110855103,
    3.267751455307007,
    0.337737113237381
  ],
  "focal_length": 1481.450439453125,
  "principal_point": [
    566.6854248046875,
    1031.048828125
  ],
  "skew": 0.0,
  "pixel_aspect_ratio": 1.00845468044281,
  "radial_distortion": [
    0.1271735429763794,
    -0.21105742454528809,
    0.0
  ],
  "tangential_distortion": [
    0.0030499822460114956,
    0.008128720335662365
  ],
  "image_size": [
    1072,
    1920
  ]
}