{
  "orientation": [
    [
      0.9739382863044739,
      -0.15256717801094055,
      0.16783183813095093
    ],
    [
      0.16045553982257843,
      0.9864431023597717,
      -0.03440909460186958
    ],
    [
      -0.16030685603618622,
      0.06044188141822815,
      0.9852149486541748
    ]
  ],
  "position": [
    2.794883966445923,
    2.378432273864746,
    0.7381941676139832
  ],
  "focal_length": 1481.450439453125,
  "principal_point": [
    566.6854248046875,
    1031.048828125
  ],
  "skew": 0.0,
  "pixel_aspect_ratio": 1.00845468044281,
  "radial_distortion": [
    0.1271735429763794,
    -0.21105742454528809,
    0.0
  ],
  "tangential_distortion": [
    0.0030499822460114956,
    0.008128720335662365
  ],
  "image_size": [
    1072,
    1920
  ]
}