{
  "orientation": [
    [
      0.9654404520988464,
      0.10671133548021317,
      -0.2377760112285614
    ],
    [
      -0.12194046378135681,
      0.991264820098877,
      -0.05024503916501999
    ],
    [
      0.23033729195594788,
      0.07750310748815536,
      0.9700195789337158
    ]
  ],
  "position": [
    -3.548555850982666,
    1.4978865385055542,
    -0.3916831314563751
  ],
  "focal_length": 1481.450439453125,
  "principal_point": [
    566.6854248046875,
    1031.048828125
  ],
  "skew": 0.0,
  "pixel_aspect_ratio": 1.00845468044281,
  "radial_distortion": [
    0.1271735429763794,
    -0.21105742454528809,
    0.0
  ],
  "tangential_distortion": [
    0.0030499822460114956,
    0.008128720335662365
  ],
  "image_size": [
    1072,
    1920
  ]
}