{
  "orientation": [
    [
      0.9610506296157837,
      -0.12324235588312149,
      0.2473721206188202
    ],
    [
      0.13185761868953705,
      0.9910959601402283,
      -0.01850185915827751
    ],
    [
      -0.24288929998874664,
      0.05039912089705467,
      0.9687438607215881
    ]
  ],
  "position": [
    4.862769603729248,
    1.3327338695526123,
    1.3627150058746338
  ],
  "focal_length": 1481.450439453125,
  "principal_point": [
    566.6854248046875,
    1031.048828125
  ],
  "skew": 0.0,
  "pixel_aspect_ratio": 1.00845468044281,
  "radial_distortion": [
    0.1271735429763794,
    -0.21105742454528809,
    0.0
  ],
  "tangential_distortion": [
    0.0030499822460114956,
    0.008128720335662365
  ],
  "image_size": [
    1072,
    1920
  ]
}