{
  "orientation": [
    [
      0.9273753762245178,
      -0.15680848062038422,
      0.3396850824356079
    ],
    [
      0.17751985788345337,
      0.9836422801017761,
      -0.030569760128855705
    ],
    [
      -0.3293350338935852,
      0.08865048736333847,
      0.9400423169136047
    ]
  ],
  "position": [
    4.920116901397705,
    -0.07952295243740082,
    1.5863503217697144
  ],
  "focal_length": 1481.450439453125,
  "principal_point": [
    566.6854248046875,
    1031.048828125
  ],
  "skew": 0.0,
  "pixel_aspect_ratio": 1.00845468044281,
  "radial_distortion": [
    0.1271735429763794,
    -0.21105742454528809,
    0.0
  ],
  "tangential_distortion": [
    0.0030499822460114956,
    0.008128720335662365
  ],
  "image_size": [
    1072,
    1920
  ]
}