{
  "orientation": [
    [
      0.9706572890281677,
      0.07831263542175293,
      -0.22735777497291565
    ],
    [
      -0.08438047021627426,
      0.9962872862815857,
      -0.017077190801501274
    ],
    [
      0.22517628967761993,
      0.035760655999183655,
      0.9736615419387817
    ]
  ],
  "position": [
    -3.032144069671631,
    2.593945026397705,
    -0.2666509747505188
  ],
  "focal_length": 1481.450439453125,
  "principal_point": [
    566.6854248046875,
    1031.048828125
  ],
  "skew": 0.0,
  "pixel_aspect_ratio": 1.00845468044281,
  "radial_distortion": [
    0.1271735429763794,
    -0.21105742454528809,
    0.0
  ],
  "tangential_distortion": [
    0.0030499822460114956,
    0.008128720335662365
  ],
  "image_size": [
    1072,
    1920
  ]
}