{
  "orientation": [
    [
      0.9652756452560425,
      0.10679285228252411,
      -0.23840755224227905
    ],
    [
      -0.12459606677293777,
      0.9903395771980286,
      -0.06085528805851936
    ],
    [
      0.2296055257320404,
      0.08844677358865738,
      0.9692566394805908
    ]
  ],
  "position": [
    -3.6764018535614014,
    0.9737552404403687,
    -0.47274163365364075
  ],
  "focal_length": 1481.450439453125,
  "principal_point": [
    566.6854248046875,
    1031.048828125
  ],
  "skew": 0.0,
  "pixel_aspect_ratio": 1.00845468044281,
  "radial_distortion": [
    0.1271735429763794,
    -0.21105742454528809,
    0.0
  ],
  "tangential_distortion": [
    0.0030499822460114956,
    0.008128720335662365
  ],
  "image_size": [
    1072,
    1920
  ]
}