{
  "orientation": [
    [
      0.9931707978248596,
      -0.10586606711149216,
      0.04903215169906616
    ],
    [
      0.11043359339237213,
      0.9885944724082947,
      -0.10239846259355545
    ],
    [
      -0.03763239085674286,
      0.10711395740509033,
      0.9935343265533447
    ]
  ],
  "position": [
    0.2015366405248642,
    -2.1877293586730957,
    -0.7557954788208008
  ],
  "focal_length": 1481.450439453125,
  "principal_point": [
    566.6854248046875,
    1031.048828125
  ],
  "skew": 0.0,
  "pixel_aspect_ratio": 1.00845468044281,
  "radial_distortion": [
    0.1271735429763794,
    -0.21105742454528809,
    0.0
  ],
  "tangential_distortion": [
    0.0030499822460114956,
    0.008128720335662365
  ],
  "image_size": [
    1072,
    1920
  ]
}