{
  "orientation": [
    [
      0.954779326915741,
      -0.12055252492427826,
      0.271778404712677
    ],
    [
      0.13013269007205963,
      0.9913432598114014,
      -0.01743723824620247
    ],
    [
      -0.2673235833644867,
      0.052015967667102814,
      0.9622018933296204
    ]
  ],
  "position": [
    5.029242038726807,
    1.1235742568969727,
    1.360735297203064
  ],
  "focal_length": 1481.450439453125,
  "principal_point": [
    566.6854248046875,
    1031.048828125
  ],
  "skew": 0.0,
  "pixel_aspect_ratio": 1.00845468044281,
  "radial_distortion": [
    0.1271735429763794,
    -0.21105742454528809,
    0.0
  ],
  "tangential_distortion": [
    0.0030499822460114956,
    0.008128720335662365
  ],
  "image_size": [
    1072,
    1920
  ]
}