{
  "orientation": [
    [
      0.9353028535842896,
      -0.18988148868083954,
      0.2985859811306
    ],
    [
      0.2124173790216446,
      0.9761602282524109,
      -0.0446096695959568
    ],
    [
      -0.2829972207546234,
      0.10514840483665466,
      0.9533395767211914
    ]
  ],
  "position": [
    4.021824359893799,
    -1.3677600622177124,
    0.994513988494873
  ],
  "focal_length": 1481.450439453125,
  "principal_point": [
    566.6854248046875,
    1031.048828125
  ],
  "skew": 0.0,
  "pixel_aspect_ratio": 1.00845468044281,
  "radial_distortion": [
    0.1271735429763794,
    -0.21105742454528809,
    0.0
  ],
  "tangential_distortion": [
    0.0030499822460114956,
    0.008128720335662365
  ],
  "image_size": [
    1072,
    1920
  ]
}