{
  "orientation": [
    [
      0.9924839735031128,
      -0.0028871376998722553,
      -0.12234073132276535
    ],
    [
      0.004267207812517881,
      0.9999301433563232,
      0.011020037345588207
    ],
    [
      0.12230037152767181,
      -0.01145926397293806,
      0.9924269914627075
    ]
  ],
  "position": [
    -2.398423671722412,
    3.1965832710266113,
    -0.054077450186014175
  ],
  "focal_length": 1481.450439453125,
  "principal_point": [
    566.6854248046875,
    1031.048828125
  ],
  "skew": 0.0,
  "pixel_aspect_ratio": 1.00845468044281,
  "radial_distortion": [
    0.1271735429763794,
    -0.21105742454528809,
    0.0
  ],
  "tangential_distortion": [
    0.0030499822460114956,
    0.008128720335662365
  ],
  "image_size": [
    1072,
    1920
  ]
}