{
  "orientation": [
    [
      0.9072431325912476,
      -0.2357722669839859,
      0.3483121693134308
    ],
    [
      0.2650561034679413,
      0.9634755253791809,
      -0.038211457431316376
    ],
    [
      -0.32658106088638306,
      0.12698934972286224,
      0.9365994334220886
    ]
  ],
  "position": [
    4.3392205238342285,
    0.8703609704971313,
    0.9004829525947571
  ],
  "focal_length": 1481.450439453125,
  "principal_point": [
    566.6854248046875,
    1031.048828125
  ],
  "skew": 0.0,
  "pixel_aspect_ratio": 1.00845468044281,
  "radial_distortion": [
    0.1271735429763794,
    -0.21105742454528809,
    0.0
  ],
  "tangential_distortion": [
    0.0030499822460114956,
    0.008128720335662365
  ],
  "image_size": [
    1072,
    1920
  ]
}