{
  "orientation": [
    [
      0.9839236736297607,
      0.07824479043483734,
      -0.1605365127325058
    ],
    [
      -0.09426791965961456,
      0.9910284876823425,
      -0.09474242478609085
    ],
    [
      0.15168315172195435,
      0.10835275799036026,
      0.9824723601341248
    ]
  ],
  "position": [
    -2.621232271194458,
    -1.2519886493682861,
    -1.0425945520401
  ],
  "focal_length": 1481.450439453125,
  "principal_point": [
    566.6854248046875,
    1031.048828125
  ],
  "skew": 0.0,
  "pixel_aspect_ratio": 1.00845468044281,
  "radial_distortion": [
    0.1271735429763794,
    -0.21105742454528809,
    0.0
  ],
  "tangential_distortion": [
    0.0030499822460114956,
    0.008128720335662365
  ],
  "image_size": [
    1072,
    1920
  ]
}