{
  "orientation": [
    [
      0.9745585322380066,
      -0.16910049319267273,
      0.14710776507854462
    ],
    [
      0.18020844459533691,
      0.9814327955245972,
      -0.06568586081266403
    ],
    [
      -0.13326886296272278,
      0.09052477777004242,
      0.9869370460510254
    ]
  ],
  "position": [
    2.055769920349121,
    -2.339430809020996,
    -0.34919828176498413
  ],
  "focal_length": 1481.450439453125,
  "principal_point": [
    566.6854248046875,
    1031.048828125
  ],
  "skew": 0.0,
  "pixel_aspect_ratio": 1.00845468044281,
  "radial_distortion": [
    0.1271735429763794,
    -0.21105742454528809,
    0.0
  ],
  "tangential_distortion": [
    0.0030499822460114956,
    0.008128720335662365
  ],
  "image_size": [
    1072,
    1920
  ]
}