{
  "orientation": [
    [
      0.997590959072113,
      -0.0513150617480278,
      -0.046680595725774765
    ],
    [
      0.05174825340509415,
      0.9986271858215332,
      0.008118405006825924
    ],
    [
      0.04619991406798363,
      -0.010514486581087112,
      0.9988768696784973
    ]
  ],
  "position": [
    -0.988662600517273,
    3.2187161445617676,
    0.27715569734573364
  ],
  "focal_length": 1481.450439453125,
  "principal_point": [
    566.6854248046875,
    1031.048828125
  ],
  "skew": 0.0,
  "pixel_aspect_ratio": 1.00845468044281,
  "radial_distortion": [
    0.1271735429763794,
    -0.21105742454528809,
    0.0
  ],
  "tangential_distortion": [
    0.0030499822460114956,
    0.008128720335662365
  ],
  "image_size": [
    1072,
    1920
  ]
}