{
  "orientation": [
    [
      0.9894430637359619,
      -0.11409109085798264,
      0.08936265856027603
    ],
    [
      0.11662308871746063,
      0.9928951859474182,
      -0.023627454414963722
    ],
    [
      -0.08603207021951675,
      0.03379977121949196,
      0.9957188367843628
    ]
  ],
  "position": [
    1.534912347793579,
    2.7185404300689697,
    0.9069830179214478
  ],
  "focal_length": 1481.450439453125,
  "principal_point": [
    566.6854248046875,
    1031.048828125
  ],
  "skew": 0.0,
  "pixel_aspect_ratio": 1.00845468044281,
  "radial_distortion": [
    0.1271735429763794,
    -0.21105742454528809,
    0.0
  ],
  "tangential_distortion": [
    0.0030499822460114956,
    0.008128720335662365
  ],
  "image_size": [
    1072,
    1920
  ]
}