{
  "orientation": [
    [
      0.9443374872207642,
      -0.19662423431873322,
      0.2637529671192169
    ],
    [
      0.2142581343650818,
      0.9759760499000549,
      -0.039550043642520905
    ],
    [
      -0.2496400773525238,
      0.09385979920625687,
      0.963779091835022
    ]
  ],
  "position": [
    3.938746929168701,
    1.6634831428527832,
    0.42474737763404846
  ],
  "focal_length": 1481.450439453125,
  "principal_point": [
    566.6854248046875,
    1031.048828125
  ],
  "skew": 0.0,
  "pixel_aspect_ratio": 1.00845468044281,
  "radial_distortion": [
    0.1271735429763794,
    -0.21105742454528809,
    0.0
  ],
  "tangential_distortion": [
    0.0030499822460114956,
    0.008128720335662365
  ],
  "image_size": [
    1072,
    1920
  ]
}