{
  "orientation": [
    [
      0.977161705493927,
      -0.12611213326454163,
      0.17102858424186707
    ],
    [
      0.13325746357440948,
      0.9905991554260254,
      -0.030915964394807816
    ],
    [
      -0.16552188992500305,
      0.05300073325634003,
      0.9847809076309204
    ]
  ],
  "position": [
    3.35172963142395,
    2.1431663036346436,
    1.2462750673294067
  ],
  "focal_length": 1481.450439453125,
  "principal_point": [
    566.6854248046875,
    1031.048828125
  ],
  "skew": 0.0,
  "pixel_aspect_ratio": 1.00845468044281,
  "radial_distortion": [
    0.1271735429763794,
    -0.21105742454528809,
    0.0
  ],
  "tangential_distortion": [
    0.0030499822460114956,
    0.008128720335662365
  ],
  "image_size": [
    1072,
    1920
  ]
}