{
  "orientation": [
    [
      0.9944450855255127,
      -0.10519566386938095,
      0.0035779657773673534
    ],
    [
      0.10514761507511139,
      0.9943880438804626,
      0.011677075177431107
    ],
    [
      -0.004786264151334763,
      -0.011235996149480343,
      0.999925434589386
    ]
  ],
  "position": [
    -0.8270485997200012,
    2.7887821197509766,
    0.6228367686271667
  ],
  "focal_length": 1481.450439453125,
  "principal_point": [
    566.6854248046875,
    1031.048828125
  ],
  "skew": 0.0,
  "pixel_aspect_ratio": 1.00845468044281,
  "radial_distortion": [
    0.1271735429763794,
    -0.21105742454528809,
    0.0
  ],
  "tangential_distortion": [
    0.0030499822460114956,
    0.008128720335662365
  ],
  "image_size": [
    1072,
    1920
  ]
}