{
  "orientation": [
    [
      0.9957261681556702,
      -0.0922652930021286,
      -0.004065814893692732
    ],
    [
      0.09231998771429062,
      0.9955946803092957,
      0.01637800596654415
    ],
    [
      0.00253678229637444,
      -0.016683364287018776,
      0.9998576045036316
    ]
  ],
  "position": [
    -1.1688439846038818,
    2.759727716445923,
    0.5678571462631226
  ],
  "focal_length": 1481.450439453125,
  "principal_point": [
    566.6854248046875,
    1031.048828125
  ],
  "skew": 0.0,
  "pixel_aspect_ratio": 1.00845468044281,
  "radial_distortion": [
    0.1271735429763794,
    -0.21105742454528809,
    0.0
  ],
  "tangential_distortion": [
    0.0030499822460114956,
    0.008128720335662365
  ],
  "image_size": [
    1072,
    1920
  ]
}