{
  "orientation": [
    [
      0.9761716723442078,
      -0.17193903028964996,
      0.1323850303888321
    ],
    [
      0.18157558143138885,
      0.9812630414962769,
      -0.0644448846578598
    ],
    [
      -0.11882394552230835,
      0.08694715797901154,
      0.9891011118888855
    ]
  ],
  "position": [
    1.6699564456939697,
    -2.3113064765930176,
    -0.42769572138786316
  ],
  "focal_length": 1481.450439453125,
  "principal_point": [
    566.6854248046875,
    1031.048828125
  ],
  "skew": 0.0,
  "pixel_aspect_ratio": 1.00845468044281,
  "radial_distortion": [
    0.1271735429763794,
    -0.21105742454528809,
    0.0
  ],
  "tangential_distortion": [
    0.0030499822460114956,
    0.008128720335662365
  ],
  "image_size": [
    1072,
    1920
  ]
}