{
  "orientation": [
    [
      0.9907631278038025,
      -0.11942779272794724,
      0.06422938406467438
    ],
    [
      0.12084248661994934,
      0.992497444152832,
      -0.0185974333435297
    ],
    [
      -0.061526451259851456,
      0.026187289506196976,
      0.9977618455886841
    ]
  ],
  "position": [
    0.9978016018867493,
    2.7997164726257324,
    0.7967589497566223
  ],
  "focal_length": 1481.450439453125,
  "principal_point": [
    566.6854248046875,
    1031.048828125
  ],
  "skew": 0.0,
  "pixel_aspect_ratio": 1.00845468044281,
  "radial_distortion": [
    0.1271735429763794,
    -0.21105742454528809,
    0.0
  ],
  "tangential_distortion": [
    0.0030499822460114956,
    0.008128720335662365
  ],
  "image_size": [
    1072,
    1920
  ]
}