{
  "orientation": [
    [
      0.9849286675453186,
      -0.12484773248434067,
      0.11970191448926926
    ],
    [
      0.12806761264801025,
      0.9915724396705627,
      -0.019564304500818253
    ],
    [
      -0.11625056713819504,
      0.03459938243031502,
      0.9926170706748962
    ]
  ],
  "position": [
    2.074840784072876,
    2.652918815612793,
    0.5222355723381042
  ],
  "focal_length": 1481.450439453125,
  "principal_point": [
    566.6854248046875,
    1031.048828125
  ],
  "skew": 0.0,
  "pixel_aspect_ratio": 1.00845468044281,
  "radial_distortion": [
    0.1271735429763794,
    -0.21105742454528809,
    0.0
  ],
  "tangential_distortion": [
    0.0030499822460114956,
    0.008128720335662365
  ],
  "image_size": [
    1072,
    1920
  ]
}