{
  "orientation": [
    [
      0.9982276558876038,
      -0.05944933742284775,
      0.002705503022298217
    ],
    [
      0.05938008055090904,
      0.9919916391372681,
      -0.1114748939871788
    ],
    [
      0.003943272400647402,
      0.11143797636032104,
      0.9937635660171509
    ]
  ],
  "position": [
    -0.4533933103084564,
    -1.9898196458816528,
    -0.7697520852088928
  ],
  "focal_length": 1481.450439453125,
  "principal_point": [
    566.6854248046875,
    1031.048828125
  ],
  "skew": 0.0,
  "pixel_aspect_ratio": 1.00845468044281,
  "radial_distortion": [
    0.1271735429763794,
    -0.21105742454528809,
    0.0
  ],
  "tangential_distortion": [
    0.0030499822460114956,
    0.008128720335662365
  ],
  "image_size": [
    1072,
    1920
  ]
}