{
  "orientation": [
    [
      0.967061460018158,
      0.08947420120239258,
      -0.23829925060272217
    ],
    [
      -0.09993371367454529,
      0.9944744110107422,
      -0.032153818756341934
    ],
    [
      0.23410557210445404,
      0.05490884557366371,
      0.9706593751907349
    ]
  ],
  "position": [
    -3.2573201656341553,
    2.2076847553253174,
    -0.1404256671667099
  ],
  "focal_length": 1481.450439453125,
  "principal_point": [
    566.6854248046875,
    1031.048828125
  ],
  "skew": 0.0,
  "pixel_aspect_ratio": 1.00845468044281,
  "radial_distortion": [
    0.1271735429763794,
    -0.21105742454528809,
    0.0
  ],
  "tangential_distortion": [
    0.0030499822460114956,
    0.008128720335662365
  ],
  "image_size": [
    1072,
    1920
  ]
}