{
  "orientation": [
    [
      0.9667131304740906,
      -0.17482368648052216,
      0.18682189285755157
    ],
    [
      0.1905452311038971,
      0.9792035222053528,
      -0.06966317445039749
    ],
    [
      -0.17075787484645844,
      0.1029423251748085,
      0.9799207448959351
    ]
  ],
  "position": [
    3.0554540157318115,
    -2.0346455574035645,
    0.3419181704521179
  ],
  "focal_length": 1481.450439453125,
  "principal_point": [
    566.6854248046875,
    1031.048828125
  ],
  "skew": 0.0,
  "pixel_aspect_ratio": 1.00845468044281,
  "radial_distortion": [
    0.1271735429763794,
    -0.21105742454528809,
    0.0
  ],
  "tangential_distortion": [
    0.0030499822460114956,
    0.008128720335662365
  ],
  "image_size": [
    1072,
    1920
  ]
}