{
  "orientation": [
    [
      0.977782666683197,
      0.03756474331021309,
      -0.20622779428958893
    ],
    [
      -0.03738372400403023,
      0.9992895722389221,
      0.004775776993483305
    ],
    [
      0.20626068115234375,
      0.0030398904345929623,
      0.9784923791885376
    ]
  ],
  "position": [
    -2.8697245121002197,
    2.960169792175293,
    -0.13576099276542664
  ],
  "focal_length": 1481.450439453125,
  "principal_point": [
    566.6854248046875,
    1031.048828125
  ],
  "skew": 0.0,
  "pixel_aspect_ratio": 1.00845468044281,
  "radial_distortion": [
    0.1271735429763794,
    -0.21105742454528809,
    0.0
  ],
  "tangential_distortion": [
    0.0030499822460114956,
    0.008128720335662365
  ],
  "image_size": [
    1072,
    1920
  ]
}