{
  "orientation": [
    [
      0.9682764410972595,
      -0.1344524323940277,
      0.2106260359287262
    ],
    [
      0.1440303921699524,
      0.9890956282615662,
      -0.030741315335035324
    ],
    [
      -0.20419606566429138,
      0.060102641582489014,
      0.9770832061767578
    ]
  ],
  "position": [
    4.210011005401611,
    1.7576626539230347,
    1.3419979810714722
  ],
  "focal_length": 1481.450439453125,
  "principal_point": [
    566.6854248046875,
    1031.048828125
  ],
  "skew": 0.0,
  "pixel_aspect_ratio": 1.00845468044281,
  "radial_distortion": [
    0.1271735429763794,
    -0.21105742454528809,
    0.0
  ],
  "tangential_distortion": [
    0.0030499822460114956,
    0.008128720335662365
  ],
  "image_size": [
    1072,
    1920
  ]
}