{
  "orientation": [
    [
      0.9678053855895996,
      -0.1618255078792572,
      0.19278277456760406
    ],
    [
      0.1722867339849472,
      0.9842870235443115,
      -0.038682278245687485
    ],
    [
      -0.18349379301071167,
      0.07065083086490631,
      0.9804787039756775
    ]
  ],
  "position": [
    3.1870734691619873,
    2.1939117908477783,
    0.7535093426704407
  ],
  "focal_length": 1481.450439453125,
  "principal_point": [
    566.6854248046875,
    1031.048828125
  ],
  "skew": 0.0,
  "pixel_aspect_ratio": 1.00845468044281,
  "radial_distortion": [
    0.1271735429763794,
    -0.21105742454528809,
    0.0
  ],
  "tangential_distortion": [
    0.0030499822460114956,
    0.008128720335662365
  ],
  "image_size": [
    1072,
    1920
  ]
}