{
  "orientation": [
    [
      0.958299994468689,
      -0.18616412580013275,
      0.2168041467666626
    ],
    [
      0.20512138307094574,
      0.9763509631156921,
      -0.06829347461462021
    ],
    [
      -0.19896313548088074,
      0.1099167987704277,
      0.9738233685493469
    ]
  ],
  "position": [
    3.2692723274230957,
    -1.88507080078125,
    0.5102678537368774
  ],
  "focal_length": 1481.450439453125,
  "principal_point": [
    566.6854248046875,
    1031.048828125
  ],
  "skew": 0.0,
  "pixel_aspect_ratio": 1.00845468044281,
  "radial_distortion": [
    0.1271735429763794,
    -0.21105742454528809,
    0.0
  ],
  "tangential_distortion": [
    0.0030499822460114956,
    0.008128720335662365
  ],
  "image_size": [
    1072,
    1920
  ]
}