{
  "orientation": [
    [
      0.9961123466491699,
      0.026509802788496017,
      -0.0840086117386818
    ],
    [
      -0.03478267788887024,
      0.9945194721221924,
      -0.09859631210565567
    ],
    [
      0.08093443512916565,
      0.10113504528999329,
      0.9915751814842224
    ]
  ],
  "position": [
    -1.184158205986023,
    -1.7322791814804077,
    -0.9407057166099548
  ],
  "focal_length": 1481.450439453125,
  "principal_point": [
    566.6854248046875,
    1031.048828125
  ],
  "skew": 0.0,
  "pixel_aspect_ratio": 1.00845468044281,
  "radial_distortion": [
    0.1271735429763794,
    -0.21105742454528809,
    0.0
  ],
  "tangential_distortion": [
    0.0030499822460114956,
    0.008128720335662365
  ],
  "image_size": [
    1072,
    1920
  ]
}