{
  "orientation": [
    [
      0.9256109595298767,
      -0.1768784075975418,
      0.33460184931755066
    ],
    [
      0.19704633951187134,
      0.9800215363502502,
      -0.027027955278754234
    ],
    [
      -0.3231363594532013,
      0.09094943851232529,
      0.9419718980789185
    ]
  ],
  "position": [
    4.692075729370117,
    -0.6341798305511475,
    1.3516522645950317
  ],
  "focal_length": 1481.450439453125,
  "principal_point": [
    566.6854248046875,
    1031.048828125
  ],
  "skew": 0.0,
  "pixel_aspect_ratio": 1.00845468044281,
  "radial_distortion": [
    0.1271735429763794,
    -0.21105742454528809,
    0.0
  ],
  "tangential_distortion": [
    0.0030499822460114956,
    0.008128720335662365
  ],
  "image_size": [
    1072,
    1920
  ]
}