{
  "orientation": [
    [
      0.9298787117004395,
      -0.14377178251743317,
      0.3386078476905823
    ],
    [
      0.16405758261680603,
      0.9859346151351929,
      -0.0319073311984539
    ],
    [
      -0.3292578160762787,
      0.08522113412618637,
      0.9403864145278931
    ]
  ],
  "position": [
    5.0768022537231445,
    0.16357797384262085,
    1.5123718976974487
  ],
  "focal_length": 1481.450439453125,
  "principal_point": [
    566.6854248046875,
    1031.048828125
  ],
  "skew": 0.0,
  "pixel_aspect_ratio": 1.00845468044281,
  "radial_distortion": [
    0.1271735429763794,
    -0.21105742454528809,
    0.0
  ],
  "tangential_distortion": [
    0.0030499822460114956,
    0.008128720335662365
  ],
  "image_size": [
    1072,
    1920
  ]
}