{
  "orientation": [
    [
      0.9943491220474243,
      -0.10405934602022171,
      0.02101106196641922
    ],
    [
      0.10398054122924805,
      0.9945676922798157,
      0.00481181126087904
    ],
    [
      -0.021397637203335762,
      -0.002599878702312708,
      0.9997676610946655
    ]
  ],
  "position": [
    -0.32880833745002747,
    2.8144690990448,
    0.8417256474494934
  ],
  "focal_length": 1481.450439453125,
  "principal_point": [
    566.6854248046875,
    1031.048828125
  ],
  "skew": 0.0,
  "pixel_aspect_ratio": 1.00845468044281,
  "radial_distortion": [
    0.1271735429763794,
    -0.21105742454528809,
    0.0
  ],
  "tangential_distortion": [
    0.0030499822460114956,
    0.008128720335662365
  ],
  "image_size": [
    1072,
    1920
  ]
}