{
  "orientation": [
    [
      0.9426203370094299,
      -0.1752149611711502,
      0.28419458866119385
    ],
    [
      0.17766264081001282,
      0.9839383959770203,
      0.01735539920628071
    ],
    [
      -0.28267091512680054,
      0.03413120657205582,
      0.9586095213890076
    ]
  ],
  "position": [
    4.030478477478027,
    1.2163161039352417,
    0.6737838387489319
  ],
  "focal_length": 1481.450439453125,
  "principal_point": [
    566.6854248046875,
    1031.048828125
  ],
  "skew": 0.0,
  "pixel_aspect_ratio": 1.00845468044281,
  "radial_distortion": [
    0.1271735429763794,
    -0.21105742454528809,
    0.0
  ],
  "tangential_distortion": [
    0.0030499822460114956,
    0.008128720335662365
  ],
  "image_size": [
    1072,
    1920
  ]
}