{
  "orientation": [
    [
      0.940776526927948,
      -0.17430011928081512,
      0.29079023003578186
    ],
    [
      0.17733436822891235,
      0.9840189218521118,
      0.016103053465485573
    ],
    [
      -0.2889498472213745,
      0.03641772270202637,
      0.9566513299942017
    ]
  ],
  "position": [
    4.428867816925049,
    0.9777525663375854,
    0.5464522838592529
  ],
  "focal_length": 1481.450439453125,
  "principal_point": [
    566.6854248046875,
    1031.048828125
  ],
  "skew": 0.0,
  "pixel_aspect_ratio": 1.00845468044281,
  "radial_distortion": [
    0.1271735429763794,
    -0.21105742454528809,
    0.0
  ],
  "tangential_distortion": [
    0.0030499822460114956,
    0.008128720335662365
  ],
  "image_size": [
    1072,
    1920
  ]
}