{
  "orientation": [
    [
      0.9021211266517639,
      -0.25269800424575806,
      0.34974437952041626
    ],
    [
      0.28238731622695923,
      0.9586341977119446,
      -0.03574786335229874
    ],
    [
      -0.32624351978302,
      0.13101227581501007,
      0.9361628890037537
    ]
  ],
  "position": [
    3.2251291275024414,
    -1.5418037176132202,
    -0.5565585494041443
  ],
  "focal_length": 1481.450439453125,
  "principal_point": [
    566.6854248046875,
    1031.048828125
  ],
  "skew": 0.0,
  "pixel_aspect_ratio": 1.00845468044281,
  "radial_distortion": [
    0.1271735429763794,
    -0.21105742454528809,
    0.0
  ],
  "tangential_distortion": [
    0.0030499822460114956,
    0.008128720335662365
  ],
  "image_size": [
    1072,
    1920
  ]
}