{
  "orientation": [
    [
      0.8961261510848999,
      -0.23751389980316162,
      0.374893456697464
    ],
    [
      0.2464996576309204,
      0.9688310623168945,
      0.02458314225077629
    ],
    [
      -0.36904725432395935,
      0.07038150727748871,
      0.926741898059845
    ]
  ],
  "position": [
    2.906100034713745,
    -2.4174463748931885,
    -0.928606390953064
  ],
  "focal_length": 1481.450439453125,
  "principal_point": [
    566.6854248046875,
    1031.048828125
  ],
  "skew": 0.0,
  "pixel_aspect_ratio": 1.00845468044281,
  "radial_distortion": [
    0.1271735429763794,
    -0.21105742454528809,
    0.0
  ],
  "tangential_distortion": [
    0.0030499822460114956,
    0.008128720335662365
  ],
  "image_size": [
    1072,
    1920
  ]
}