{
  "orientation": [
    [
      0.9918117523193359,
      -0.12711293995380402,
      -0.01231676246970892
    ],
    [
      0.1275435835123062,
      0.9908117055892944,
      0.044997990131378174
    ],
    [
      0.006483765784651041,
      -0.0462004616856575,
      0.9989111423492432
    ]
  ],
  "position": [
    -1.808199167251587,
    2.9401915073394775,
    0.4240533709526062
  ],
  "focal_length": 1481.450439453125,
  "principal_point": [
    566.6854248046875,
    1031.048828125
  ],
  "skew": 0.0,
  "pixel_aspect_ratio": 1.00845468044281,
  "radial_distortion": [
    0.1271735429763794,
    -0.21105742454528809,
    0.0
  ],
  "tangential_distortion": [
    0.0030499822460114956,
    0.008128720335662365
  ],
  "image_size": [
    1072,
    1920
  ]
}