{
  "orientation": [
    [
      0.9608871936798096,
      -0.2046421617269516,
      0.1865941286087036
    ],
    [
      0.20423446595668793,
      0.9786832928657532,
      0.02161688543856144
    ],
    [
      -0.1870402842760086,
      0.01733756624162197,
      0.9821992516517639
    ]
  ],
  "position": [
    2.579766273498535,
    1.852561354637146,
    0.38763606548309326
  ],
  "focal_length": 1481.450439453125,
  "principal_point": [
    566.6854248046875,
    1031.048828125
  ],
  "skew": 0.0,
  "pixel_aspect_ratio": 1.00845468044281,
  "radial_distortion": [
    0.1271735429763794,
    -0.21105742454528809,
    0.0
  ],
  "tangential_distortion": [
    0.0030499822460114956,
    0.008128720335662365
  ],
  "image_size": [
    1072,
    1920
  ]
}