{
  "orientation": [
    [
      0.9549413919448853,
      -0.1948399543762207,
      0.22388452291488647
    ],
    [
      0.2010456621646881,
      0.9795688986778259,
      -0.005036827642470598
    ],
    [
      -0.21832895278930664,
      0.04982088878750801,
      0.9746026396751404
    ]
  ],
  "position": [
    1.8145068883895874,
    -2.613407611846924,
    -1.1818610429763794
  ],
  "focal_length": 1481.450439453125,
  "principal_point": [
    566.6854248046875,
    1031.048828125
  ],
  "skew": 0.0,
  "pixel_aspect_ratio": 1.00845468044281,
  "radial_distortion": [
    0.1271735429763794,
    -0.21105742454528809,
    0.0
  ],
  "tangential_distortion": [
    0.0030499822460114956,
    0.008128720335662365
  ],
  "image_size": [
    1072,
    1920
  ]
}