{
  "orientation": [
    [
      0.9771749973297119,
      -0.16230492293834686,
      0.13706260919570923
    ],
    [
      0.17135314643383026,
      0.9835626482963562,
      -0.056944407522678375
    ],
    [
      -0.12556730210781097,
      0.07913076132535934,
      0.9889242649078369
    ]
  ],
  "position": [
    1.4709316492080688,
    -1.8514693975448608,
    -1.2786582708358765
  ],
  "focal_length": 1481.450439453125,
  "principal_point": [
    566.6854248046875,
    1031.048828125
  ],
  "skew": 0.0,
  "pixel_aspect_ratio": 1.00845468044281,
  "radial_distortion": [
    0.1271735429763794,
    -0.21105742454528809,
    0.0
  ],
  "tangential_distortion": [
    0.0030499822460114956,
    0.008128720335662365
  ],
  "image_size": [
    1072,
    1920
  ]
}