{
  "orientation": [
    [
      0.9947059154510498,
      -0.05667322129011154,
      -0.0857219249010086
    ],
    [
      0.0582757368683815,
      0.9981673359870911,
      0.01630697213113308
    ],
    [
      0.08464065939188004,
      -0.021216150373220444,
      0.9961856603622437
    ]
  ],
  "position": [
    -2.932626247406006,
    2.668766736984253,
    0.19895446300506592
  ],
  "focal_length": 1481.450439453125,
  "principal_point": [
    566.6854248046875,
    1031.048828125
  ],
  "skew": 0.0,
  "pixel_aspect_ratio": 1.00845468044281,
  "radial_distortion": [
    0.1271735429763794,
    -0.21105742454528809,
    0.0
  ],
  "tangential_distortion": [
    0.0030499822460114956,
    0.008128720335662365
  ],
  "image_size": [
    1072,
    1920
  ]
}