{
  "orientation": [
    [
      0.9388940930366516,
      -0.17163938283920288,
      0.2983584702014923
    ],
    [
      0.1753489226102829,
      0.9843994975090027,
      0.014504854567348957
    ],
    [
      -0.29619354009628296,
      0.03869831562042236,
      0.9543436765670776
    ]
  ],
  "position": [
    4.733876705169678,
    0.7768422961235046,
    0.5492615103721619
  ],
  "focal_length": 1481.450439453125,
  "principal_point": [
    566.6854248046875,
    1031.048828125
  ],
  "skew": 0.0,
  "pixel_aspect_ratio": 1.00845468044281,
  "radial_distortion": [
    0.1271735429763794,
    -0.21105742454528809,
    0.0
  ],
  "tangential_distortion": [
    0.0030499822460114956,
    0.008128720335662365
  ],
  "image_size": [
    1072,
    1920
  ]
}