{
  "orientation": [
    [
      0.9460127353668213,
      -0.20666171610355377,
      0.2497013956308365
    ],
    [
      0.21237580478191376,
      0.9771792888641357,
      0.004146278835833073
    ],
    [
      -0.24485990405082703,
      0.049108099192380905,
      0.968313992023468
    ]
  ],
  "position": [
    2.124169111251831,
    -2.5134313106536865,
    -1.0053455829620361
  ],
  "focal_length": 1481.450439453125,
  "principal_point": [
    566.6854248046875,
    1031.048828125
  ],
  "skew": 0.0,
  "pixel_aspect_ratio": 1.00845468044281,
  "radial_distortion": [
    0.1271735429763794,
    -0.21105742454528809,
    0.0
  ],
  "tangential_distortion": [
    0.0030499822460114956,
    0.008128720335662365
  ],
  "image_size": [
    1072,
    1920
  ]
}