{
  "orientation": [
    [
      0.9855550527572632,
      0.07509254664182663,
      -0.15179693698883057
    ],
    [
      -0.0753195658326149,
      0.9971503615379333,
      0.004262165166437626
    ],
    [
      0.15168441832065582,
      0.007232679985463619,
      0.9884024858474731
    ]
  ],
  "position": [
    -4.015721321105957,
    0.9804304838180542,
    -0.479967325925827
  ],
  "focal_length": 1481.450439453125,
  "principal_point": [
    566.6854248046875,
    1031.048828125
  ],
  "skew": 0.0,
  "pixel_aspect_ratio": 1.00845468044281,
  "radial_distortion": [
    0.1271735429763794,
    -0.21105742454528809,
    0.0
  ],
  "tangential_distortion": [
    0.0030499822460114956,
    0.008128720335662365
  ],
  "image_size": [
    1072,
    1920
  ]
}