{
  "orientation": [
    [
      0.9970869421958923,
      0.027979612350463867,
      -0.07095613330602646
    ],
    [
      -0.032028015702962875,
      0.9978845119476318,
      -0.05657430738210678
    ],
    [
      0.06922309845685959,
      0.05868208408355713,
      0.995873749256134
    ]
  ],
  "position": [
    -2.878220796585083,
    -0.5991635918617249,
    -0.9522090554237366
  ],
  "focal_length": 1481.450439453125,
  "principal_point": [
    566.6854248046875,
    1031.048828125
  ],
  "skew": 0.0,
  "pixel_aspect_ratio": 1.00845468044281,
  "radial_distortion": [
    0.1271735429763794,
    -0.21105742454528809,
    0.0
  ],
  "tangential_distortion": [
    0.0030499822460114956,
    0.008128720335662365
  ],
  "image_size": [
    1072,
    1920
  ]
}