{
  "orientation": [
    [
      0.9982755780220032,
      -0.03523898869752884,
      0.0469474233686924
    ],
    [
      0.038358334451913834,
      0.9969958662986755,
      -0.06728935986757278
    ],
    [
      -0.044435176998376846,
      0.06897415220737457,
      0.9966283440589905
    ]
  ],
  "position": [
    -0.9948210716247559,
    -1.1552976369857788,
    -1.0940747261047363
  ],
  "focal_length": 1481.450439453125,
  "principal_point": [
    566.6854248046875,
    1031.048828125
  ],
  "skew": 0.0,
  "pixel_aspect_ratio": 1.00845468044281,
  "radial_distortion": [
    0.1271735429763794,
    -0.21105742454528809,
    0.0
  ],
  "tangential_distortion": [
    0.0030499822460114956,
    0.008128720335662365
  ],
  "image_size": [
    1072,
    1920
  ]
}