{
  "orientation": [
    [
      0.9845254421234131,
      -0.11089075356721878,
      0.1356939822435379
    ],
    [
      0.11622162908315659,
      0.9927079677581787,
      -0.03199125826358795
    ],
    [
      -0.13115696609020233,
      0.04726678505539894,
      0.9902341365814209
    ]
  ],
  "position": [
    0.09224343299865723,
    -2.4353678226470947,
    -1.5159624814987183
  ],
  "focal_length": 1481.450439453125,
  "principal_point": [
    566.6854248046875,
    1031.048828125
  ],
  "skew": 0.0,
  "pixel_aspect_ratio": 1.00845468044281,
  "radial_distortion": [
    0.1271735429763794,
    -0.21105742454528809,
    0.0
  ],
  "tangential_distortion": [
    0.0030499822460114956,
    0.008128720335662365
  ],
  "image_size": [
    1072,
    1920
  ]
}