{
  "orientation": [
    [
      0.8910580277442932,
      -0.2269732505083084,
      0.39306333661079407
    ],
    [
      0.2369527667760849,
      0.9712327122688293,
      0.023673487827181816
    ],
    [
      -0.3871292173862457,
      0.07204299420118332,
      0.9192066192626953
    ]
  ],
  "position": [
    4.764242172241211,
    -1.2225679159164429,
    -0.4843357503414154
  ],
  "focal_length": 1481.450439453125,
  "principal_point": [
    566.6854248046875,
    1031.048828125
  ],
  "skew": 0.0,
  "pixel_aspect_ratio": 1.00845468044281,
  "radial_distortion": [
    0.1271735429763794,
    -0.21105742454528809,
    0.0
  ],
  "tangential_distortion": [
    0.0030499822460114956,
    0.008128720335662365
  ],
  "image_size": [
    1072,
    1920
  ]
}