{
  "orientation": [
    [
      0.9873099327087402,
      -0.12135738134384155,
      0.10242798924446106
    ],
    [
      0.12953242659568787,
      0.9885557293891907,
      -0.07732372730970383
    ],
    [
      -0.0918719694018364,
      0.08961023390293121,
      0.9917305707931519
    ]
  ],
  "position": [
    0.6868492960929871,
    -1.7991312742233276,
    -1.3753494024276733
  ],
  "focal_length": 1481.450439453125,
  "principal_point": [
    566.6854248046875,
    1031.048828125
  ],
  "skew": 0.0,
  "pixel_aspect_ratio": 1.00845468044281,
  "radial_distortion": [
    0.1271735429763794,
    -0.21105742454528809,
    0.0
  ],
  "tangential_distortion": [
    0.0030499822460114956,
    0.008128720335662365
  ],
  "image_size": [
    1072,
    1920
  ]
}