{
  "orientation": [
    [
      0.9933722019195557,
      -0.11120271682739258,
      -0.029078906401991844
    ],
    [
      0.11235521733760834,
      0.992798388004303,
      0.04156539961695671
    ],
    [
      0.0242473054677248,
      -0.044557079672813416,
      0.9987125396728516
    ]
  ],
  "position": [
    -2.1182146072387695,
    2.887216567993164,
    0.3607943058013916
  ],
  "focal_length": 1481.450439453125,
  "principal_point": [
    566.6854248046875,
    1031.048828125
  ],
  "skew": 0.0,
  "pixel_aspect_ratio": 1.00845468044281,
  "radial_distortion": [
    0.1271735429763794,
    -0.21105742454528809,
    0.0
  ],
  "tangential_distortion": [
    0.0030499822460114956,
    0.008128720335662365
  ],
  "image_size": [
    1072,
    1920
  ]
}