{
  "orientation": [
    [
      0.984984278678894,
      0.05577770248055458,
      -0.16338534653186798
    ],
    [
      -0.056694600731134415,
      0.9983910918235779,
      -0.0009507148643024266
    ],
    [
      0.1630694419145584,
      0.01019950583577156,
      0.9865618944168091
    ]
  ],
  "position": [
    -3.9795682430267334,
    1.6509076356887817,
    -0.22210286557674408
  ],
  "focal_length": 1481.450439453125,
  "principal_point": [
    566.6854248046875,
    1031.048828125
  ],
  "skew": 0.0,
  "pixel_aspect_ratio": 1.00845468044281,
  "radial_distortion": [
    0.1271735429763794,
    -0.21105742454528809,
    0.0
  ],
  "tangential_distortion": [
    0.0030499822460114956,
    0.008128720335662365
  ],
  "image_size": [
    1072,
    1920
  ]
}