{
  "orientation": [
    [
      0.9995666742324829,
      0.006130447145551443,
      -0.02878931351006031
    ],
    [
      -0.007947932928800583,
      0.9979535937309265,
      -0.06344673037528992
    ],
    [
      0.028341440483927727,
      0.0636480525135994,
      0.9975699186325073
    ]
  ],
  "position": [
    -1.9816029071807861,
    -0.9074593186378479,
    -0.916330099105835
  ],
  "focal_length": 1481.450439453125,
  "principal_point": [
    566.6854248046875,
    1031.048828125
  ],
  "skew": 0.0,
  "pixel_aspect_ratio": 1.00845468044281,
  "radial_distortion": [
    0.1271735429763794,
    -0.21105742454528809,
    0.0
  ],
  "tangential_distortion": [
    0.0030499822460114956,
    0.008128720335662365
  ],
  "image_size": [
    1072,
    1920
  ]
}