{
  "orientation": [
    [
      0.9872442483901978,
      0.021093696355819702,
      -0.1578095555305481
    ],
    [
      -0.021533997729420662,
      0.999767541885376,
      -0.001080552116036415
    ],
    [
      0.15775007009506226,
      0.004465039353817701,
      0.987468957901001
    ]
  ],
  "position": [
    -3.8682312965393066,
    2.099663734436035,
    -0.09590946137905121
  ],
  "focal_length": 1481.450439453125,
  "principal_point": [
    566.6854248046875,
    1031.048828125
  ],
  "skew": 0.0,
  "pixel_aspect_ratio": 1.00845468044281,
  "radial_distortion": [
    0.1271735429763794,
    -0.21105742454528809,
    0.0
  ],
  "tangential_distortion": [
    0.0030499822460114956,
    0.008128720335662365
  ],
  "image_size": [
    1072,
    1920
  ]
}