{
  "orientation": [
    [
      0.9998457431793213,
      0.007476022932678461,
      0.015894640237092972
    ],
    [
      -0.007006583269685507,
      0.9995435476303101,
      -0.02938777767121792
    ],
    [
      -0.016107089817523956,
      0.02927187830209732,
      0.9994416832923889
    ]
  ],
  "position": [
    -1.855211853981018,
    -1.7611134052276611,
    -1.4244000911712646
  ],
  "focal_length": 1481.450439453125,
  "principal_point": [
    566.6854248046875,
    1031.048828125
  ],
  "skew": 0.0,
  "pixel_aspect_ratio": 1.00845468044281,
  "radial_distortion": [
    0.1271735429763794,
    -0.21105742454528809,
    0.0
  ],
  "tangential_distortion": [
    0.0030499822460114956,
    0.008128720335662365
  ],
  "image_size": [
    1072,
    1920
  ]
}