{
  "orientation": [
    [
      0.9962970018386841,
      0.03358444944024086,
      -0.0791478157043457
    ],
    [
      -0.036587901413440704,
      0.9986523389816284,
      -0.03680741414427757
    ],
    [
      0.07780499756336212,
      0.03956696763634682,
      0.9961831569671631
    ]
  ],
  "position": [
    -3.290159225463867,
    -0.265349805355072,
    -0.7971948385238647
  ],
  "focal_length": 1481.450439453125,
  "principal_point": [
    566.6854248046875,
    1031.048828125
  ],
  "skew": 0.0,
  "pixel_aspect_ratio": 1.00845468044281,
  "radial_distortion": [
    0.1271735429763794,
    -0.21105742454528809,
    0.0
  ],
  "tangential_distortion": [
    0.0030499822460114956,
    0.008128720335662365
  ],
  "image_size": [
    1072,
    1920
  ]
}