{
  "orientation": [
    [
      0.8837694525718689,
      -0.24788804352283478,
      0.3968666195869446
    ],
    [
      0.25484150648117065,
      0.9663098454475403,
      0.03607134148478508
    ],
    [
      -0.39243775606155396,
      0.06925933808088303,
      0.9171672463417053
    ]
  ],
  "position": [
    3.7494728565216064,
    -2.0324816703796387,
    -0.7658786177635193
  ],
  "focal_length": 1481.450439453125,
  "principal_point": [
    566.6854248046875,
    1031.048828125
  ],
  "skew": 0.0,
  "pixel_aspect_ratio": 1.00845468044281,
  "radial_distortion": [
    0.1271735429763794,
    -0.21105742454528809,
    0.0
  ],
  "tangential_distortion": [
    0.0030499822460114956,
    0.008128720335662365
  ],
  "image_size": [
    1072,
    1920
  ]
}