{
  "orientation": [
    [
      0.9925755262374878,
      -0.06963521987199783,
      0.09972330182790756
    ],
    [
      0.07407937198877335,
      0.996385395526886,
      -0.04157356172800064
    ],
    [
      -0.09646785259246826,
      0.04865233972668648,
      0.9941463470458984
    ]
  ],
  "position": [
    -0.510870099067688,
    -2.4705586433410645,
    -1.699744701385498
  ],
  "focal_length": 1481.450439453125,
  "principal_point": [
    566.6854248046875,
    1031.048828125
  ],
  "skew": 0.0,
  "pixel_aspect_ratio": 1.00845468044281,
  "radial_distortion": [
    0.1271735429763794,
    -0.21105742454528809,
    0.0
  ],
  "tangential_distortion": [
    0.0030499822460114956,
    0.008128720335662365
  ],
  "image_size": [
    1072,
    1920
  ]
}