{
  "orientation": [
    [
      0.8990593552589417,
      -0.2145475298166275,
      0.3816564679145813
    ],
    [
      0.22618404030799866,
      0.9739736318588257,
      0.014701073057949543
    ],
    [
      -0.3748774230480194,
      0.07310746610164642,
      0.9241873025894165
    ]
  ],
  "position": [
    5.093541145324707,
    -0.9912808537483215,
    -0.3991948366165161
  ],
  "focal_length": 1481.450439453125,
  "principal_point": [
    566.6854248046875,
    1031.048828125
  ],
  "skew": 0.0,
  "pixel_aspect_ratio": 1.00845468044281,
  "radial_distortion": [
    0.1271735429763794,
    -0.21105742454528809,
    0.0
  ],
  "tangential_distortion": [
    0.0030499822460114956,
    0.008128720335662365
  ],
  "image_size": [
    1072,
    1920
  ]
}