{
  "orientation": [
    [
      0.8962764143943787,
      -0.2565958797931671,
      0.3617279529571533
    ],
    [
      0.28694668412208557,
      0.9574175477027893,
      -0.03183099627494812
    ],
    [
      -0.3381569981575012,
      0.13232600688934326,
      0.9317401647567749
    ]
  ],
  "position": [
    3.6648473739624023,
    -1.2205555438995361,
    -0.24982108175754547
  ],
  "focal_length": 1481.450439453125,
  "principal_point": [
    566.6854248046875,
    1031.048828125
  ],
  "skew": 0.0,
  "pixel_aspect_ratio": 1.00845468044281,
  "radial_distortion": [
    0.1271735429763794,
    -0.21105742454528809,
    0.0
  ],
  "tangential_distortion": [
    0.0030499822460114956,
    0.008128720335662365
  ],
  "image_size": [
    1072,
    1920
  ]
}