{
  "orientation": [
    [
      0.8946632742881775,
      -0.25864502787590027,
      0.3642531633377075
    ],
    [
      0.28871962428092957,
      0.9569548964500427,
      -0.029636582359671593
    ],
    [
      -0.3409084677696228,
      0.13168179988861084,
      0.9308282732963562
    ]
  ],
  "position": [
    3.874443531036377,
    -0.98457932472229,
    -0.071688711643219
  ],
  "focal_length": 1481.450439453125,
  "principal_point": [
    566.6854248046875,
    1031.048828125
  ],
  "skew": 0.0,
  "pixel_aspect_ratio": 1.00845468044281,
  "radial_distortion": [
    0.1271735429763794,
    -0.21105742454528809,
    0.0
  ],
  "tangential_distortion": [
    0.0030499822460114956,
    0.008128720335662365
  ],
  "image_size": [
    1072,
    1920
  ]
}