{
  "orientation": [
    [
      0.9861767292022705,
      -0.16292202472686768,
      0.030197955667972565
    ],
    [
      0.16146565973758698,
      0.9858220815658569,
      0.04564730450510979
    ],
    [
      -0.03720676153898239,
      -0.04014037549495697,
      0.9985010623931885
    ]
  ],
  "position": [
    -1.1210185289382935,
    2.9155611991882324,
    0.5382367968559265
  ],
  "focal_length": 1481.450439453125,
  "principal_point": [
    566.6854248046875,
    1031.048828125
  ],
  "skew": 0.0,
  "pixel_aspect_ratio": 1.00845468044281,
  "radial_distortion": [
    0.1271735429763794,
    -0.21105742454528809,
    0.0
  ],
  "tangential_distortion": [
    0.0030499822460114956,
    0.008128720335662365
  ],
  "image_size": [
    1072,
    1920
  ]
}