{
  "orientation": [
    [
      0.996832013130188,
      -0.05406603962182999,
      0.058333620429039
    ],
    [
      0.058837514370679855,
      0.9947739243507385,
      -0.08344469964504242
    ],
    [
      -0.05351724103093147,
      0.08661255240440369,
      0.9948036074638367
    ]
  ],
  "position": [
    -0.8345844745635986,
    -1.5078489780426025,
    -1.469826340675354
  ],
  "focal_length": 1481.450439453125,
  "principal_point": [
    566.6854248046875,
    1031.048828125
  ],
  "skew": 0.0,
  "pixel_aspect_ratio": 1.00845468044281,
  "radial_distortion": [
    0.1271735429763794,
    -0.21105742454528809,
    0.0
  ],
  "tangential_distortion": [
    0.0030499822460114956,
    0.008128720335662365
  ],
  "image_size": [
    1072,
    1920
  ]
}