{
  "orientation": [
    [
      0.9893694519996643,
      -0.0888337567448616,
      0.11513729393482208
    ],
    [
      0.09338382631540298,
      0.9950240850448608,
      -0.034735746681690216
    ],
    [
      -0.11147867143154144,
      0.04511845111846924,
      0.9927420616149902
    ]
  ],
  "position": [
    -0.1997394561767578,
    -2.36310076713562,
    -1.5197765827178955
  ],
  "focal_length": 1481.450439453125,
  "principal_point": [
    566.6854248046875,
    1031.048828125
  ],
  "skew": 0.0,
  "pixel_aspect_ratio": 1.00845468044281,
  "radial_distortion": [
    0.1271735429763794,
    -0.21105742454528809,
    0.0
  ],
  "tangential_distortion": [
    0.0030499822460114956,
    0.008128720335662365
  ],
  "image_size": [
    1072,
    1920
  ]
}