{
  "orientation": [
    [
      0.926967978477478,
      -0.24523252248764038,
      0.28388625383377075
    ],
    [
      0.2635301947593689,
      0.9642581343650818,
      -0.027534244582057
    ],
    [
      -0.26698732376098633,
      0.10033596307039261,
      0.9584625363349915
    ]
  ],
  "position": [
    2.679020643234253,
    -1.5305702686309814,
    -0.46113693714141846
  ],
  "focal_length": 1481.450439453125,
  "principal_point": [
    566.6854248046875,
    1031.048828125
  ],
  "skew": 0.0,
  "pixel_aspect_ratio": 1.00845468044281,
  "radial_distortion": [
    0.1271735429763794,
    -0.21105742454528809,
    0.0
  ],
  "tangential_distortion": [
    0.0030499822460114956,
    0.008128720335662365
  ],
  "image_size": [
    1072,
    1920
  ]
}