{
  "orientation": [
    [
      0.9149030447006226,
      -0.19514186680316925,
      0.3533724248409271
    ],
    [
      0.20770740509033203,
      0.9781880378723145,
      0.0024147487711161375
    ],
    [
      -0.3461359143257141,
      0.07118880748748779,
      0.9354795813560486
    ]
  ],
  "position": [
    5.309209823608398,
    -0.263527512550354,
    -0.03551454097032547
  ],
  "focal_length": 1481.450439453125,
  "principal_point": [
    566.6854248046875,
    1031.048828125
  ],
  "skew": 0.0,
  "pixel_aspect_ratio": 1.00845468044281,
  "radial_distortion": [
    0.1271735429763794,
    -0.21105742454528809,
    0.0
  ],
  "tangential_distortion": [
    0.0030499822460114956,
    0.008128720335662365
  ],
  "image_size": [
    1072,
    1920
  ]
}