{
  "orientation": [
    [
      0.9791182279586792,
      -0.17780394852161407,
      0.09855557233095169
    ],
    [
      0.1736176759004593,
      0.9835628867149353,
      0.04960796609520912
    ],
    [
      -0.10575609654188156,
      -0.03146107494831085,
      0.9938942790031433
    ]
  ],
  "position": [
    0.39081713557243347,
    2.5376954078674316,
    0.8662974834442139
  ],
  "focal_length": 1481.450439453125,
  "principal_point": [
    566.6854248046875,
    1031.048828125
  ],
  "skew": 0.0,
  "pixel_aspect_ratio": 1.00845468044281,
  "radial_distortion": [
    0.1271735429763794,
    -0.21105742454528809,
    0.0
  ],
  "tangential_distortion": [
    0.0030499822460114956,
    0.008128720335662365
  ],
  "image_size": [
    1072,
    1920
  ]
}