{
  "orientation": [
    [
      0.8844659924507141,
      -0.24212823808193207,
      0.39886561036109924
    ],
    [
      0.2496870756149292,
      0.9677368998527527,
      0.033787570893764496
    ],
    [
      -0.3941779136657715,
      0.06970763206481934,
      0.9163867235183716
    ]
  ],
  "position": [
    4.053251266479492,
    -1.7691510915756226,
    -0.6450446844100952
  ],
  "focal_length": 1481.450439453125,
  "principal_point": [
    566.6854248046875,
    1031.048828125
  ],
  "skew": 0.0,
  "pixel_aspect_ratio": 1.00845468044281,
  "radial_distortion": [
    0.1271735429763794,
    -0.21105742454528809,
    0.0
  ],
  "tangential_distortion": [
    0.0030499822460114956,
    0.008128720335662365
  ],
  "image_size": [
    1072,
    1920
  ]
}