{
  "orientation": [
    [
      0.9706001281738281,
      -0.18487544357776642,
      0.15413136780261993
    ],
    [
      0.1943741887807846,
      0.9797083139419556,
      -0.04889070242643356
    ],
    [
      -0.1419650912284851,
      0.07741247862577438,
      0.986840009689331
    ]
  ],
  "position": [
    1.6814370155334473,
    -1.7084580659866333,
    -0.9456592798233032
  ],
  "focal_length": 1481.450439453125,
  "principal_point": [
    566.6854248046875,
    1031.048828125
  ],
  "skew": 0.0,
  "pixel_aspect_ratio": 1.00845468044281,
  "radial_distortion": [
    0.1271735429763794,
    -0.21105742454528809,
    0.0
  ],
  "tangential_distortion": [
    0.0030499822460114956,
    0.008128720335662365
  ],
  "image_size": [
    1072,
    1920
  ]
}