{
  "orientation": [
    [
      0.8869861960411072,
      -0.2334008514881134,
      0.398471474647522
    ],
    [
      0.24209822714328766,
      0.9698135852813721,
      0.029155226424336433
    ],
    [
      -0.39324790239334106,
      0.070608951151371,
      0.9167172312736511
    ]
  ],
  "position": [
    4.351168155670166,
    -1.4602900743484497,
    -0.49998971819877625
  ],
  "focal_length": 1481.450439453125,
  "principal_point": [
    566.6854248046875,
    1031.048828125
  ],
  "skew": 0.0,
  "pixel_aspect_ratio": 1.00845468044281,
  "radial_distortion": [
    0.1271735429763794,
    -0.21105742454528809,
    0.0
  ],
  "tangential_distortion": [
    0.0030499822460114956,
    0.008128720335662365
  ],
  "image_size": [
    1072,
    1920
  ]
}