{
  "orientation": [
    [
      0.9999372363090515,
      -0.009124621748924255,
      -0.006498376838862896
    ],
    [
      0.008695238269865513,
      0.9979572296142578,
      -0.06329112499952316
    ],
    [
      0.007062609773129225,
      0.06323064863681793,
      0.9979739785194397
    ]
  ],
  "position": [
    -1.6874933242797852,
    -1.0101548433303833,
    -0.9141564965248108
  ],
  "focal_length": 1481.450439453125,
  "principal_point": [
    566.6854248046875,
    1031.048828125
  ],
  "skew": 0.0,
  "pixel_aspect_ratio": 1.00845468044281,
  "radial_distortion": [
    0.1271735429763794,
    -0.21105742454528809,
    0.0
  ],
  "tangential_distortion": [
    0.0030499822460114956,
    0.008128720335662365
  ],
  "image_size": [
    1072,
    1920
  ]
}