{
  "orientation": [
    [
      0.9268693923950195,
      -0.22342249751091003,
      0.3016546666622162
    ],
    [
      0.22936959564685822,
      0.9732071161270142,
      0.016047215089201927
    ],
    [
      -0.29715776443481445,
      0.05431673675775528,
      0.9532821774482727
    ]
  ],
  "position": [
    2.3873019218444824,
    -2.4218201637268066,
    -0.9486806988716125
  ],
  "focal_length": 1481.450439453125,
  "principal_point": [
    566.6854248046875,
    1031.048828125
  ],
  "skew": 0.0,
  "pixel_aspect_ratio": 1.00845468044281,
  "radial_distortion": [
    0.1271735429763794,
    -0.21105742454528809,
    0.0
  ],
  "tangential_distortion": [
    0.0030499822460114956,
    0.008128720335662365
  ],
  "image_size": [
    1072,
    1920
  ]
}