{
  "orientation": [
    [
      0.9952529668807983,
      -0.06635186821222305,
      0.0711970329284668
    ],
    [
      0.0720505490899086,
      0.9941303133964539,
      -0.08070725202560425
    ],
    [
      -0.06542404741048813,
      0.08545391261577606,
      0.9941917657852173
    ]
  ],
  "position": [
    -0.40028104186058044,
    -1.4590659141540527,
    -1.3534600734710693
  ],
  "focal_length": 1481.450439453125,
  "principal_point": [
    566.6854248046875,
    1031.048828125
  ],
  "skew": 0.0,
  "pixel_aspect_ratio": 1.00845468044281,
  "radial_distortion": [
    0.1271735429763794,
    -0.21105742454528809,
    0.0
  ],
  "tangential_distortion": [
    0.0030499822460114956,
    0.008128720335662365
  ],
  "image_size": [
    1072,
    1920
  ]
}