{
  "orientation": [
    [
      0.9446995258331299,
      -0.17891666293144226,
      0.2748301029205322
    ],
    [
      0.1817135065793991,
      0.9832298159599304,
      0.01546967402100563
    ],
    [
      -0.2729889452457428,
      0.03532614931464195,
      0.9613683223724365
    ]
  ],
  "position": [
    3.72993803024292,
    1.3816848993301392,
    0.595412015914917
  ],
  "focal_length": 1481.450439453125,
  "principal_point": [
    566.6854248046875,
    1031.048828125
  ],
  "skew": 0.0,
  "pixel_aspect_ratio": 1.00845468044281,
  "radial_distortion": [
    0.1271735429763794,
    -0.21105742454528809,
    0.0
  ],
  "tangential_distortion": [
    0.0030499822460114956,
    0.008128720335662365
  ],
  "image_size": [
    1072,
    1920
  ]
}