{
  "orientation": [
    [
      0.8963753581047058,
      -0.25491008162498474,
      0.3626735508441925
    ],
    [
      0.2850041687488556,
      0.9580232501029968,
      -0.031049711629748344
    ],
    [
      -0.33953481912612915,
      0.13119566440582275,
      0.931398868560791
    ]
  ],
  "position": [
    4.249391078948975,
    -0.4912066161632538,
    0.24047745764255524
  ],
  "focal_length": 1481.450439453125,
  "principal_point": [
    566.6854248046875,
    1031.048828125
  ],
  "skew": 0.0,
  "pixel_aspect_ratio": 1.00845468044281,
  "radial_distortion": [
    0.1271735429763794,
    -0.21105742454528809,
    0.0
  ],
  "tangential_distortion": [
    0.0030499822460114956,
    0.008128720335662365
  ],
  "image_size": [
    1072,
    1920
  ]
}