{
  "orientation": [
    [
      0.9233174920082092,
      -0.19099418818950653,
      0.33317574858665466
    ],
    [
      0.20096178352832794,
      0.9795880913734436,
      0.004634544253349304
    ],
    [
      -0.32726016640663147,
      0.06267643719911575,
      0.9428533315658569
    ]
  ],
  "position": [
    5.26393985748291,
    0.035715941339731216,
    0.11000661551952362
  ],
  "focal_length": 1481.450439453125,
  "principal_point": [
    566.6854248046875,
    1031.048828125
  ],
  "skew": 0.0,
  "pixel_aspect_ratio": 1.00845468044281,
  "radial_distortion": [
    0.1271735429763794,
    -0.21105742454528809,
    0.0
  ],
  "tangential_distortion": [
    0.0030499822460114956,
    0.008128720335662365
  ],
  "image_size": [
    1072,
    1920
  ]
}