{
  "orientation": [
    [
      0.9146723747253418,
      -0.23016119003295898,
      0.33226531744003296
    ],
    [
      0.2371869683265686,
      0.9712610244750977,
      0.019858289510011673
    ],
    [
      -0.327286958694458,
      0.06064517796039581,
      0.9429768919944763
    ]
  ],
  "position": [
    2.611772060394287,
    -2.3636510372161865,
    -0.8013947606086731
  ],
  "focal_length": 1481.450439453125,
  "principal_point": [
    566.6854248046875,
    1031.048828125
  ],
  "skew": 0.0,
  "pixel_aspect_ratio": 1.00845468044281,
  "radial_distortion": [
    0.1271735429763794,
    -0.21105742454528809,
    0.0
  ],
  "tangential_distortion": [
    0.0030499822460114956,
    0.008128720335662365
  ],
  "image_size": [
    1072,
    1920
  ]
}