{
  "orientation": [
    [
      0.8863049745559692,
      -0.2430383265018463,
      0.3942027986049652
    ],
    [
      0.25106728076934814,
      0.9674414992332458,
      0.031971294432878494
    ],
    [
      -0.389138400554657,
      0.0706351101398468,
      0.9184672236442566
    ]
  ],
  "position": [
    3.51702618598938,
    -2.283024311065674,
    -0.8925473093986511
  ],
  "focal_length": 1481.450439453125,
  "principal_point": [
    566.6854248046875,
    1031.048828125
  ],
  "skew": 0.0,
  "pixel_aspect_ratio": 1.00845468044281,
  "radial_distortion": [
    0.1271735429763794,
    -0.21105742454528809,
    0.0
  ],
  "tangential_distortion": [
    0.0030499822460114956,
    0.008128720335662365
  ],
  "image_size": [
    1072,
    1920
  ]
}