{
  "orientation": [
    [
      0.9618868827819824,
      -0.20017263293266296,
      0.1862914264202118
    ],
    [
      0.2126012146472931,
      0.975904107093811,
      -0.049111366271972656
    ],
    [
      -0.17197182774543762,
      0.08684536069631577,
      0.9812663197517395
    ]
  ],
  "position": [
    2.064101219177246,
    -1.819284439086914,
    -1.0078076124191284
  ],
  "focal_length": 1481.450439453125,
  "principal_point": [
    566.6854248046875,
    1031.048828125
  ],
  "skew": 0.0,
  "pixel_aspect_ratio": 1.00845468044281,
  "radial_distortion": [
    0.1271735429763794,
    -0.21105742454528809,
    0.0
  ],
  "tangential_distortion": [
    0.0030499822460114956,
    0.008128720335662365
  ],
  "image_size": [
    1072,
    1920
  ]
}