{
  "orientation": [
    [
      0.9145612716674805,
      -0.25297799706459045,
      0.3155626654624939
    ],
    [
      0.27699318528175354,
      0.9603075385093689,
      -0.03292711079120636
    ],
    [
      -0.29470738768577576,
      0.11752257496118546,
      0.9483332633972168
    ]
  ],
  "position": [
    2.8168742656707764,
    -1.6070448160171509,
    -0.5671606063842773
  ],
  "focal_length": 1481.450439453125,
  "principal_point": [
    566.6854248046875,
    1031.048828125
  ],
  "skew": 0.0,
  "pixel_aspect_ratio": 1.00845468044281,
  "radial_distortion": [
    0.1271735429763794,
    -0.21105742454528809,
    0.0
  ],
  "tangential_distortion": [
    0.0030499822460114956,
    0.008128720335662365
  ],
  "image_size": [
    1072,
    1920
  ]
}