{
  "orientation": [
    [
      0.9922413229942322,
      0.06043839827179909,
      -0.10864775627851486
    ],
    [
      -0.06226658076047897,
      0.9979680776596069,
      -0.013510443270206451
    ],
    [
      0.10761044174432755,
      0.020170744508504868,
      0.9939885139465332
    ]
  ],
  "position": [
    -3.672816276550293,
    0.13403919339179993,
    -0.6674050688743591
  ],
  "focal_length": 1481.450439453125,
  "principal_point": [
    566.6854248046875,
    1031.048828125
  ],
  "skew": 0.0,
  "pixel_aspect_ratio": 1.00845468044281,
  "radial_distortion": [
    0.1271735429763794,
    -0.21105742454528809,
    0.0
  ],
  "tangential_distortion": [
    0.0030499822460114956,
    0.008128720335662365
  ],
  "image_size": [
    1072,
    1920
  ]
}