{
  "orientation": [
    [
      0.9942418932914734,
      0.04798907786607742,
      -0.09581276774406433
    ],
    [
      -0.050560906529426575,
      0.9984180927276611,
      -0.024595974013209343
    ],
    [
      0.09448086470365524,
      0.029298728331923485,
      0.995095431804657
    ]
  ],
  "position": [
    -3.5892200469970703,
    -0.024183528497815132,
    -0.7155523896217346
  ],
  "focal_length": 1481.450439453125,
  "principal_point": [
    566.6854248046875,
    1031.048828125
  ],
  "skew": 0.0,
  "pixel_aspect_ratio": 1.00845468044281,
  "radial_distortion": [
    0.1271735429763794,
    -0.21105742454528809,
    0.0
  ],
  "tangential_distortion": [
    0.0030499822460114956,
    0.008128720335662365
  ],
  "image_size": [
    1072,
    1920
  ]
}