{
  "orientation": [
    [
      0.9947300553321838,
      -0.054143499583005905,
      0.0870663970708847
    ],
    [
      0.057339247316122055,
      0.997753918170929,
      -0.03463085740804672
    ],
    [
      -0.0849958062171936,
      0.03944067656993866,
      0.9956004023551941
    ]
  ],
  "position": [
    -0.8519900441169739,
    -2.1845929622650146,
    -1.4882925748825073
  ],
  "focal_length": 1481.450439453125,
  "principal_point": [
    566.6854248046875,
    1031.048828125
  ],
  "skew": 0.0,
  "pixel_aspect_ratio": 1.00845468044281,
  "radial_distortion": [
    0.1271735429763794,
    -0.21105742454528809,
    0.0
  ],
  "tangential_distortion": [
    0.0030499822460114956,
    0.008128720335662365
  ],
  "image_size": [
    1072,
    1920
  ]
}