{
  "orientation": [
    [
      0.9342730641365051,
      -0.17991513013839722,
      0.3078382909297943
    ],
    [
      0.1864928901195526,
      0.9824222922325134,
      0.008177505806088448
    ],
    [
      -0.3038984537124634,
      0.049769628793001175,
      0.9514035582542419
    ]
  ],
  "position": [
    5.019424915313721,
    0.48259687423706055,
    0.2924008071422577
  ],
  "focal_length": 1481.450439453125,
  "principal_point": [
    566.6854248046875,
    1031.048828125
  ],
  "skew": 0.0,
  "pixel_aspect_ratio": 1.00845468044281,
  "radial_distortion": [
    0.1271735429763794,
    -0.21105742454528809,
    0.0
  ],
  "tangential_distortion": [
    0.0030499822460114956,
    0.008128720335662365
  ],
  "image_size": [
    1072,
    1920
  ]
}