{
  "orientation": [
    [
      0.991413414478302,
      -0.016922680661082268,
      -0.1296650618314743
    ],
    [
      0.017454009503126144,
      0.9998432993888855,
      0.002962338039651513
    ],
    [
      0.1295946091413498,
      -0.005200076848268509,
      0.9915534257888794
    ]
  ],
  "position": [
    -3.594586133956909,
    2.3699474334716797,
    0.04923662543296814
  ],
  "focal_length": 1481.450439453125,
  "principal_point": [
    566.6854248046875,
    1031.048828125
  ],
  "skew": 0.0,
  "pixel_aspect_ratio": 1.00845468044281,
  "radial_distortion": [
    0.1271735429763794,
    -0.21105742454528809,
    0.0
  ],
  "tangential_distortion": [
    0.0030499822460114956,
    0.008128720335662365
  ],
  "image_size": [
    1072,
    1920
  ]
}