{
  "orientation": [
    [
      0.888907790184021,
      -0.23705542087554932,
      0.3919791877269745
    ],
    [
      0.2467111349105835,
      0.9687300324440002,
      0.026377063244581223
    ],
    [
      -0.38597482442855835,
      0.07325884699821472,
      0.9195958971977234
    ]
  ],
  "position": [
    3.2983970642089844,
    -2.4771666526794434,
    -1.0421721935272217
  ],
  "focal_length": 1481.450439453125,
  "principal_point": [
    566.6854248046875,
    1031.048828125
  ],
  "skew": 0.0,
  "pixel_aspect_ratio": 1.00845468044281,
  "radial_distortion": [
    0.1271735429763794,
    -0.21105742454528809,
    0.0
  ],
  "tangential_distortion": [
    0.0030499822460114956,
    0.008128720335662365
  ],
  "image_size": [
    1072,
    1920
  ]
}