{
  "orientation": [
    [
      0.970546543598175,
      -0.20731444656848907,
      0.12271986156702042
    ],
    [
      0.20301488041877747,
      0.9780614376068115,
      0.04669877141714096
    ],
    [
      -0.1297089010477066,
      -0.020409369841217995,
      0.9913420677185059
    ]
  ],
  "position": [
    1.721877932548523,
    2.2277674674987793,
    0.5929845571517944
  ],
  "focal_length": 1481.450439453125,
  "principal_point": [
    566.6854248046875,
    1031.048828125
  ],
  "skew": 0.0,
  "pixel_aspect_ratio": 1.00845468044281,
  "radial_distortion": [
    0.1271735429763794,
    -0.21105742454528809,
    0.0
  ],
  "tangential_distortion": [
    0.0030499822460114956,
    0.008128720335662365
  ],
  "image_size": [
    1072,
    1920
  ]
}