{
  "orientation": [
    [
      0.9775834679603577,
      -0.1845286637544632,
      0.10138874500989914
    ],
    [
      0.17988988757133484,
      0.9822463989257812,
      0.05321333557367325
    ],
    [
      -0.10940811783075333,
      -0.03378167003393173,
      0.9934226870536804
    ]
  ],
  "position": [
    0.7471262216567993,
    2.4441287517547607,
    0.8312293291091919
  ],
  "focal_length": 1481.450439453125,
  "principal_point": [
    566.6854248046875,
    1031.048828125
  ],
  "skew": 0.0,
  "pixel_aspect_ratio": 1.00845468044281,
  "radial_distortion": [
    0.1271735429763794,
    -0.21105742454528809,
    0.0
  ],
  "tangential_distortion": [
    0.0030499822460114956,
    0.008128720335662365
  ],
  "image_size": [
    1072,
    1920
  ]
}