{
  "orientation": [
    [
      0.9966479539871216,
      0.03122926503419876,
      -0.07561498880386353
    ],
    [
      -0.03460622951388359,
      0.9984421133995056,
      -0.043769288808107376
    ],
    [
      0.07413031160831451,
      0.04623932018876076,
      0.99617600440979
    ]
  ],
  "position": [
    -3.1240313053131104,
    -0.38433387875556946,
    -0.8921176791191101
  ],
  "focal_length": 1481.450439453125,
  "principal_point": [
    566.6854248046875,
    1031.048828125
  ],
  "skew": 0.0,
  "pixel_aspect_ratio": 1.00845468044281,
  "radial_distortion": [
    0.1271735429763794,
    -0.21105742454528809,
    0.0
  ],
  "tangential_distortion": [
    0.0030499822460114956,
    0.008128720335662365
  ],
  "image_size": [
    1072,
    1920
  ]
}