{
  "orientation": [
    [
      0.9979106187820435,
      0.02386394888162613,
      -0.06004040315747261
    ],
    [
      -0.027246054261922836,
      0.9980500936508179,
      -0.05615738406777382
    ],
    [
      0.05858319252729416,
      0.05767591670155525,
      0.9966149926185608
    ]
  ],
  "position": [
    -2.542781352996826,
    -0.6186217665672302,
    -0.7979934811592102
  ],
  "focal_length": 1481.450439453125,
  "principal_point": [
    566.6854248046875,
    1031.048828125
  ],
  "skew": 0.0,
  "pixel_aspect_ratio": 1.00845468044281,
  "radial_distortion": [
    0.1271735429763794,
    -0.21105742454528809,
    0.0
  ],
  "tangential_distortion": [
    0.0030499822460114956,
    0.008128720335662365
  ],
  "image_size": [
    1072,
    1920
  ]
}