{
  "orientation": [
    [
      0.9993178248405457,
      -0.008249059319496155,
      0.03599802032113075
    ],
    [
      0.009264400228857994,
      0.9995613098144531,
      -0.02813042886555195
    ],
    [
      -0.03575018048286438,
      0.028444739058613777,
      0.9989558458328247
    ]
  ],
  "position": [
    -1.4144898653030396,
    -1.8380887508392334,
    -1.3710016012191772
  ],
  "focal_length": 1481.450439453125,
  "principal_point": [
    566.6854248046875,
    1031.048828125
  ],
  "skew": 0.0,
  "pixel_aspect_ratio": 1.00845468044281,
  "radial_distortion": [
    0.1271735429763794,
    -0.21105742454528809,
    0.0
  ],
  "tangential_distortion": [
    0.0030499822460114956,
    0.008128720335662365
  ],
  "image_size": [
    1072,
    1920
  ]
}