{
  "orientation": [
    [
      0.9798983335494995,
      -0.17706111073493958,
      0.09191621094942093
    ],
    [
      0.1734316200017929,
      0.9837644696235657,
      0.046140749007463455
    ],
    [
      -0.09859363734722137,
      -0.029272068291902542,
      0.9946971535682678
    ]
  ],
  "position": [
    0.06382216513156891,
    2.628699779510498,
    0.7782694101333618
  ],
  "focal_length": 1481.450439453125,
  "principal_point": [
    566.6854248046875,
    1031.048828125
  ],
  "skew": 0.0,
  "pixel_aspect_ratio": 1.00845468044281,
  "radial_distortion": [
    0.1271735429763794,
    -0.21105742454528809,
    0.0
  ],
  "tangential_distortion": [
    0.0030499822460114956,
    0.008128720335662365
  ],
  "image_size": [
    1072,
    1920
  ]
}