{
  "orientation": [
    [
      0.986716091632843,
      0.07384830713272095,
      -0.14469893276691437
    ],
    [
      -0.07437574118375778,
      0.997228741645813,
      0.0017686088103801012
    ],
    [
      0.1444285362958908,
      0.009016974829137325,
      0.9894741773605347
    ]
  ],
  "position": [
    -3.9808852672576904,
    0.7638981938362122,
    -0.5088528394699097
  ],
  "focal_length": 1481.450439453125,
  "principal_point": [
    566.6854248046875,
    1031.048828125
  ],
  "skew": 0.0,
  "pixel_aspect_ratio": 1.00845468044281,
  "radial_distortion": [
    0.1271735429763794,
    -0.21105742454528809,
    0.0
  ],
  "tangential_distortion": [
    0.0030499822460114956,
    0.008128720335662365
  ],
  "image_size": [
    1072,
    1920
  ]
}