{
  "orientation": [
    [
      0.9538746476173401,
      -0.21526476740837097,
      0.20924696326255798
    ],
    [
      0.22927576303482056,
      0.97232586145401,
      -0.04488871619105339
    ],
    [
      -0.19379328191280365,
      0.09079346060752869,
      0.9768319725990295
    ]
  ],
  "position": [
    2.260303020477295,
    -1.727122187614441,
    -0.7898774743080139
  ],
  "focal_length": 1481.450439453125,
  "principal_point": [
    566.6854248046875,
    1031.048828125
  ],
  "skew": 0.0,
  "pixel_aspect_ratio": 1.00845468044281,
  "radial_distortion": [
    0.1271735429763794,
    -0.21105742454528809,
    0.0
  ],
  "tangential_distortion": [
    0.0030499822460114956,
    0.008128720335662365
  ],
  "image_size": [
    1072,
    1920
  ]
}