{
  "orientation": [
    [
      0.9747651219367981,
      -0.15101398527622223,
      0.16440121829509735
    ],
    [
      0.1566566824913025,
      0.987411618232727,
      -0.021839875727891922
    ],
    [
      -0.15903355181217194,
      0.047043297439813614,
      0.9861517548561096
    ]
  ],
  "position": [
    0.6762762069702148,
    -2.603825330734253,
    -1.5007171630859375
  ],
  "focal_length": 1481.450439453125,
  "principal_point": [
    566.6854248046875,
    1031.048828125
  ],
  "skew": 0.0,
  "pixel_aspect_ratio": 1.00845468044281,
  "radial_distortion": [
    0.1271735429763794,
    -0.21105742454528809,
    0.0
  ],
  "tangential_distortion": [
    0.0030499822460114956,
    0.008128720335662365
  ],
  "image_size": [
    1072,
    1920
  ]
}