{
  "orientation": [
    [
      0.967915952205658,
      -0.1666189432144165,
      0.18808725476264954
    ],
    [
      0.1728615164756775,
      0.9847964644432068,
      -0.017171159386634827
    ],
    [
      -0.18236662447452545,
      0.049133285880088806,
      0.9820021986961365
    ]
  ],
  "position": [
    1.1313488483428955,
    -2.6547985076904297,
    -1.4618420600891113
  ],
  "focal_length": 1481.450439453125,
  "principal_point": [
    566.6854248046875,
    1031.048828125
  ],
  "skew": 0.0,
  "pixel_aspect_ratio": 1.00845468044281,
  "radial_distortion": [
    0.1271735429763794,
    -0.21105742454528809,
    0.0
  ],
  "tangential_distortion": [
    0.0030499822460114956,
    0.008128720335662365
  ],
  "image_size": [
    1072,
    1920
  ]
}