{
  "orientation": [
    [
      0.9995132088661194,
      0.030900225043296814,
      -0.004301711916923523
    ],
    [
      -0.031009776517748833,
      0.9991186857223511,
      -0.028288643807172775
    ],
    [
      0.003423795336857438,
      0.028408268466591835,
      0.9995905160903931
    ]
  ],
  "position": [
    -2.0338120460510254,
    -1.5232807397842407,
    -1.3219631910324097
  ],
  "focal_length": 1481.450439453125,
  "principal_point": [
    566.6854248046875,
    1031.048828125
  ],
  "skew": 0.0,
  "pixel_aspect_ratio": 1.00845468044281,
  "radial_distortion": [
    0.1271735429763794,
    -0.21105742454528809,
    0.0
  ],
  "tangential_distortion": [
    0.0030499822460114956,
    0.008128720335662365
  ],
  "image_size": [
    1072,
    1920
  ]
}