{
  "orientation": [
    [
      0.9946611523628235,
      -0.09070251137018204,
      -0.049215786159038544
    ],
    [
      0.0924740880727768,
      0.9950999021530151,
      0.03499529883265495
    ],
    [
      0.04580046609044075,
      -0.03935965150594711,
      0.9981749057769775
    ]
  ],
  "position": [
    -2.4017341136932373,
    2.826796531677246,
    0.30761128664016724
  ],
  "focal_length": 1481.450439453125,
  "principal_point": [
    566.6854248046875,
    1031.048828125
  ],
  "skew": 0.0,
  "pixel_aspect_ratio": 1.00845468044281,
  "radial_distortion": [
    0.1271735429763794,
    -0.21105742454528809,
    0.0
  ],
  "tangential_distortion": [
    0.0030499822460114956,
    0.008128720335662365
  ],
  "image_size": [
    1072,
    1920
  ]
}