{
  "orientation": [
    [
      0.9955592155456543,
      0.03714585304260254,
      -0.08649884164333344
    ],
    [
      -0.040035735815763474,
      0.9986883401870728,
      -0.031917352229356766
    ],
    [
      0.08519978821277618,
      0.035238660871982574,
      0.995740532875061
    ]
  ],
  "position": [
    -3.4966983795166016,
    -0.16240808367729187,
    -0.7565038204193115
  ],
  "focal_length": 1481.450439453125,
  "principal_point": [
    566.6854248046875,
    1031.048828125
  ],
  "skew": 0.0,
  "pixel_aspect_ratio": 1.00845468044281,
  "radial_distortion": [
    0.1271735429763794,
    -0.21105742454528809,
    0.0
  ],
  "tangential_distortion": [
    0.0030499822460114956,
    0.008128720335662365
  ],
  "image_size": [
    1072,
    1920
  ]
}