{
  "orientation": [
    [
      0.9910050630569458,
      -0.09635145217180252,
      0.09287259727716446
    ],
    [
      0.10437170416116714,
      0.9908339977264404,
      -0.0857582539319992
    ],
    [
      -0.0837583988904953,
      0.09468013793230057,
      0.9919779300689697
    ]
  ],
  "position": [
    0.35231971740722656,
    -1.779294729232788,
    -1.4632991552352905
  ],
  "focal_length": 1481.450439453125,
  "principal_point": [
    566.6854248046875,
    1031.048828125
  ],
  "skew": 0.0,
  "pixel_aspect_ratio": 1.00845468044281,
  "radial_distortion": [
    0.1271735429763794,
    -0.21105742454528809,
    0.0
  ],
  "tangential_distortion": [
    0.0030499822460114956,
    0.008128720335662365
  ],
  "image_size": [
    1072,
    1920
  ]
}