{
  "orientation": [
    [
      0.9294021725654602,
      -0.18488533794879913,
      0.3194197714328766
    ],
    [
      0.19243811070919037,
      0.9812760949134827,
      0.008049463853240013
    ],
    [
      -0.31492719054222107,
      0.05398734286427498,
      0.9475791454315186
    ]
  ],
  "position": [
    5.194893836975098,
    0.2879946827888489,
    0.2867460548877716
  ],
  "focal_length": 1481.450439453125,
  "principal_point": [
    566.6854248046875,
    1031.048828125
  ],
  "skew": 0.0,
  "pixel_aspect_ratio": 1.00845468044281,
  "radial_distortion": [
    0.1271735429763794,
    -0.21105742454528809,
    0.0
  ],
  "tangential_distortion": [
    0.0030499822460114956,
    0.008128720335662365
  ],
  "image_size": [
    1072,
    1920
  ]
}