{
  "orientation": [
    [
      0.9930251240730286,
      -0.0823831558227539,
      0.08434508740901947
    ],
    [
      0.08964816480875015,
      0.9922263622283936,
      -0.08631373196840286
    ],
    [
      -0.07657861709594727,
      0.09327308088541031,
      0.9926912188529968
    ]
  ],
  "position": [
    -0.08295713365077972,
    -1.6903258562088013,
    -1.4702742099761963
  ],
  "focal_length": 1481.450439453125,
  "principal_point": [
    566.6854248046875,
    1031.048828125
  ],
  "skew": 0.0,
  "pixel_aspect_ratio": 1.00845468044281,
  "radial_distortion": [
    0.1271735429763794,
    -0.21105742454528809,
    0.0
  ],
  "tangential_distortion": [
    0.0030499822460114956,
    0.008128720335662365
  ],
  "image_size": [
    1072,
    1920
  ]
}