{
  "orientation": [
    [
      0.9988745450973511,
      0.015268451534211636,
      -0.04490499570965767
    ],
    [
      -0.01798422448337078,
      0.9979934096336365,
      -0.06070975586771965
    ],
    [
      0.043887946754693985,
      0.06144901365041733,
      0.997144877910614
    ]
  ],
  "position": [
    -2.2594974040985107,
    -0.7727080583572388,
    -0.8474656343460083
  ],
  "focal_length": 1481.450439453125,
  "principal_point": [
    566.6854248046875,
    1031.048828125
  ],
  "skew": 0.0,
  "pixel_aspect_ratio": 1.00845468044281,
  "radial_distortion": [
    0.1271735429763794,
    -0.21105742454528809,
    0.0
  ],
  "tangential_distortion": [
    0.0030499822460114956,
    0.008128720335662365
  ],
  "image_size": [
    1072,
    1920
  ]
}