{
  "orientation": [
    [
      0.9875509142875671,
      0.06906090676784515,
      -0.14132864773273468
    ],
    [
      -0.07001893222332001,
      0.99754399061203,
      -0.001811145106330514
    ],
    [
      0.14085647463798523,
      0.011684279888868332,
      0.9899610877037048
    ]
  ],
  "position": [
    -4.0147223472595215,
    0.5510826706886292,
    -0.588505208492279
  ],
  "focal_length": 1481.450439453125,
  "principal_point": [
    566.6854248046875,
    1031.048828125
  ],
  "skew": 0.0,
  "pixel_aspect_ratio": 1.00845468044281,
  "radial_distortion": [
    0.1271735429763794,
    -0.21105742454528809,
    0.0
  ],
  "tangential_distortion": [
    0.0030499822460114956,
    0.008128720335662365
  ],
  "image_size": [
    1072,
    1920
  ]
}