{
  "orientation": [
    [
      0.9974290728569031,
      -0.033810872584581375,
      0.06318255513906479
    ],
    [
      0.03579222038388252,
      0.9988938570022583,
      -0.030494602397084236
    ],
    [
      -0.06208161637187004,
      0.03267764672636986,
      0.9975360035896301
    ]
  ],
  "position": [
    -1.15058171749115,
    -1.9523119926452637,
    -1.3561064004898071
  ],
  "focal_length": 1481.450439453125,
  "principal_point": [
    566.6854248046875,
    1031.048828125
  ],
  "skew": 0.0,
  "pixel_aspect_ratio": 1.00845468044281,
  "radial_distortion": [
    0.1271735429763794,
    -0.21105742454528809,
    0.0
  ],
  "tangential_distortion": [
    0.0030499822460114956,
    0.008128720335662365
  ],
  "image_size": [
    1072,
    1920
  ]
}