{
  "orientation": [
    [
      0.9476227164268494,
      -0.18430128693580627,
      0.26085278391838074
    ],
    [
      0.186949223279953,
      0.9822573065757751,
      0.014851110056042671
    ],
    [
      -0.25896164774894714,
      0.034692976623773575,
      0.9652643799781799
    ]
  ],
  "position": [
    3.3810055255889893,
    1.562193751335144,
    0.6345786452293396
  ],
  "focal_length": 1481.450439453125,
  "principal_point": [
    566.6854248046875,
    1031.048828125
  ],
  "skew": 0.0,
  "pixel_aspect_ratio": 1.00845468044281,
  "radial_distortion": [
    0.1271735429763794,
    -0.21105742454528809,
    0.0
  ],
  "tangential_distortion": [
    0.0030499822460114956,
    0.008128720335662365
  ],
  "image_size": [
    1072,
    1920
  ]
}