{
  "orientation": [
    [
      0.9609580636024475,
      -0.18261875212192535,
      0.20787011086940765
    ],
    [
      0.18928733468055725,
      0.9818423986434937,
      -0.012480656616389751
    ],
    [
      -0.20181648433208466,
      0.05134056881070137,
      0.9780768156051636
    ]
  ],
  "position": [
    1.4932419061660767,
    -2.7094268798828125,
    -1.422302484512329
  ],
  "focal_length": 1481.450439453125,
  "principal_point": [
    566.6854248046875,
    1031.048828125
  ],
  "skew": 0.0,
  "pixel_aspect_ratio": 1.00845468044281,
  "radial_distortion": [
    0.1271735429763794,
    -0.21105742454528809,
    0.0
  ],
  "tangential_distortion": [
    0.0030499822460114956,
    0.008128720335662365
  ],
  "image_size": [
    1072,
    1920
  ]
}