{
  "orientation": [
    [
      0.9509161114692688,
      -0.1931178867816925,
      0.2417934536933899
    ],
    [
      0.19533094763755798,
      0.9806223511695862,
      0.015022567473351955
    ],
    [
      -0.24000917375087738,
      0.03294454142451286,
      0.9702114462852478
    ]
  ],
  "position": [
    3.0406076908111572,
    1.7005438804626465,
    0.5385865569114685
  ],
  "focal_length": 1481.450439453125,
  "principal_point": [
    566.6854248046875,
    1031.048828125
  ],
  "skew": 0.0,
  "pixel_aspect_ratio": 1.00845468044281,
  "radial_distortion": [
    0.1271735429763794,
    -0.21105742454528809,
    0.0
  ],
  "tangential_distortion": [
    0.0030499822460114956,
    0.008128720335662365
  ],
  "image_size": [
    1072,
    1920
  ]
}