{
  "orientation": [
    [
      0.9938400983810425,
      -0.044321827590465546,
      -0.10157489031553268
    ],
    [
      0.04562382772564888,
      0.998903214931488,
      0.01052989810705185
    ],
    [
      0.10099677741527557,
      -0.015099270269274712,
      0.99477219581604
    ]
  ],
  "position": [
    -3.160088062286377,
    2.592378854751587,
    0.1976788491010666
  ],
  "focal_length": 1481.450439453125,
  "principal_point": [
    566.6854248046875,
    1031.048828125
  ],
  "skew": 0.0,
  "pixel_aspect_ratio": 1.00845468044281,
  "radial_distortion": [
    0.1271735429763794,
    -0.21105742454528809,
    0.0
  ],
  "tangential_distortion": [
    0.0030499822460114956,
    0.008128720335662365
  ],
  "image_size": [
    1072,
    1920
  ]
}