{
  "orientation": [
    [
      0.9565410017967224,
      -0.19910511374473572,
      0.21304111182689667
    ],
    [
      0.1997302770614624,
      0.9796703457832336,
      0.018809456378221512
    ],
    [
      -0.2124551236629486,
      0.024558743461966515,
      0.9768621921539307
    ]
  ],
  "position": [
    2.7800257205963135,
    1.8393241167068481,
    0.5197063684463501
  ],
  "focal_length": 1481.450439453125,
  "principal_point": [
    566.6854248046875,
    1031.048828125
  ],
  "skew": 0.0,
  "pixel_aspect_ratio": 1.00845468044281,
  "radial_distortion": [
    0.1271735429763794,
    -0.21105742454528809,
    0.0
  ],
  "tangential_distortion": [
    0.0030499822460114956,
    0.008128720335662365
  ],
  "image_size": [
    1072,
    1920
  ]
}