{
  "orientation": [
    [
      0.9812878966331482,
      -0.17815151810646057,
      0.07304840534925461
    ],
    [
      0.17545495927333832,
      0.9835972785949707,
      0.04185599088668823
    ],
    [
      -0.07930692285299301,
      -0.028256073594093323,
      0.9964497089385986
    ]
  ],
  "position": [
    -0.341959148645401,
    2.6866981983184814,
    0.6245062351226807
  ],
  "focal_length": 1481.450439453125,
  "principal_point": [
    566.6854248046875,
    1031.048828125
  ],
  "skew": 0.0,
  "pixel_aspect_ratio": 1.00845468044281,
  "radial_distortion": [
    0.1271735429763794,
    -0.21105742454528809,
    0.0
  ],
  "tangential_distortion": [
    0.0030499822460114956,
    0.008128720335662365
  ],
  "image_size": [
    1072,
    1920
  ]
}