{
  "orientation": [
    [
      0.9902111887931824,
      0.06372381001710892,
      -0.12418153136968613
    ],
    [
      -0.06520888209342957,
      0.997840166091919,
      -0.007927042432129383
    ],
    [
      0.12340818345546722,
      0.015947185456752777,
      0.9922278523445129
    ]
  ],
  "position": [
    -3.8962879180908203,
    0.25262826681137085,
    -0.6717495918273926
  ],
  "focal_length": 1481.450439453125,
  "principal_point": [
    566.6854248046875,
    1031.048828125
  ],
  "skew": 0.0,
  "pixel_aspect_ratio": 1.00845468044281,
  "radial_distortion": [
    0.1271735429763794,
    -0.21105742454528809,
    0.0
  ],
  "tangential_distortion": [
    0.0030499822460114956,
    0.008128720335662365
  ],
  "image_size": [
    1072,
    1920
  ]
}