{
  "orientation": [
    [
      0.907625138759613,
      -0.2519237995147705,
      0.3357841968536377
    ],
    [
      0.2801074683666229,
      0.9592375755310059,
      -0.037458039820194244
    ],
    [
      -0.31266024708747864,
      0.12805351614952087,
      0.9411938786506653
    ]
  ],
  "position": [
    3.092027187347412,
    -1.6468747854232788,
    -0.6708660125732422
  ],
  "focal_length": 1481.450439453125,
  "principal_point": [
    566.6854248046875,
    1031.048828125
  ],
  "skew": 0.0,
  "pixel_aspect_ratio": 1.00845468044281,
  "radial_distortion": [
    0.1271735429763794,
    -0.21105742454528809,
    0.0
  ],
  "tangential_distortion": [
    0.0030499822460114956,
    0.008128720335662365
  ],
  "image_size": [
    1072,
    1920
  ]
}