{
  "orientation": [
    [
      0.9074495434761047,
      -0.2056197226047516,
      0.3664093613624573
    ],
    [
      0.2166258841753006,
      0.9761890769004822,
      0.01131703145802021
    ],
    [
      -0.3600118160247803,
      0.06910411268472672,
      0.9303849339485168
    ]
  ],
  "position": [
    5.155711650848389,
    -0.5081940293312073,
    0.022218074649572372
  ],
  "focal_length": 1481.450439453125,
  "principal_point": [
    566.6854248046875,
    1031.048828125
  ],
  "skew": 0.0,
  "pixel_aspect_ratio": 1.00845468044281,
  "radial_distortion": [
    0.1271735429763794,
    -0.21105742454528809,
    0.0
  ],
  "tangential_distortion": [
    0.0030499822460114956,
    0.008128720335662365
  ],
  "image_size": [
    1072,
    1920
  ]
}