{
  "orientation": [
    [
      0.9831506609916687,
      -0.17615272104740143,
      0.04883689805865288
    ],
    [
      0.17398811876773834,
      0.983694314956665,
      0.04553721845149994
    ],
    [
      -0.056062083691358566,
      -0.03627290576696396,
      0.9977681636810303
    ]
  ],
  "position": [
    -0.7362383604049683,
    2.826509475708008,
    0.623595118522644
  ],
  "focal_length": 1481.450439453125,
  "principal_point": [
    566.6854248046875,
    1031.048828125
  ],
  "skew": 0.0,
  "pixel_aspect_ratio": 1.00845468044281,
  "radial_distortion": [
    0.1271735429763794,
    -0.21105742454528809,
    0.0
  ],
  "tangential_distortion": [
    0.0030499822460114956,
    0.008128720335662365
  ],
  "image_size": [
    1072,
    1920
  ]
}