{
  "orientation": [
    [
      0.8973588943481445,
      -0.2539776563644409,
      0.3608910143375397
    ],
    [
      0.2845585346221924,
      0.9580798745155334,
      -0.03330719470977783
    ],
    [
      -0.33730313181877136,
      0.1325831264257431,
      0.9320130348205566
    ]
  ],
  "position": [
    4.354595184326172,
    -0.23942266404628754,
    0.39463675022125244
  ],
  "focal_length": 1481.450439453125,
  "principal_point": [
    566.6854248046875,
    1031.048828125
  ],
  "skew": 0.0,
  "pixel_aspect_ratio": 1.00845468044281,
  "radial_distortion": [
    0.1271735429763794,
    -0.21105742454528809,
    0.0
  ],
  "tangential_distortion": [
    0.0030499822460114956,
    0.008128720335662365
  ],
  "image_size": [
    1072,
    1920
  ]
}