{
  "orientation": [
    [
      0.9825916290283203,
      -0.1447192281484604,
      0.11649046838283539
    ],
    [
      0.15289601683616638,
      0.9861302971839905,
      -0.0645747110247612
    ],
    [
      -0.10552957653999329,
      0.08126150071620941,
      0.9910903573036194
    ]
  ],
  "position": [
    1.0338194370269775,
    -1.7744097709655762,
    -1.2785426378250122
  ],
  "focal_length": 1481.450439453125,
  "principal_point": [
    566.6854248046875,
    1031.048828125
  ],
  "skew": 0.0,
  "pixel_aspect_ratio": 1.00845468044281,
  "radial_distortion": [
    0.1271735429763794,
    -0.21105742454528809,
    0.0
  ],
  "tangential_distortion": [
    0.0030499822460114956,
    0.008128720335662365
  ],
  "image_size": [
    1072,
    1920
  ]
}