{
  "orientation": [
    [
      0.9849429130554199,
      0.07338748127222061,
      -0.1565302610397339
    ],
    [
      -0.0735950842499733,
      0.9972781538963318,
      0.004476939328014851
    ],
    [
      0.15643276274204254,
      0.007110327482223511,
      0.9876630306243896
    ]
  ],
  "position": [
    -3.9981486797332764,
    1.197790503501892,
    -0.35742685198783875
  ],
  "focal_length": 1481.450439453125,
  "principal_point": [
    566.6854248046875,
    1031.048828125
  ],
  "skew": 0.0,
  "pixel_aspect_ratio": 1.00845468044281,
  "radial_distortion": [
    0.1271735429763794,
    -0.21105742454528809,
    0.0
  ],
  "tangential_distortion": [
    0.0030499822460114956,
    0.008128720335662365
  ],
  "image_size": [
    1072,
    1920
  ]
}