{
  "orientation": [
    [
      0.9858733415603638,
      0.03669501096010208,
      -0.16342340409755707
    ],
    [
      -0.03761355206370354,
      0.9992891550064087,
      -0.0025288411416113377
    ],
    [
      0.16321444511413574,
      0.008640051819384098,
      0.9865527749061584
    ]
  ],
  "position": [
    -3.955803871154785,
    1.8744217157363892,
    -0.15974915027618408
  ],
  "focal_length": 1481.450439453125,
  "principal_point": [
    566.6854248046875,
    1031.048828125
  ],
  "skew": 0.0,
  "pixel_aspect_ratio": 1.00845468044281,
  "radial_distortion": [
    0.1271735429763794,
    -0.21105742454528809,
    0.0
  ],
  "tangential_distortion": [
    0.0030499822460114956,
    0.008128720335662365
  ],
  "image_size": [
    1072,
    1920
  ]
}