{
  "orientation": [
    [
      0.9994993209838867,
      -0.025999300181865692,
      0.01803286001086235
    ],
    [
      0.027087345719337463,
      0.9976473450660706,
      -0.06297673285007477
    ],
    [
      -0.01635308377444744,
      0.06343366205692291,
      0.997852087020874
    ]
  ],
  "position": [
    -1.3872781991958618,
    -1.1192554235458374,
    -1.0397902727127075
  ],
  "focal_length": 1481.450439453125,
  "principal_point": [
    566.6854248046875,
    1031.048828125
  ],
  "skew": 0.0,
  "pixel_aspect_ratio": 1.00845468044281,
  "radial_distortion": [
    0.1271735429763794,
    -0.21105742454528809,
    0.0
  ],
  "tangential_distortion": [
    0.0030499822460114956,
    0.008128720335662365
  ],
  "image_size": [
    1072,
    1920
  ]
}