{
  "orientation": [
    [
      0.9797602891921997,
      -0.12945394217967987,
      0.15268070995807648
    ],
    [
      0.13568304479122162,
      0.9902651309967041,
      -0.031065683811903
    ],
    [
      -0.14717280864715576,
      0.05115310847759247,
      0.9877871870994568
    ]
  ],
  "position": [
    0.4002465307712555,
    -2.6514644622802734,
    -1.667718529701233
  ],
  "focal_length": 1481.450439453125,
  "principal_point": [
    566.6854248046875,
    1031.048828125
  ],
  "skew": 0.0,
  "pixel_aspect_ratio": 1.00845468044281,
  "radial_distortion": [
    0.1271735429763794,
    -0.21105742454528809,
    0.0
  ],
  "tangential_distortion": [
    0.0030499822460114956,
    0.008128720335662365
  ],
  "image_size": [
    1072,
    1920
  ]
}