{
  "orientation": [
    [
      0.898932158946991,
      -0.2533475160598755,
      0.3574017584323883
    ],
    [
      0.28393810987472534,
      0.9582063555717468,
      -0.034924041479825974
    ],
    [
      -0.3336167335510254,
      0.13287432491779327,
      0.9332975149154663
    ]
  ],
  "position": [
    3.4576804637908936,
    -1.4245846271514893,
    -0.4296257495880127
  ],
  "focal_length": 1481.450439453125,
  "principal_point": [
    566.6854248046875,
    1031.048828125
  ],
  "skew": 0.0,
  "pixel_aspect_ratio": 1.00845468044281,
  "radial_distortion": [
    0.1271735429763794,
    -0.21105742454528809,
    0.0
  ],
  "tangential_distortion": [
    0.0030499822460114956,
    0.008128720335662365
  ],
  "image_size": [
    1072,
    1920
  ]
}