{
  "orientation": [
    [
      0.9742460250854492,
      -0.1964585781097412,
      0.11067397892475128
    ],
    [
      0.1916438192129135,
      0.9800494313240051,
      0.05268527939915657
    ],
    [
      -0.11881644278764725,
      -0.030118439346551895,
      0.9924593567848206
    ]
  ],
  "position": [
    1.3912543058395386,
    2.2832624912261963,
    0.7345507144927979
  ],
  "focal_length": 1481.450439453125,
  "principal_point": [
    566.6854248046875,
    1031.048828125
  ],
  "skew": 0.0,
  "pixel_aspect_ratio": 1.00845468044281,
  "radial_distortion": [
    0.1271735429763794,
    -0.21105742454528809,
    0.0
  ],
  "tangential_distortion": [
    0.0030499822460114956,
    0.008128720335662365
  ],
  "image_size": [
    1072,
    1920
  ]
}