{
  "orientation": [
    [
      0.895625650882721,
      -0.2553040087223053,
      0.3642452359199524
    ],
    [
      0.28561022877693176,
      0.9578473567962646,
      -0.030906567350029945
    ],
    [
      -0.3410007655620575,
      0.1317128837108612,
      0.9307900667190552
    ]
  ],
  "position": [
    4.081616401672363,
    -0.7524186372756958,
    0.08366967737674713
  ],
  "focal_length": 1481.450439453125,
  "principal_point": [
    566.6854248046875,
    1031.048828125
  ],
  "skew": 0.0,
  "pixel_aspect_ratio": 1.00845468044281,
  "radial_distortion": [
    0.1271735429763794,
    -0.21105742454528809,
    0.0
  ],
  "tangential_distortion": [
    0.0030499822460114956,
    0.008128720335662365
  ],
  "image_size": [
    1072,
    1920
  ]
}