{
  "orientation": [
    [
      0.9951566457748413,
      -0.0717310756444931,
      -0.06721552461385727
    ],
    [
      0.07352516800165176,
      0.9969897866249084,
      0.024606164544820786
    ],
    [
      0.06524816155433655,
      -0.02942902222275734,
      0.9974350333213806
    ]
  ],
  "position": [
    -2.685138702392578,
    2.7478885650634766,
    0.22692012786865234
  ],
  "focal_length": 1481.450439453125,
  "principal_point": [
    566.6854248046875,
    1031.048828125
  ],
  "skew": 0.0,
  "pixel_aspect_ratio": 1.00845468044281,
  "radial_distortion": [
    0.1271735429763794,
    -0.21105742454528809,
    0.0
  ],
  "tangential_distortion": [
    0.0030499822460114956,
    0.008128720335662365
  ],
  "image_size": [
    1072,
    1920
  ]
}