{
  "orientation": [
    [
      0.9895342588424683,
      -0.14417129755020142,
      0.006045246962457895
    ],
    [
      0.143746018409729,
      0.9885445237159729,
      0.04600834473967552
    ],
    [
      -0.012609078548848629,
      -0.04465785250067711,
      0.9989227652549744
    ]
  ],
  "position": [
    -1.4850637912750244,
    2.9518656730651855,
    0.4595227539539337
  ],
  "focal_length": 1481.450439453125,
  "principal_point": [
    566.6854248046875,
    1031.048828125
  ],
  "skew": 0.0,
  "pixel_aspect_ratio": 1.00845468044281,
  "radial_distortion": [
    0.1271735429763794,
    -0.21105742454528809,
    0.0
  ],
  "tangential_distortion": [
    0.0030499822460114956,
    0.008128720335662365
  ],
  "image_size": [
    1072,
    1920
  ]
}