{
  "orientation": [
    [
      0.9890621304512024,
      0.0009202634100802243,
      -0.1474967747926712
    ],
    [
      -0.0008898560190573335,
      0.9999995827674866,
      0.0002721427008509636
    ],
    [
      0.14749696850776672,
      -0.00013791515084449202,
      0.989062488079071
    ]
  ],
  "position": [
    -3.773867130279541,
    2.2386951446533203,
    -0.041069142520427704
  ],
  "focal_length": 1481.450439453125,
  "principal_point": [
    566.6854248046875,
    1031.048828125
  ],
  "skew": 0.0,
  "pixel_aspect_ratio": 1.00845468044281,
  "radial_distortion": [
    0.1271735429763794,
    -0.21105742454528809,
    0.0
  ],
  "tangential_distortion": [
    0.0030499822460114956,
    0.008128720335662365
  ],
  "image_size": [
    1072,
    1920
  ]
}