{
  "orientation": [
    [
      0.9666767716407776,
      -0.2078140527009964,
      0.14949704706668854
    ],
    [
      0.20458726584911346,
      0.9781554937362671,
      0.036821506917476654
    ],
    [
      -0.15388338267803192,
      -0.005009304732084274,
      0.9880763292312622
    ]
  ],
  "position": [
    2.1653900146484375,
    2.093407392501831,
    0.5329832434654236
  ],
  "focal_length": 1481.450439453125,
  "principal_point": [
    566.6854248046875,
    1031.048828125
  ],
  "skew": 0.0,
  "pixel_aspect_ratio": 1.00845468044281,
  "radial_distortion": [
    0.1271735429763794,
    -0.21105742454528809,
    0.0
  ],
  "tangential_distortion": [
    0.0030499822460114956,
    0.008128720335662365
  ],
  "image_size": [
    1072,
    1920
  ]
}