{
  "orientation": [
    [
      0.9847637414932251,
      0.067281074821949,
      -0.16035476326942444
    ],
    [
      -0.0679105818271637,
      0.9976902008056641,
      0.001557710231281817
    ],
    [
      0.1600891798734665,
      0.009355809539556503,
      0.9870582222938538
    ]
  ],
  "position": [
    -3.97869610786438,
    1.4125479459762573,
    -0.2621305286884308
  ],
  "focal_length": 1481.450439453125,
  "principal_point": [
    566.6854248046875,
    1031.048828125
  ],
  "skew": 0.0,
  "pixel_aspect_ratio": 1.00845468044281,
  "radial_distortion": [
    0.1271735429763794,
    -0.21105742454528809,
    0.0
  ],
  "tangential_distortion": [
    0.0030499822460114956,
    0.008128720335662365
  ],
  "image_size": [
    1072,
    1920
  ]
}