{
  "orientation": [
    [
      0.9756146669387817,
      -0.19404353201389313,
      0.1025824323296547
    ],
    [
      0.1892465353012085,
      0.9804056882858276,
      0.05468467250466347
    ],
    [
      -0.11118360608816147,
      -0.03393779695034027,
      0.9932202100753784
    ]
  ],
  "position": [
    1.0641841888427734,
    2.3507814407348633,
    0.7164566516876221
  ],
  "focal_length": 1481.450439453125,
  "principal_point": [
    566.6854248046875,
    1031.048828125
  ],
  "skew": 0.0,
  "pixel_aspect_ratio": 1.00845468044281,
  "radial_distortion": [
    0.1271735429763794,
    -0.21105742454528809,
    0.0
  ],
  "tangential_distortion": [
    0.0030499822460114956,
    0.008128720335662365
  ],
  "image_size": [
    1072,
    1920
  ]
}