{
  "orientation": [
    [
      0.9893480539321899,
      0.0654708594083786,
      -0.13001516461372375
    ],
    [
      -0.06663040071725845,
      0.9977672100067139,
      -0.004583951085805893
    ],
    [
      0.12942475080490112,
      0.013198086060583591,
      0.9915013909339905
    ]
  ],
  "position": [
    -3.947431802749634,
    0.41278982162475586,
    -0.5790926218032837
  ],
  "focal_length": 1481.450439453125,
  "principal_point": [
    566.6854248046875,
    1031.048828125
  ],
  "skew": 0.0,
  "pixel_aspect_ratio": 1.00845468044281,
  "radial_distortion": [
    0.1271735429763794,
    -0.21105742454528809,
    0.0
  ],
  "tangential_distortion": [
    0.0030499822460114956,
    0.008128720335662365
  ],
  "image_size": [
    1072,
    1920
  ]
}