{
  "orientation": [
    [
      0.992830216884613,
      -0.0317506417632103,
      -0.11523914337158203
    ],
    [
      0.03264116123318672,
      0.9994500279426575,
      0.005848289467394352
    ],
    [
      0.11499007791280746,
      -0.009567897766828537,
      0.9933205842971802
    ]
  ],
  "position": [
    -3.375216245651245,
    2.4923503398895264,
    0.12459488958120346
  ],
  "focal_length": 1481.450439453125,
  "principal_point": [
    566.6854248046875,
    1031.048828125
  ],
  "skew": 0.0,
  "pixel_aspect_ratio": 1.00845468044281,
  "radial_distortion": [
    0.1271735429763794,
    -0.21105742454528809,
    0.0
  ],
  "tangential_distortion": [
    0.0030499822460114956,
    0.008128720335662365
  ],
  "image_size": [
    1072,
    1920
  ]
}