{
  "orientation": [
    [
      0.942891538143158,
      -0.2333509773015976,
      0.23770320415496826
    ],
    [
      0.24911968410015106,
      0.9677200317382812,
      -0.03817551210522652
    ],
    [
      -0.2211218625307083,
      0.09521191567182541,
      0.9705873727798462
    ]
  ],
  "position": [
    2.4067392349243164,
    -1.700268030166626,
    -0.6960884928703308
  ],
  "focal_length": 1481.450439453125,
  "principal_point": [
    566.6854248046875,
    1031.048828125
  ],
  "skew": 0.0,
  "pixel_aspect_ratio": 1.00845468044281,
  "radial_distortion": [
    0.1271735429763794,
    -0.21105742454528809,
    0.0
  ],
  "tangential_distortion": [
    0.0030499822460114956,
    0.008128720335662365
  ],
  "image_size": [
    1072,
    1920
  ]
}