{
  "orientation": [
    [
      0.9860192537307739,
      0.08291709423065186,
      -0.1445363163948059
    ],
    [
      -0.09237498790025711,
      0.9939154386520386,
      -0.059991419315338135
    ],
    [
      0.138682559132576,
      0.07250423729419708,
      0.9876792430877686
    ]
  ],
  "position": [
    -4.577069282531738,
    -0.8784776926040649,
    -1.0001603364944458
  ],
  "focal_length": 1481.450439453125,
  "principal_point": [
    566.6854248046875,
    1031.048828125
  ],
  "skew": 0.0,
  "pixel_aspect_ratio": 1.00845468044281,
  "radial_distortion": [
    0.1271735429763794,
    -0.21105742454528809,
    0.0
  ],
  "tangential_distortion": [
    0.0030499822460114956,
    0.008128720335662365
  ],
  "image_size": [
    1072,
    1920
  ]
}