{
  "orientation": [
    [
      0.9590433835983276,
      -0.1230878084897995,
      0.25511792302131653
    ],
    [
      0.12699317932128906,
      0.9919028878211975,
      0.0011727223172783852
    ],
    [
      -0.2531965374946594,
      0.03127354383468628,
      0.9669092297554016
    ]
  ],
  "position": [
    4.398718357086182,
    0.9635202288627625,
    2.0172717571258545
  ],
  "focal_length": 1481.450439453125,
  "principal_point": [
    566.6854248046875,
    1031.048828125
  ],
  "skew": 0.0,
  "pixel_aspect_ratio": 1.00845468044281,
  "radial_distortion": [
    0.1271735429763794,
    -0.21105742454528809,
    0.0
  ],
  "tangential_distortion": [
    0.0030499822460114956,
    0.008128720335662365
  ],
  "image_size": [
    1072,
    1920
  ]
}