{
  "orientation": [
    [
      0.9844182133674622,
      0.08780994266271591,
      -0.1523490846157074
    ],
    [
      -0.09417865425348282,
      0.9949367642402649,
      -0.03508942201733589
    ],
    [
      0.14849649369716644,
      0.048890694975852966,
      0.9877036213874817
    ]
  ],
  "position": [
    -5.047888278961182,
    0.19701731204986572,
    -0.8071643710136414
  ],
  "focal_length": 1481.450439453125,
  "principal_point": [
    566.6854248046875,
    1031.048828125
  ],
  "skew": 0.0,
  "pixel_aspect_ratio": 1.00845468044281,
  "radial_distortion": [
    0.1271735429763794,
    -0.21105742454528809,
    0.0
  ],
  "tangential_distortion": [
    0.0030499822460114956,
    0.008128720335662365
  ],
  "image_size": [
    1072,
    1920
  ]
}