{
  "orientation": [
    [
      0.9890672564506531,
      -0.08262210339307785,
      0.12214572727680206
    ],
    [
      0.08249655365943909,
      0.996572732925415,
      0.00609350111335516
    ],
    [
      -0.12223055958747864,
      0.0040497188456356525,
      0.9924934506416321
    ]
  ],
  "position": [
    2.0908753871917725,
    1.5204133987426758,
    1.585724949836731
  ],
  "focal_length": 1481.450439453125,
  "principal_point": [
    566.6854248046875,
    1031.048828125
  ],
  "skew": 0.0,
  "pixel_aspect_ratio": 1.00845468044281,
  "radial_distortion": [
    0.1271735429763794,
    -0.21105742454528809,
    0.0
  ],
  "tangential_distortion": [
    0.0030499822460114956,
    0.008128720335662365
  ],
  "image_size": [
    1072,
    1920
  ]
}