{
  "orientation": [
    [
      0.9985551834106445,
      -0.017152225598692894,
      -0.05092480406165123
    ],
    [
      0.013251183554530144,
      0.9970215559005737,
      -0.07597672939300537
    ],
    [
      0.052076295018196106,
      0.07519214600324631,
      0.9958083033561707
    ]
  ],
  "position": [
    -2.1885735988616943,
    -2.2550501823425293,
    -1.1054686307907104
  ],
  "focal_length": 1481.450439453125,
  "principal_point": [
    566.6854248046875,
    1031.048828125
  ],
  "skew": 0.0,
  "pixel_aspect_ratio": 1.00845468044281,
  "radial_distortion": [
    0.1271735429763794,
    -0.21105742454528809,
    0.0
  ],
  "tangential_distortion": [
    0.0030499822460114956,
    0.008128720335662365
  ],
  "image_size": [
    1072,
    1920
  ]
}