{
  "orientation": [
    [
      0.9989596605300903,
      0.03952190279960632,
      -0.022751333191990852
    ],
    [
      -0.040046755224466324,
      0.9989308714866638,
      -0.023095227777957916
    ],
    [
      0.021814242005348206,
      0.023982318118214607,
      0.9994743466377258
    ]
  ],
  "position": [
    -2.304208278656006,
    -1.415795087814331,
    -1.4054663181304932
  ],
  "focal_length": 1481.450439453125,
  "principal_point": [
    566.6854248046875,
    1031.048828125
  ],
  "skew": 0.0,
  "pixel_aspect_ratio": 1.00845468044281,
  "radial_distortion": [
    0.1271735429763794,
    -0.21105742454528809,
    0.0
  ],
  "tangential_distortion": [
    0.0030499822460114956,
    0.008128720335662365
  ],
  "image_size": [
    1072,
    1920
  ]
}