{
  "orientation": [
    [
      0.9924400448799133,
      0.026502281427383423,
      -0.11983465403318405
    ],
    [
      -0.03584969788789749,
      0.9964224100112915,
      -0.07653220742940903
    ],
    [
      0.11737765371799469,
      0.08024966716766357,
      0.9898396134376526
    ]
  ],
  "position": [
    -3.163600444793701,
    -1.8175954818725586,
    -1.051464319229126
  ],
  "focal_length": 1481.450439453125,
  "principal_point": [
    566.6854248046875,
    1031.048828125
  ],
  "skew": 0.0,
  "pixel_aspect_ratio": 1.00845468044281,
  "radial_distortion": [
    0.1271735429763794,
    -0.21105742454528809,
    0.0
  ],
  "tangential_distortion": [
    0.0030499822460114956,
    0.008128720335662365
  ],
  "image_size": [
    1072,
    1920
  ]
}