{
  "orientation": [
    [
      0.9595511555671692,
      -0.13109299540519714,
      0.24915096163749695
    ],
    [
      0.15541011095046997,
      0.9845653772354126,
      -0.08049069344997406
    ],
    [
      -0.23475363850593567,
      0.11595551669597626,
      0.9651139974594116
    ]
  ],
  "position": [
    3.9541988372802734,
    -2.762918710708618,
    0.5634272694587708
  ],
  "focal_length": 1481.450439453125,
  "principal_point": [
    566.6854248046875,
    1031.048828125
  ],
  "skew": 0.0,
  "pixel_aspect_ratio": 1.00845468044281,
  "radial_distortion": [
    0.1271735429763794,
    -0.21105742454528809,
    0.0
  ],
  "tangential_distortion": [
    0.0030499822460114956,
    0.008128720335662365
  ],
  "image_size": [
    1072,
    1920
  ]
}