{
  "orientation": [
    [
      0.9932025671005249,
      -0.09184695035219193,
      0.07150368392467499
    ],
    [
      0.09826429188251495,
      0.9908883571624756,
      -0.09211104363203049
    ],
    [
      -0.06239205226302147,
      0.09851118922233582,
      0.993178129196167
    ]
  ],
  "position": [
    0.4403160810470581,
    -3.142716407775879,
    -1.2360252141952515
  ],
  "focal_length": 1481.450439453125,
  "principal_point": [
    566.6854248046875,
    1031.048828125
  ],
  "skew": 0.0,
  "pixel_aspect_ratio": 1.00845468044281,
  "radial_distortion": [
    0.1271735429763794,
    -0.21105742454528809,
    0.0
  ],
  "tangential_distortion": [
    0.0030499822460114956,
    0.008128720335662365
  ],
  "image_size": [
    1072,
    1920
  ]
}