{
  "orientation": [
    [
      0.9398141503334045,
      -0.17466424405574799,
      0.2936694025993347
    ],
    [
      0.18223479390144348,
      0.9832537174224854,
      0.0016086987452581525
    ],
    [
      -0.289032518863678,
      0.05200490728020668,
      0.9559056758880615
    ]
  ],
  "position": [
    5.4127960205078125,
    -1.6665148735046387,
    1.6758081912994385
  ],
  "focal_length": 1481.450439453125,
  "principal_point": [
    566.6854248046875,
    1031.048828125
  ],
  "skew": 0.0,
  "pixel_aspect_ratio": 1.00845468044281,
  "radial_distortion": [
    0.1271735429763794,
    -0.21105742454528809,
    0.0
  ],
  "tangential_distortion": [
    0.0030499822460114956,
    0.008128720335662365
  ],
  "image_size": [
    1072,
    1920
  ]
}