{
  "orientation": [
    [
      0.9984492659568787,
      -0.04282599687576294,
      0.035566382110118866
    ],
    [
      0.04207086190581322,
      0.9988785982131958,
      0.02171570248901844
    ],
    [
      -0.03645649552345276,
      -0.020185720175504684,
      0.9991313815116882
    ]
  ],
  "position": [
    -0.1319848597049713,
    1.6944327354431152,
    1.09369695186615
  ],
  "focal_length": 1481.450439453125,
  "principal_point": [
    566.6854248046875,
    1031.048828125
  ],
  "skew": 0.0,
  "pixel_aspect_ratio": 1.00845468044281,
  "radial_distortion": [
    0.1271735429763794,
    -0.21105742454528809,
    0.0
  ],
  "tangential_distortion": [
    0.0030499822460114956,
    0.008128720335662365
  ],
  "image_size": [
    1072,
    1920
  ]
}