{
  "orientation": [
    [
      0.9974130392074585,
      0.045734703540802,
      -0.05545737221837044
    ],
    [
      -0.045116908848285675,
      0.9989054799079895,
      0.012341965921223164
    ],
    [
      0.05596112832427025,
      -0.00980797316879034,
      0.9983847737312317
    ]
  ],
  "position": [
    -3.4962730407714844,
    0.7582496404647827,
    -0.17459064722061157
  ],
  "focal_length": 1481.450439453125,
  "principal_point": [
    566.6854248046875,
    1031.048828125
  ],
  "skew": 0.0,
  "pixel_aspect_ratio": 1.00845468044281,
  "radial_distortion": [
    0.1271735429763794,
    -0.21105742454528809,
    0.0
  ],
  "tangential_distortion": [
    0.0030499822460114956,
    0.008128720335662365
  ],
  "image_size": [
    1072,
    1920
  ]
}