{
  "orientation": [
    [
      0.9970090389251709,
      0.054602980613708496,
      -0.05469447374343872
    ],
    [
      -0.05499013140797615,
      0.998471200466156,
      -0.005597526207566261
    ],
    [
      0.05430521443486214,
      0.008588439784944057,
      0.9984874725341797
    ]
  ],
  "position": [
    -3.5384345054626465,
    -0.26367878913879395,
    -0.9819623231887817
  ],
  "focal_length": 1481.450439453125,
  "principal_point": [
    566.6854248046875,
    1031.048828125
  ],
  "skew": 0.0,
  "pixel_aspect_ratio": 1.00845468044281,
  "radial_distortion": [
    0.1271735429763794,
    -0.21105742454528809,
    0.0
  ],
  "tangential_distortion": [
    0.0030499822460114956,
    0.008128720335662365
  ],
  "image_size": [
    1072,
    1920
  ]
}