{
  "orientation": [
    [
      0.9520765542984009,
      -0.14293687045574188,
      0.27040573954582214
    ],
    [
      0.1464943289756775,
      0.9891861081123352,
      0.007090661209076643
    ],
    [
      -0.268495112657547,
      0.03286205604672432,
      0.9627203345298767
    ]
  ],
  "position": [
    5.05152702331543,
    0.6686538457870483,
    2.24788761138916
  ],
  "focal_length": 1481.450439453125,
  "principal_point": [
    566.6854248046875,
    1031.048828125
  ],
  "skew": 0.0,
  "pixel_aspect_ratio": 1.00845468044281,
  "radial_distortion": [
    0.1271735429763794,
    -0.21105742454528809,
    0.0
  ],
  "tangential_distortion": [
    0.0030499822460114956,
    0.008128720335662365
  ],
  "image_size": [
    1072,
    1920
  ]
}