{
  "orientation": [
    [
      0.9993227124214172,
      -0.03224100545048714,
      -0.017739592120051384
    ],
    [
      0.030744509771466255,
      0.9964010119438171,
      -0.07899204641580582
    ],
    [
      0.020222529768943787,
      0.07839314639568329,
      0.9967173933982849
    ]
  ],
  "position": [
    -1.8443466424942017,
    -2.4146299362182617,
    -1.1423625946044922
  ],
  "focal_length": 1481.450439453125,
  "principal_point": [
    566.6854248046875,
    1031.048828125
  ],
  "skew": 0.0,
  "pixel_aspect_ratio": 1.00845468044281,
  "radial_distortion": [
    0.1271735429763794,
    -0.21105742454528809,
    0.0
  ],
  "tangential_distortion": [
    0.0030499822460114956,
    0.008128720335662365
  ],
  "image_size": [
    1072,
    1920
  ]
}