{
  "orientation": [
    [
      0.9837559461593628,
      0.08470485359430313,
      -0.15826985239982605
    ],
    [
      -0.09014388173818588,
      0.9955491423606873,
      -0.027495676651597023
    ],
    [
      0.1552364081144333,
      0.04131609573960304,
      0.9870129823684692
    ]
  ],
  "position": [
    -5.043074131011963,
    0.4906363785266876,
    -0.6930870413780212
  ],
  "focal_length": 1481.450439453125,
  "principal_point": [
    566.6854248046875,
    1031.048828125
  ],
  "skew": 0.0,
  "pixel_aspect_ratio": 1.00845468044281,
  "radial_distortion": [
    0.1271735429763794,
    -0.21105742454528809,
    0.0
  ],
  "tangential_distortion": [
    0.0030499822460114956,
    0.008128720335662365
  ],
  "image_size": [
    1072,
    1920
  ]
}