{
  "orientation": [
    [
      0.9895135760307312,
      0.02132798172533512,
      -0.14285671710968018
    ],
    [
      -0.019474172964692116,
      0.9997072219848633,
      0.014362497255206108
    ],
    [
      0.14312121272087097,
      -0.011429869569838047,
      0.989639163017273
    ]
  ],
  "position": [
    -3.9213736057281494,
    2.5468358993530273,
    0.005182914435863495
  ],
  "focal_length": 1481.450439453125,
  "principal_point": [
    566.6854248046875,
    1031.048828125
  ],
  "skew": 0.0,
  "pixel_aspect_ratio": 1.00845468044281,
  "radial_distortion": [
    0.1271735429763794,
    -0.21105742454528809,
    0.0
  ],
  "tangential_distortion": [
    0.0030499822460114956,
    0.008128720335662365
  ],
  "image_size": [
    1072,
    1920
  ]
}