{
  "orientation": [
    [
      0.9969542026519775,
      0.05933002382516861,
      -0.050618723034858704
    ],
    [
      -0.05998934432864189,
      0.9981315732002258,
      -0.011605593375861645
    ],
    [
      0.04983558505773544,
      0.014606828801333904,
      0.9986506104469299
    ]
  ],
  "position": [
    -2.8027894496917725,
    -1.103826880455017,
    -1.3924274444580078
  ],
  "focal_length": 1481.450439453125,
  "principal_point": [
    566.6854248046875,
    1031.048828125
  ],
  "skew": 0.0,
  "pixel_aspect_ratio": 1.00845468044281,
  "radial_distortion": [
    0.1271735429763794,
    -0.21105742454528809,
    0.0
  ],
  "tangential_distortion": [
    0.0030499822460114956,
    0.008128720335662365
  ],
  "image_size": [
    1072,
    1920
  ]
}