{
  "orientation": [
    [
      0.9973319172859192,
      0.0516066700220108,
      -0.05163188651204109
    ],
    [
      -0.051462262868881226,
      0.9986664056777954,
      0.004123295657336712
    ],
    [
      0.051775820553302765,
      -0.0014552007196471095,
      0.9986576437950134
    ]
  ],
  "position": [
    -3.5723788738250732,
    0.25999149680137634,
    -0.5978401899337769
  ],
  "focal_length": 1481.450439453125,
  "principal_point": [
    566.6854248046875,
    1031.048828125
  ],
  "skew": 0.0,
  "pixel_aspect_ratio": 1.00845468044281,
  "radial_distortion": [
    0.1271735429763794,
    -0.21105742454528809,
    0.0
  ],
  "tangential_distortion": [
    0.0030499822460114956,
    0.008128720335662365
  ],
  "image_size": [
    1072,
    1920
  ]
}