{
  "orientation": [
    [
      0.9972533583641052,
      0.05236220732331276,
      -0.05238247662782669
    ],
    [
      -0.05249323695898056,
      0.9986206293106079,
      -0.0011277442099526525
    ],
    [
      0.052251171320676804,
      0.0038743724580854177,
      0.9986264705657959
    ]
  ],
  "position": [
    -3.5752875804901123,
    -0.0010206721490249038,
    -0.7821648716926575
  ],
  "focal_length": 1481.450439453125,
  "principal_point": [
    566.6854248046875,
    1031.048828125
  ],
  "skew": 0.0,
  "pixel_aspect_ratio": 1.00845468044281,
  "radial_distortion": [
    0.1271735429763794,
    -0.21105742454528809,
    0.0
  ],
  "tangential_distortion": [
    0.0030499822460114956,
    0.008128720335662365
  ],
  "image_size": [
    1072,
    1920
  ]
}