{
  "orientation": [
    [
      0.9868582487106323,
      0.04267121106386185,
      -0.15585225820541382
    ],
    [
      -0.041736118495464325,
      0.9990856647491455,
      0.009268790483474731
    ],
    [
      0.15610526502132416,
      -0.002642314415425062,
      0.9877368807792664
    ]
  ],
  "position": [
    -4.4657511711120605,
    2.071398973464966,
    -0.25408735871315
  ],
  "focal_length": 1481.450439453125,
  "principal_point": [
    566.6854248046875,
    1031.048828125
  ],
  "skew": 0.0,
  "pixel_aspect_ratio": 1.00845468044281,
  "radial_distortion": [
    0.1271735429763794,
    -0.21105742454528809,
    0.0
  ],
  "tangential_distortion": [
    0.0030499822460114956,
    0.008128720335662365
  ],
  "image_size": [
    1072,
    1920
  ]
}