{
  "orientation": [
    [
      0.9869915843009949,
      0.07475513219833374,
      -0.1423351764678955
    ],
    [
      -0.08474906533956528,
      0.9942477941513062,
      -0.06548968702554703
    ],
    [
      0.13662074506282806,
      0.07670054584741592,
      0.9876496195793152
    ]
  ],
  "position": [
    -4.350105285644531,
    -1.148363709449768,
    -1.093889832496643
  ],
  "focal_length": 1481.450439453125,
  "principal_point": [
    566.6854248046875,
    1031.048828125
  ],
  "skew": 0.0,
  "pixel_aspect_ratio": 1.00845468044281,
  "radial_distortion": [
    0.1271735429763794,
    -0.21105742454528809,
    0.0
  ],
  "tangential_distortion": [
    0.0030499822460114956,
    0.008128720335662365
  ],
  "image_size": [
    1072,
    1920
  ]
}