{
  "orientation": [
    [
      0.9911105036735535,
      -0.0778023973107338,
      0.10792006552219391
    ],
    [
      0.07706288993358612,
      0.9969654083251953,
      0.011012405157089233
    ],
    [
      -0.10844936221837997,
      -0.0025978784542530775,
      0.9940986037254333
    ]
  ],
  "position": [
    1.6424720287322998,
    1.610916256904602,
    1.6127688884735107
  ],
  "focal_length": 1481.450439453125,
  "principal_point": [
    566.6854248046875,
    1031.048828125
  ],
  "skew": 0.0,
  "pixel_aspect_ratio": 1.00845468044281,
  "radial_distortion": [
    0.1271735429763794,
    -0.21105742454528809,
    0.0
  ],
  "tangential_distortion": [
    0.0030499822460114956,
    0.008128720335662365
  ],
  "image_size": [
    1072,
    1920
  ]
}