{
  "orientation": [
    [
      0.9549446702003479,
      -0.1304335743188858,
      0.2665852904319763
    ],
    [
      0.13476233184337616,
      0.990875780582428,
      0.0020740008912980556
    ],
    [
      -0.2644234299659729,
      0.033945098519325256,
      0.963809072971344
    ]
  ],
  "position": [
    4.74210786819458,
    0.8307145833969116,
    2.1629319190979004
  ],
  "focal_length": 1481.450439453125,
  "principal_point": [
    566.6854248046875,
    1031.048828125
  ],
  "skew": 0.0,
  "pixel_aspect_ratio": 1.00845468044281,
  "radial_distortion": [
    0.1271735429763794,
    -0.21105742454528809,
    0.0
  ],
  "tangential_distortion": [
    0.0030499822460114956,
    0.008128720335662365
  ],
  "image_size": [
    1072,
    1920
  ]
}