{
  "orientation": [
    [
      0.9976514577865601,
      0.02752433717250824,
      -0.06272190064191818
    ],
    [
      -0.026196317747235298,
      0.9994169473648071,
      0.021898163482546806
    ],
    [
      0.06328806281089783,
      -0.02020365186035633,
      0.9977907538414001
    ]
  ],
  "position": [
    -2.948855400085449,
    1.350268006324768,
    0.31289809942245483
  ],
  "focal_length": 1481.450439453125,
  "principal_point": [
    566.6854248046875,
    1031.048828125
  ],
  "skew": 0.0,
  "pixel_aspect_ratio": 1.00845468044281,
  "radial_distortion": [
    0.1271735429763794,
    -0.21105742454528809,
    0.0
  ],
  "tangential_distortion": [
    0.0030499822460114956,
    0.008128720335662365
  ],
  "image_size": [
    1072,
    1920
  ]
}