{
  "orientation": [
    [
      0.9964660406112671,
      0.05687655508518219,
      -0.06181039661169052
    ],
    [
      -0.05757930874824524,
      0.9982943534851074,
      -0.009646969847381115
    ],
    [
      0.06115628033876419,
      0.013171877712011337,
      0.9980412721633911
    ]
  ],
  "position": [
    -3.3197884559631348,
    -0.7270463705062866,
    -1.260053038597107
  ],
  "focal_length": 1481.450439453125,
  "principal_point": [
    566.6854248046875,
    1031.048828125
  ],
  "skew": 0.0,
  "pixel_aspect_ratio": 1.00845468044281,
  "radial_distortion": [
    0.1271735429763794,
    -0.21105742454528809,
    0.0
  ],
  "tangential_distortion": [
    0.0030499822460114956,
    0.008128720335662365
  ],
  "image_size": [
    1072,
    1920
  ]
}