{
  "orientation": [
    [
      0.9968885183334351,
      -0.02704268880188465,
      -0.07404004782438278
    ],
    [
      0.02821516804397106,
      0.9994917511940002,
      0.014835644513368607
    ],
    [
      0.07360122352838516,
      -0.016878535971045494,
      0.9971449375152588
    ]
  ],
  "position": [
    -2.612504005432129,
    2.9412424564361572,
    0.5866263508796692
  ],
  "focal_length": 1481.450439453125,
  "principal_point": [
    566.6854248046875,
    1031.048828125
  ],
  "skew": 0.0,
  "pixel_aspect_ratio": 1.00845468044281,
  "radial_distortion": [
    0.1271735429763794,
    -0.21105742454528809,
    0.0
  ],
  "tangential_distortion": [
    0.0030499822460114956,
    0.008128720335662365
  ],
  "image_size": [
    1072,
    1920
  ]
}