{
  "orientation": [
    [
      0.9969707727432251,
      -0.05288789048790932,
      0.0570279024541378
    ],
    [
      0.05199749395251274,
      0.9985027313232422,
      0.016986796632409096
    ],
    [
      -0.05784091353416443,
      -0.013970031403005123,
      0.9982280731201172
    ]
  ],
  "position": [
    0.25911277532577515,
    1.7011313438415527,
    1.2664461135864258
  ],
  "focal_length": 1481.450439453125,
  "principal_point": [
    566.6854248046875,
    1031.048828125
  ],
  "skew": 0.0,
  "pixel_aspect_ratio": 1.00845468044281,
  "radial_distortion": [
    0.1271735429763794,
    -0.21105742454528809,
    0.0
  ],
  "tangential_distortion": [
    0.0030499822460114956,
    0.008128720335662365
  ],
  "image_size": [
    1072,
    1920
  ]
}