{
  "orientation": [
    [
      0.9845491051673889,
      0.08785337209701538,
      -0.15147575736045837
    ],
    [
      -0.0951048880815506,
      0.9946102499961853,
      -0.04129747301340103
    ],
    [
      0.14703121781349182,
      0.055065471678972244,
      0.9875978827476501
    ]
  ],
  "position": [
    -5.020720481872559,
    -0.09977250546216965,
    -0.885651707649231
  ],
  "focal_length": 1481.450439453125,
  "principal_point": [
    566.6854248046875,
    1031.048828125
  ],
  "skew": 0.0,
  "pixel_aspect_ratio": 1.00845468044281,
  "radial_distortion": [
    0.1271735429763794,
    -0.21105742454528809,
    0.0
  ],
  "tangential_distortion": [
    0.0030499822460114956,
    0.008128720335662365
  ],
  "image_size": [
    1072,
    1920
  ]
}