{
  "orientation": [
    [
      0.9907242655754089,
      -0.09867899864912033,
      0.09342344105243683
    ],
    [
      0.10643839091062546,
      0.9909263253211975,
      -0.08207222074270248
    ],
    [
      -0.08447694778442383,
      0.09125477820634842,
      0.9922379851341248
    ]
  ],
  "position": [
    0.8659651875495911,
    -2.9477670192718506,
    -0.9262759685516357
  ],
  "focal_length": 1481.450439453125,
  "principal_point": [
    566.6854248046875,
    1031.048828125
  ],
  "skew": 0.0,
  "pixel_aspect_ratio": 1.00845468044281,
  "radial_distortion": [
    0.1271735429763794,
    -0.21105742454528809,
    0.0
  ],
  "tangential_distortion": [
    0.0030499822460114956,
    0.008128720335662365
  ],
  "image_size": [
    1072,
    1920
  ]
}