{
  "orientation": [
    [
      0.9952259659767151,
      -0.0675446093082428,
      0.0704488530755043
    ],
    [
      0.06659144908189774,
      0.9976553320884705,
      0.01579439640045166
    ],
    [
      -0.07135049253702164,
      -0.011027701199054718,
      0.9973903298377991
    ]
  ],
  "position": [
    0.6812126040458679,
    1.676407814025879,
    1.3568605184555054
  ],
  "focal_length": 1481.450439453125,
  "principal_point": [
    566.6854248046875,
    1031.048828125
  ],
  "skew": 0.0,
  "pixel_aspect_ratio": 1.00845468044281,
  "radial_distortion": [
    0.1271735429763794,
    -0.21105742454528809,
    0.0
  ],
  "tangential_distortion": [
    0.0030499822460114956,
    0.008128720335662365
  ],
  "image_size": [
    1072,
    1920
  ]
}