{
  "orientation": [
    [
      0.9858509302139282,
      -0.08158580958843231,
      0.14642970263957977
    ],
    [
      0.08181856572628021,
      0.9966373443603516,
      0.004442781675606966
    ],
    [
      -0.14629977941513062,
      0.007600747514516115,
      0.9892110824584961
    ]
  ],
  "position": [
    2.649944305419922,
    1.459266185760498,
    1.7692915201187134
  ],
  "focal_length": 1481.450439453125,
  "principal_point": [
    566.6854248046875,
    1031.048828125
  ],
  "skew": 0.0,
  "pixel_aspect_ratio": 1.00845468044281,
  "radial_distortion": [
    0.1271735429763794,
    -0.21105742454528809,
    0.0
  ],
  "tangential_distortion": [
    0.0030499822460114956,
    0.008128720335662365
  ],
  "image_size": [
    1072,
    1920
  ]
}