{
  "orientation": [
    [
      0.9974229335784912,
      -0.07054515928030014,
      0.013073630630970001
    ],
    [
      0.0703212097287178,
      0.997381865978241,
      0.016863930970430374
    ],
    [
      -0.014229070395231247,
      -0.015901118516921997,
      0.999772310256958
    ]
  ],
  "position": [
    0.1666339486837387,
    2.617846727371216,
    1.1475473642349243
  ],
  "focal_length": 1481.450439453125,
  "principal_point": [
    566.6854248046875,
    1031.048828125
  ],
  "skew": 0.0,
  "pixel_aspect_ratio": 1.00845468044281,
  "radial_distortion": [
    0.1271735429763794,
    -0.21105742454528809,
    0.0
  ],
  "tangential_distortion": [
    0.0030499822460114956,
    0.008128720335662365
  ],
  "image_size": [
    1072,
    1920
  ]
}