{
  "orientation": [
    [
      0.9648023843765259,
      -0.11288415640592575,
      0.23751534521579742
    ],
    [
      0.11597063392400742,
      0.993252158164978,
      0.0009838814148679376
    ],
    [
      -0.2360236942768097,
      0.026595553383231163,
      0.971383273601532
    ]
  ],
  "position": [
    4.024337291717529,
    1.076161503791809,
    1.8929903507232666
  ],
  "focal_length": 1481.450439453125,
  "principal_point": [
    566.6854248046875,
    1031.048828125
  ],
  "skew": 0.0,
  "pixel_aspect_ratio": 1.00845468044281,
  "radial_distortion": [
    0.1271735429763794,
    -0.21105742454528809,
    0.0
  ],
  "tangential_distortion": [
    0.0030499822460114956,
    0.008128720335662365
  ],
  "image_size": [
    1072,
    1920
  ]
}