{
  "orientation": [
    [
      0.9931617379188538,
      -0.07797133177518845,
      0.08689199388027191
    ],
    [
      0.07702310383319855,
      0.9969279170036316,
      0.01421758346259594
    ],
    [
      -0.08773361891508102,
      -0.007427668664604425,
      0.9961162805557251
    ]
  ],
  "position": [
    1.1231733560562134,
    1.650935411453247,
    1.4468810558319092
  ],
  "focal_length": 1481.450439453125,
  "principal_point": [
    566.6854248046875,
    1031.048828125
  ],
  "skew": 0.0,
  "pixel_aspect_ratio": 1.00845468044281,
  "radial_distortion": [
    0.1271735429763794,
    -0.21105742454528809,
    0.0
  ],
  "tangential_distortion": [
    0.0030499822460114956,
    0.008128720335662365
  ],
  "image_size": [
    1072,
    1920
  ]
}