{
  "orientation": [
    [
      0.9886030554771423,
      0.05186973139643669,
      -0.14132773876190186
    ],
    [
      -0.06270143389701843,
      0.9953371286392212,
      -0.07329744845628738
    ],
    [
      0.13686682283878326,
      0.0813235342502594,
      0.9872456192970276
    ]
  ],
  "position": [
    -3.7925097942352295,
    -1.548069953918457,
    -1.178131341934204
  ],
  "focal_length": 1481.450439453125,
  "principal_point": [
    566.6854248046875,
    1031.048828125
  ],
  "skew": 0.0,
  "pixel_aspect_ratio": 1.00845468044281,
  "radial_distortion": [
    0.1271735429763794,
    -0.21105742454528809,
    0.0
  ],
  "tangential_distortion": [
    0.0030499822460114956,
    0.008128720335662365
  ],
  "image_size": [
    1072,
    1920
  ]
}