{
  "orientation": [
    [
      0.984641969203949,
      0.0885796770453453,
      -0.1504453867673874
    ],
    [
      -0.09669706970453262,
      0.9941791892051697,
      -0.04751170054078102
    ],
    [
      0.14536111056804657,
      0.061329640448093414,
      0.9874759912490845
    ]
  ],
  "position": [
    -4.941048622131348,
    -0.3621310293674469,
    -0.9394391775131226
  ],
  "focal_length": 1481.450439453125,
  "principal_point": [
    566.6854248046875,
    1031.048828125
  ],
  "skew": 0.0,
  "pixel_aspect_ratio": 1.00845468044281,
  "radial_distortion": [
    0.1271735429763794,
    -0.21105742454528809,
    0.0
  ],
  "tangential_distortion": [
    0.0030499822460114956,
    0.008128720335662365
  ],
  "image_size": [
    1072,
    1920
  ]
}