{
  "orientation": [
    [
      0.9985957741737366,
      -0.052417412400245667,
      0.007677658461034298
    ],
    [
      0.052874766290187836,
      0.9951382279396057,
      -0.08309119939804077
    ],
    [
      -0.00328490580432117,
      0.08338047564029694,
      0.9965123534202576
    ]
  ],
  "position": [
    -1.546101689338684,
    -2.559605360031128,
    -1.1218430995941162
  ],
  "focal_length": 1481.450439453125,
  "principal_point": [
    566.6854248046875,
    1031.048828125
  ],
  "skew": 0.0,
  "pixel_aspect_ratio": 1.00845468044281,
  "radial_distortion": [
    0.1271735429763794,
    -0.21105742454528809,
    0.0
  ],
  "tangential_distortion": [
    0.0030499822460114956,
    0.008128720335662365
  ],
  "image_size": [
    1072,
    1920
  ]
}