{
  "orientation": [
    [
      0.9452583193778992,
      -0.1790415346622467,
      0.2728200852870941
    ],
    [
      0.18164123594760895,
      0.9832360744476318,
      0.0159160066395998
    ],
    [
      -0.2710961699485779,
      0.03451063856482506,
      0.961933434009552
    ]
  ],
  "position": [
    5.816292762756348,
    -0.48843076825141907,
    1.9666036367416382
  ],
  "focal_length": 1481.450439453125,
  "principal_point": [
    566.6854248046875,
    1031.048828125
  ],
  "skew": 0.0,
  "pixel_aspect_ratio": 1.00845468044281,
  "radial_distortion": [
    0.1271735429763794,
    -0.21105742454528809,
    0.0
  ],
  "tangential_distortion": [
    0.0030499822460114956,
    0.008128720335662365
  ],
  "image_size": [
    1072,
    1920
  ]
}