{
  "orientation": [
    [
      0.9984171986579895,
      0.011002563871443272,
      -0.055155009031295776
    ],
    [
      -0.009183626621961594,
      0.999409019947052,
      0.03312429040670395
    ],
    [
      0.05548686906695366,
      -0.03256533667445183,
      0.9979282021522522
    ]
  ],
  "position": [
    -2.2144007682800293,
    1.5409592390060425,
    0.5356777906417847
  ],
  "focal_length": 1481.450439453125,
  "principal_point": [
    566.6854248046875,
    1031.048828125
  ],
  "skew": 0.0,
  "pixel_aspect_ratio": 1.00845468044281,
  "radial_distortion": [
    0.1271735429763794,
    -0.21105742454528809,
    0.0
  ],
  "tangential_distortion": [
    0.0030499822460114956,
    0.008128720335662365
  ],
  "image_size": [
    1072,
    1920
  ]
}