{
  "orientation": [
    [
      0.9850659966468811,
      0.08852469176054001,
      -0.14767658710479736
    ],
    [
      -0.09731845557689667,
      0.9938190579414368,
      -0.05341113731265068
    ],
    [
      0.1420356035232544,
      0.06698515266180038,
      0.9875924587249756
    ]
  ],
  "position": [
    -4.773706912994385,
    -0.6113888025283813,
    -0.9698143005371094
  ],
  "focal_length": 1481.450439453125,
  "principal_point": [
    566.6854248046875,
    1031.048828125
  ],
  "skew": 0.0,
  "pixel_aspect_ratio": 1.00845468044281,
  "radial_distortion": [
    0.1271735429763794,
    -0.21105742454528809,
    0.0
  ],
  "tangential_distortion": [
    0.0030499822460114956,
    0.008128720335662365
  ],
  "image_size": [
    1072,
    1920
  ]
}