{
  "orientation": [
    [
      0.9975208640098572,
      0.03504424914717674,
      -0.06102479249238968
    ],
    [
      -0.03390272334218025,
      0.9992321133613586,
      0.019642271101474762
    ],
    [
      0.061666280031204224,
      -0.01752466708421707,
      0.9979429841041565
    ]
  ],
  "position": [
    -3.111793041229248,
    1.2334829568862915,
    0.21784989535808563
  ],
  "focal_length": 1481.450439453125,
  "principal_point": [
    566.6854248046875,
    1031.048828125
  ],
  "skew": 0.0,
  "pixel_aspect_ratio": 1.00845468044281,
  "radial_distortion": [
    0.1271735429763794,
    -0.21105742454528809,
    0.0
  ],
  "tangential_distortion": [
    0.0030499822460114956,
    0.008128720335662365
  ],
  "image_size": [
    1072,
    1920
  ]
}