{
  "orientation": [
    [
      0.9986896514892578,
      0.010095887817442417,
      -0.050170622766017914
    ],
    [
      -0.008272260427474976,
      0.9993022084236145,
      0.03642415627837181
    ],
    [
      0.05050334706902504,
      -0.03596140071749687,
      0.9980762600898743
    ]
  ],
  "position": [
    -1.9391862154006958,
    1.5849440097808838,
    0.6194890737533569
  ],
  "focal_length": 1481.450439453125,
  "principal_point": [
    566.6854248046875,
    1031.048828125
  ],
  "skew": 0.0,
  "pixel_aspect_ratio": 1.00845468044281,
  "radial_distortion": [
    0.1271735429763794,
    -0.21105742454528809,
    0.0
  ],
  "tangential_distortion": [
    0.0030499822460114956,
    0.008128720335662365
  ],
  "image_size": [
    1072,
    1920
  ]
}