{
  "orientation": [
    [
      0.9876764416694641,
      0.03921404108405113,
      -0.1515173465013504
    ],
    [
      -0.03781813383102417,
      0.9992115497589111,
      0.01208469271659851
    ],
    [
      0.15187177062034607,
      -0.006205663084983826,
      0.9883807301521301
    ]
  ],
  "position": [
    -4.301076889038086,
    2.2514662742614746,
    -0.16857358813285828
  ],
  "focal_length": 1481.450439453125,
  "principal_point": [
    566.6854248046875,
    1031.048828125
  ],
  "skew": 0.0,
  "pixel_aspect_ratio": 1.00845468044281,
  "radial_distortion": [
    0.1271735429763794,
    -0.21105742454528809,
    0.0
  ],
  "tangential_distortion": [
    0.0030499822460114956,
    0.008128720335662365
  ],
  "image_size": [
    1072,
    1920
  ]
}