{
  "orientation": [
    [
      0.9829095005989075,
      0.08553880453109741,
      -0.16300934553146362
    ],
    [
      -0.08838801831007004,
      0.9960329532623291,
      -0.01029360480606556
    ],
    [
      0.16148217022418976,
      0.024525754153728485,
      0.9865708351135254
    ]
  ],
  "position": [
    -4.868014335632324,
    1.2187323570251465,
    -0.4930214285850525
  ],
  "focal_length": 1481.450439453125,
  "principal_point": [
    566.6854248046875,
    1031.048828125
  ],
  "skew": 0.0,
  "pixel_aspect_ratio": 1.00845468044281,
  "radial_distortion": [
    0.1271735429763794,
    -0.21105742454528809,
    0.0
  ],
  "tangential_distortion": [
    0.0030499822460114956,
    0.008128720335662365
  ],
  "image_size": [
    1072,
    1920
  ]
}