{
  "orientation": [
    [
      0.9872915148735046,
      -0.10299278795719147,
      0.12102857232093811
    ],
    [
      0.11332794278860092,
      0.9901803731918335,
      -0.08185077458620071
    ],
    [
      -0.11141008138656616,
      0.0945264920592308,
      0.9892686605453491
    ]
  ],
  "position": [
    1.3400901556015015,
    -2.9954349994659424,
    -0.8401581645011902
  ],
  "focal_length": 1481.450439453125,
  "principal_point": [
    566.6854248046875,
    1031.048828125
  ],
  "skew": 0.0,
  "pixel_aspect_ratio": 1.00845468044281,
  "radial_distortion": [
    0.1271735429763794,
    -0.21105742454528809,
    0.0
  ],
  "tangential_distortion": [
    0.0030499822460114956,
    0.008128720335662365
  ],
  "image_size": [
    1072,
    1920
  ]
}