{
  "orientation": [
    [
      0.9981532096862793,
      0.04994360730051994,
      -0.03458068147301674
    ],
    [
      -0.05052448809146881,
      0.9985924959182739,
      -0.01613232120871544
    ],
    [
      0.03372630476951599,
      0.017849700525403023,
      0.9992716908454895
    ]
  ],
  "position": [
    -2.522564649581909,
    -1.2529062032699585,
    -1.3854557275772095
  ],
  "focal_length": 1481.450439453125,
  "principal_point": [
    566.6854248046875,
    1031.048828125
  ],
  "skew": 0.0,
  "pixel_aspect_ratio": 1.00845468044281,
  "radial_distortion": [
    0.1271735429763794,
    -0.21105742454528809,
    0.0
  ],
  "tangential_distortion": [
    0.0030499822460114956,
    0.008128720335662365
  ],
  "image_size": [
    1072,
    1920
  ]
}