{
  "orientation": [
    [
      0.9951010346412659,
      -0.018887819722294807,
      -0.09704240411520004
    ],
    [
      0.020166581496596336,
      0.9997220039367676,
      0.012213370762765408
    ],
    [
      0.09678474068641663,
      -0.014110551215708256,
      0.995205283164978
    ]
  ],
  "position": [
    -3.07835054397583,
    2.827134370803833,
    0.27788957953453064
  ],
  "focal_length": 1481.450439453125,
  "principal_point": [
    566.6854248046875,
    1031.048828125
  ],
  "skew": 0.0,
  "pixel_aspect_ratio": 1.00845468044281,
  "radial_distortion": [
    0.1271735429763794,
    -0.21105742454528809,
    0.0
  ],
  "tangential_distortion": [
    0.0030499822460114956,
    0.008128720335662365
  ],
  "image_size": [
    1072,
    1920
  ]
}