{
  "orientation": [
    [
      0.9978283643722534,
      0.01972826011478901,
      -0.06284426152706146
    ],
    [
      -0.01815667748451233,
      0.9995104074478149,
      0.02548128552734852
    ],
    [
      0.06331619620323181,
      -0.024284906685352325,
      0.9976980090141296
    ]
  ],
  "position": [
    -2.747098684310913,
    1.4396064281463623,
    0.40977397561073303
  ],
  "focal_length": 1481.450439453125,
  "principal_point": [
    566.6854248046875,
    1031.048828125
  ],
  "skew": 0.0,
  "pixel_aspect_ratio": 1.00845468044281,
  "radial_distortion": [
    0.1271735429763794,
    -0.21105742454528809,
    0.0
  ],
  "tangential_distortion": [
    0.0030499822460114956,
    0.008128720335662365
  ],
  "image_size": [
    1072,
    1920
  ]
}