{
  "orientation": [
    [
      0.9885476231575012,
      0.03237564116716385,
      -0.14739523828029633
    ],
    [
      -0.030774150043725967,
      0.99944007396698,
      0.013133374974131584
    ],
    [
      0.14773792028427124,
      -0.008447003550827503,
      0.9889904856681824
    ]
  ],
  "position": [
    -4.123547554016113,
    2.4039101600646973,
    -0.09047660231590271
  ],
  "focal_length": 1481.450439453125,
  "principal_point": [
    566.6854248046875,
    1031.048828125
  ],
  "skew": 0.0,
  "pixel_aspect_ratio": 1.00845468044281,
  "radial_distortion": [
    0.1271735429763794,
    -0.21105742454528809,
    0.0
  ],
  "tangential_distortion": [
    0.0030499822460114956,
    0.008128720335662365
  ],
  "image_size": [
    1072,
    1920
  ]
}