{
  "orientation": [
    [
      0.9942039847373962,
      -0.0895211398601532,
      0.05953514575958252
    ],
    [
      0.0945575162768364,
      0.9916236996650696,
      -0.0879845917224884
    ],
    [
      -0.05115998163819313,
      0.09310412406921387,
      0.9943411350250244
    ]
  ],
  "position": [
    -0.10335404425859451,
    -3.019425868988037,
    -1.2206166982650757
  ],
  "focal_length": 1481.450439453125,
  "principal_point": [
    566.6854248046875,
    1031.048828125
  ],
  "skew": 0.0,
  "pixel_aspect_ratio": 1.00845468044281,
  "radial_distortion": [
    0.1271735429763794,
    -0.21105742454528809,
    0.0
  ],
  "tangential_distortion": [
    0.0030499822460114956,
    0.008128720335662365
  ],
  "image_size": [
    1072,
    1920
  ]
}