{
  "orientation": [
    [
      0.9929325580596924,
      -0.0012150650145485997,
      -0.11867356300354004
    ],
    [
      0.002756050555035472,
      0.9999139904975891,
      0.01282182801514864
    ],
    [
      0.11864777654409409,
      -0.013058280572295189,
      0.9928505420684814
    ]
  ],
  "position": [
    -3.378715991973877,
    2.737429141998291,
    0.13832750916481018
  ],
  "focal_length": 1481.450439453125,
  "principal_point": [
    566.6854248046875,
    1031.048828125
  ],
  "skew": 0.0,
  "pixel_aspect_ratio": 1.00845468044281,
  "radial_distortion": [
    0.1271735429763794,
    -0.21105742454528809,
    0.0
  ],
  "tangential_distortion": [
    0.0030499822460114956,
    0.008128720335662365
  ],
  "image_size": [
    1072,
    1920
  ]
}