{
  "orientation": [
    [
      0.996924638748169,
      -0.0038555716164410114,
      -0.07827098667621613
    ],
    [
      -0.002008389914408326,
      0.9972038865089417,
      -0.07470206171274185
    ],
    [
      0.07834015041589737,
      0.0746295303106308,
      0.9941294193267822
    ]
  ],
  "position": [
    -2.57249116897583,
    -2.1233842372894287,
    -1.1090948581695557
  ],
  "focal_length": 1481.450439453125,
  "principal_point": [
    566.6854248046875,
    1031.048828125
  ],
  "skew": 0.0,
  "pixel_aspect_ratio": 1.00845468044281,
  "radial_distortion": [
    0.1271735429763794,
    -0.21105742454528809,
    0.0
  ],
  "tangential_distortion": [
    0.0030499822460114956,
    0.008128720335662365
  ],
  "image_size": [
    1072,
    1920
  ]
}