{
  "orientation": [
    [
      0.9546525478363037,
      -0.14379054307937622,
      0.2606968283653259
    ],
    [
      0.16454818844795227,
      0.984572172164917,
      -0.05951039493083954
    ],
    [
      -0.2481178194284439,
      0.09970894455909729,
      0.9635847806930542
    ]
  ],
  "position": [
    4.507842063903809,
    -2.43988299369812,
    1.0478476285934448
  ],
  "focal_length": 1481.450439453125,
  "principal_point": [
    566.6854248046875,
    1031.048828125
  ],
  "skew": 0.0,
  "pixel_aspect_ratio": 1.00845468044281,
  "radial_distortion": [
    0.1271735429763794,
    -0.21105742454528809,
    0.0
  ],
  "tangential_distortion": [
    0.0030499822460114956,
    0.008128720335662365
  ],
  "image_size": [
    1072,
    1920
  ]
}