{
  "orientation": [
    [
      0.9484699368476868,
      -0.1638679951429367,
      0.2712049186229706
    ],
    [
      0.16614651679992676,
      0.9859914779663086,
      0.014702795073390007
    ],
    [
      -0.269815057516098,
      0.031114593148231506,
      0.9624093174934387
    ]
  ],
  "position": [
    5.569113254547119,
    0.177268385887146,
    2.172748565673828
  ],
  "focal_length": 1481.450439453125,
  "principal_point": [
    566.6854248046875,
    1031.048828125
  ],
  "skew": 0.0,
  "pixel_aspect_ratio": 1.00845468044281,
  "radial_distortion": [
    0.1271735429763794,
    -0.21105742454528809,
    0.0
  ],
  "tangential_distortion": [
    0.0030499822460114956,
    0.008128720335662365
  ],
  "image_size": [
    1072,
    1920
  ]
}