{
  "orientation": [
    [
      0.9982686042785645,
      -0.055326346307992935,
      -0.019969986751675606
    ],
    [
      0.055577248334884644,
      0.9983794093132019,
      0.012235013768076897
    ],
    [
      0.01926070638000965,
      -0.013323706574738026,
      0.9997256994247437
    ]
  ],
  "position": [
    -0.793293833732605,
    2.8098573684692383,
    1.0056238174438477
  ],
  "focal_length": 1481.450439453125,
  "principal_point": [
    566.6854248046875,
    1031.048828125
  ],
  "skew": 0.0,
  "pixel_aspect_ratio": 1.00845468044281,
  "radial_distortion": [
    0.1271735429763794,
    -0.21105742454528809,
    0.0
  ],
  "tangential_distortion": [
    0.0030499822460114956,
    0.008128720335662365
  ],
  "image_size": [
    1072,
    1920
  ]
}