{
  "orientation": [
    [
      0.9498190879821777,
      -0.15480166673660278,
      0.2718089520931244
    ],
    [
      0.15770858526229858,
      0.9874215126037598,
      0.011257427744567394
    ],
    [
      -0.2701326906681061,
      0.032174088060855865,
      0.9622853994369507
    ]
  ],
  "position": [
    5.3532938957214355,
    0.4339451193809509,
    2.179253101348877
  ],
  "focal_length": 1481.450439453125,
  "principal_point": [
    566.6854248046875,
    1031.048828125
  ],
  "skew": 0.0,
  "pixel_aspect_ratio": 1.00845468044281,
  "radial_distortion": [
    0.1271735429763794,
    -0.21105742454528809,
    0.0
  ],
  "tangential_distortion": [
    0.0030499822460114956,
    0.008128720335662365
  ],
  "image_size": [
    1072,
    1920
  ]
}