{
  "orientation": [
    [
      0.9579634070396423,
      -0.13262531161308289,
      0.25439468026161194
    ],
    [
      0.15619848668575287,
      0.9848947525024414,
      -0.07472817599773407
    ],
    [
      -0.24064116179943085,
      0.11132292449474335,
      0.9642090201377869
    ]
  ],
  "position": [
    4.275988578796387,
    -2.6085708141326904,
    0.8221898078918457
  ],
  "focal_length": 1481.450439453125,
  "principal_point": [
    566.6854248046875,
    1031.048828125
  ],
  "skew": 0.0,
  "pixel_aspect_ratio": 1.00845468044281,
  "radial_distortion": [
    0.1271735429763794,
    -0.21105742454528809,
    0.0
  ],
  "tangential_distortion": [
    0.0030499822460114956,
    0.008128720335662365
  ],
  "image_size": [
    1072,
    1920
  ]
}