{
  "orientation": [
    [
      0.960435688495636,
      -0.1311834305524826,
      0.24567089974880219
    ],
    [
      0.1557592749595642,
      0.9842722415924072,
      -0.08334953337907791
    ],
    [
      -0.2308729737997055,
      0.1183173879981041,
      0.96576327085495
    ]
  ],
  "position": [
    3.625943422317505,
    -2.904857873916626,
    0.2876321077346802
  ],
  "focal_length": 1481.450439453125,
  "principal_point": [
    566.6854248046875,
    1031.048828125
  ],
  "skew": 0.0,
  "pixel_aspect_ratio": 1.00845468044281,
  "radial_distortion": [
    0.1271735429763794,
    -0.21105742454528809,
    0.0
  ],
  "tangential_distortion": [
    0.0030499822460114956,
    0.008128720335662365
  ],
  "image_size": [
    1072,
    1920
  ]
}