{
  "orientation": [
    [
      0.9417295455932617,
      -0.17097914218902588,
      0.2896750569343567
    ],
    [
      0.18100275099277496,
      0.9834503531455994,
      -0.007961064577102661
    ],
    [
      -0.2835198640823364,
      0.059929151087999344,
      0.9570919275283813
    ]
  ],
  "position": [
    5.222604751586914,
    -1.885990023612976,
    1.5402122735977173
  ],
  "focal_length": 1481.450439453125,
  "principal_point": [
    566.6854248046875,
    1031.048828125
  ],
  "skew": 0.0,
  "pixel_aspect_ratio": 1.00845468044281,
  "radial_distortion": [
    0.1271735429763794,
    -0.21105742454528809,
    0.0
  ],
  "tangential_distortion": [
    0.0030499822460114956,
    0.008128720335662365
  ],
  "image_size": [
    1072,
    1920
  ]
}