{
  "orientation": [
    [
      0.9831628203392029,
      0.08098510652780533,
      -0.16380555927753448
    ],
    [
      -0.08564260601997375,
      0.9960925579071045,
      -0.02156192623078823
    ],
    [
      0.16141930222511292,
      0.03522761911153793,
      0.9862569570541382
    ]
  ],
  "position": [
    -4.980527400970459,
    1.0012922286987305,
    -0.541806697845459
  ],
  "focal_length": 1481.450439453125,
  "principal_point": [
    566.6854248046875,
    1031.048828125
  ],
  "skew": 0.0,
  "pixel_aspect_ratio": 1.00845468044281,
  "radial_distortion": [
    0.1271735429763794,
    -0.21105742454528809,
    0.0
  ],
  "tangential_distortion": [
    0.0030499822460114956,
    0.008128720335662365
  ],
  "image_size": [
    1072,
    1920
  ]
}