{
  "orientation": [
    [
      0.9989944696426392,
      0.00848411675542593,
      -0.044022850692272186
    ],
    [
      -0.0067915222607553005,
      0.9992371797561646,
      0.03845620155334473
    ],
    [
      0.044315535575151443,
      -0.038118552416563034,
      0.9982901215553284
    ]
  ],
  "position": [
    -1.6307897567749023,
    1.6193013191223145,
    0.7146156430244446
  ],
  "focal_length": 1481.450439453125,
  "principal_point": [
    566.6854248046875,
    1031.048828125
  ],
  "skew": 0.0,
  "pixel_aspect_ratio": 1.00845468044281,
  "radial_distortion": [
    0.1271735429763794,
    -0.21105742454528809,
    0.0
  ],
  "tangential_distortion": [
    0.0030499822460114956,
    0.008128720335662365
  ],
  "image_size": [
    1072,
    1920
  ]
}