{
  "orientation": [
    [
      0.9394675493240356,
      -0.18027138710021973,
      0.2913810610771179
    ],
    [
      0.18630670011043549,
      0.9824656844139099,
      0.007143044378608465
    ],
    [
      -0.2875595688819885,
      0.047575585544109344,
      0.956580400466919
    ]
  ],
  "position": [
    5.546488285064697,
    -1.4601422548294067,
    1.7271602153778076
  ],
  "focal_length": 1481.450439453125,
  "principal_point": [
    566.6854248046875,
    1031.048828125
  ],
  "skew": 0.0,
  "pixel_aspect_ratio": 1.00845468044281,
  "radial_distortion": [
    0.1271735429763794,
    -0.21105742454528809,
    0.0
  ],
  "tangential_distortion": [
    0.0030499822460114956,
    0.008128720335662365
  ],
  "image_size": [
    1072,
    1920
  ]
}