{
  "orientation": [
    [
      0.9668025374412537,
      -0.12938177585601807,
      0.22034798562526703
    ],
    [
      0.15071821212768555,
      0.9850968718528748,
      -0.08287419378757477
    ],
    [
      -0.2063416987657547,
      0.11333343386650085,
      0.971894383430481
    ]
  ],
  "position": [
    2.3270037174224854,
    -2.9604227542877197,
    -0.4063325524330139
  ],
  "focal_length": 1481.450439453125,
  "principal_point": [
    566.6854248046875,
    1031.048828125
  ],
  "skew": 0.0,
  "pixel_aspect_ratio": 1.00845468044281,
  "radial_distortion": [
    0.1271735429763794,
    -0.21105742454528809,
    0.0
  ],
  "tangential_distortion": [
    0.0030499822460114956,
    0.008128720335662365
  ],
  "image_size": [
    1072,
    1920
  ]
}