{
  "orientation": [
    [
      0.940445601940155,
      -0.18054452538490295,
      0.28803780674934387
    ],
    [
      0.18402345478534698,
      0.9828044176101685,
      0.015192137099802494
    ],
    [
      -0.2858276963233948,
      0.0387183353304863,
      0.9574985504150391
    ]
  ],
  "position": [
    5.793004035949707,
    -1.0601451396942139,
    1.8539330959320068
  ],
  "focal_length": 1481.450439453125,
  "principal_point": [
    566.6854248046875,
    1031.048828125
  ],
  "skew": 0.0,
  "pixel_aspect_ratio": 1.00845468044281,
  "radial_distortion": [
    0.1271735429763794,
    -0.21105742454528809,
    0.0
  ],
  "tangential_distortion": [
    0.0030499822460114956,
    0.008128720335662365
  ],
  "image_size": [
    1072,
    1920
  ]
}