{
  "orientation": [
    [
      0.9982349276542664,
      -0.049017347395420074,
      -0.03353036195039749
    ],
    [
      0.04944140836596489,
      0.9987056851387024,
      0.011936589144170284
    ],
    [
      0.032901864498853683,
      -0.01357330847531557,
      0.9993664026260376
    ]
  ],
  "position": [
    -1.251994013786316,
    2.8876678943634033,
    0.9103516340255737
  ],
  "focal_length": 1481.450439453125,
  "principal_point": [
    566.6854248046875,
    1031.048828125
  ],
  "skew": 0.0,
  "pixel_aspect_ratio": 1.00845468044281,
  "radial_distortion": [
    0.1271735429763794,
    -0.21105742454528809,
    0.0
  ],
  "tangential_distortion": [
    0.0030499822460114956,
    0.008128720335662365
  ],
  "image_size": [
    1072,
    1920
  ]
}