{
  "orientation": [
    [
      0.981762707233429,
      -0.09163018316030502,
      0.1665709912776947
    ],
    [
      0.09275329113006592,
      0.9956885576248169,
      0.0010410263203084469
    ],
    [
      -0.16594822704792023,
      0.014427966438233852,
      0.9860289096832275
    ]
  ],
  "position": [
    3.1581201553344727,
    1.2854770421981812,
    1.661805510520935
  ],
  "focal_length": 1481.450439453125,
  "principal_point": [
    566.6854248046875,
    1031.048828125
  ],
  "skew": 0.0,
  "pixel_aspect_ratio": 1.00845468044281,
  "radial_distortion": [
    0.1271735429763794,
    -0.21105742454528809,
    0.0
  ],
  "tangential_distortion": [
    0.0030499822460114956,
    0.008128720335662365
  ],
  "image_size": [
    1072,
    1920
  ]
}