{
  "orientation": [
    [
      0.9979679584503174,
      -0.041496310383081436,
      -0.04835319519042969
    ],
    [
      0.04211042448878288,
      0.9990438222885132,
      0.01175150740891695
    ],
    [
      0.04781932011246681,
      -0.01376380119472742,
      0.9987611770629883
    ]
  ],
  "position": [
    -1.7274572849273682,
    2.936638355255127,
    0.8056468963623047
  ],
  "focal_length": 1481.450439453125,
  "principal_point": [
    566.6854248046875,
    1031.048828125
  ],
  "skew": 0.0,
  "pixel_aspect_ratio": 1.00845468044281,
  "radial_distortion": [
    0.1271735429763794,
    -0.21105742454528809,
    0.0
  ],
  "tangential_distortion": [
    0.0030499822460114956,
    0.008128720335662365
  ],
  "image_size": [
    1072,
    1920
  ]
}