{
  "orientation": [
    [
      0.9853222966194153,
      0.05300493165850639,
      -0.16226641833782196
    ],
    [
      -0.05304914340376854,
      0.9985836148262024,
      0.004063405096530914
    ],
    [
      0.16225197911262512,
      0.0046043312177062035,
      0.9867386221885681
    ]
  ],
  "position": [
    -4.715033054351807,
    1.7379742860794067,
    -0.36678874492645264
  ],
  "focal_length": 1481.450439453125,
  "principal_point": [
    566.6854248046875,
    1031.048828125
  ],
  "skew": 0.0,
  "pixel_aspect_ratio": 1.00845468044281,
  "radial_distortion": [
    0.1271735429763794,
    -0.21105742454528809,
    0.0
  ],
  "tangential_distortion": [
    0.0030499822460114956,
    0.008128720335662365
  ],
  "image_size": [
    1072,
    1920
  ]
}