{
  "orientation": [
    [
      0.9834524393081665,
      0.08106369525194168,
      -0.1620185375213623
    ],
    [
      -0.08617816120386124,
      0.9959715008735657,
      -0.024781078100204468
    ],
    [
      0.1593570113182068,
      0.0383334718644619,
      0.986476480960846
    ]
  ],
  "position": [
    -5.02782678604126,
    0.7469052076339722,
    -0.6176050901412964
  ],
  "focal_length": 1481.450439453125,
  "principal_point": [
    566.6854248046875,
    1031.048828125
  ],
  "skew": 0.0,
  "pixel_aspect_ratio": 1.00845468044281,
  "radial_distortion": [
    0.1271735429763794,
    -0.21105742454528809,
    0.0
  ],
  "tangential_distortion": [
    0.0030499822460114956,
    0.008128720335662365
  ],
  "image_size": [
    1072,
    1920
  ]
}