{
  "orientation": [
    [
      0.9980913996696472,
      -0.06162389740347862,
      -0.004002355970442295
    ],
    [
      0.06167465075850487,
      0.99799644947052,
      0.014119087718427181
    ],
    [
      0.0031242636032402515,
      -0.014338984154164791,
      0.9998922944068909
    ]
  ],
  "position": [
    -0.29097530245780945,
    2.726483106613159,
    1.1317635774612427
  ],
  "focal_length": 1481.450439453125,
  "principal_point": [
    566.6854248046875,
    1031.048828125
  ],
  "skew": 0.0,
  "pixel_aspect_ratio": 1.00845468044281,
  "radial_distortion": [
    0.1271735429763794,
    -0.21105742454528809,
    0.0
  ],
  "tangential_distortion": [
    0.0030499822460114956,
    0.008128720335662365
  ],
  "image_size": [
    1072,
    1920
  ]
}