{
  "orientation": [
    [
      0.9628230929374695,
      -0.13154923915863037,
      0.23593741655349731
    ],
    [
      0.15552634000778198,
      0.9840816259384155,
      -0.08599388599395752
    ],
    [
      -0.220869243144989,
      0.11949138343334198,
      0.9679558873176575
    ]
  ],
  "position": [
    2.862682580947876,
    -3.0604445934295654,
    -0.2637619078159332
  ],
  "focal_length": 1481.450439453125,
  "principal_point": [
    566.6854248046875,
    1031.048828125
  ],
  "skew": 0.0,
  "pixel_aspect_ratio": 1.00845468044281,
  "radial_distortion": [
    0.1271735429763794,
    -0.21105742454528809,
    0.0
  ],
  "tangential_distortion": [
    0.0030499822460114956,
    0.008128720335662365
  ],
  "image_size": [
    1072,
    1920
  ]
}