{
  "orientation": [
    [
      0.9997680187225342,
      -0.009220371954143047,
      -0.019465738907456398
    ],
    [
      0.009853225201368332,
      0.9994176626205444,
      0.0326695442199707
    ],
    [
      0.019153177738189697,
      -0.03285376727581024,
      0.9992766380310059
    ]
  ],
  "position": [
    -1.0644192695617676,
    1.6585817337036133,
    0.8014615178108215
  ],
  "focal_length": 1481.450439453125,
  "principal_point": [
    566.6854248046875,
    1031.048828125
  ],
  "skew": 0.0,
  "pixel_aspect_ratio": 1.00845468044281,
  "radial_distortion": [
    0.1271735429763794,
    -0.21105742454528809,
    0.0
  ],
  "tangential_distortion": [
    0.0030499822460114956,
    0.008128720335662365
  ],
  "image_size": [
    1072,
    1920
  ]
}