{
  "orientation": [
    [
      0.9967324137687683,
      0.05530785769224167,
      -0.0588684119284153
    ],
    [
      -0.05600421130657196,
      0.9983779788017273,
      -0.01024437416344881
    ],
    [
      0.058206330984830856,
      0.013507779687643051,
      0.9982131719589233
    ]
  ],
  "position": [
    -3.4587390422821045,
    -0.5357290506362915,
    -1.1724731922149658
  ],
  "focal_length": 1481.450439453125,
  "principal_point": [
    566.6854248046875,
    1031.048828125
  ],
  "skew": 0.0,
  "pixel_aspect_ratio": 1.00845468044281,
  "radial_distortion": [
    0.1271735429763794,
    -0.21105742454528809,
    0.0
  ],
  "tangential_distortion": [
    0.0030499822460114956,
    0.008128720335662365
  ],
  "image_size": [
    1072,
    1920
  ]
}