{
  "orientation": [
    [
      0.9992696642875671,
      0.0026614090893417597,
      -0.03811916336417198
    ],
    [
      -0.00122794508934021,
      0.9992929100990295,
      0.037578970193862915
    ],
    [
      0.03819222375750542,
      -0.03750471770763397,
      0.9985663294792175
    ]
  ],
  "position": [
    -1.3216283321380615,
    1.6310232877731323,
    0.7486732602119446
  ],
  "focal_length": 1481.450439453125,
  "principal_point": [
    566.6854248046875,
    1031.048828125
  ],
  "skew": 0.0,
  "pixel_aspect_ratio": 1.00845468044281,
  "radial_distortion": [
    0.1271735429763794,
    -0.21105742454528809,
    0.0
  ],
  "tangential_distortion": [
    0.0030499822460114956,
    0.008128720335662365
  ],
  "image_size": [
    1072,
    1920
  ]
}