{
  "orientation": [
    [
      0.9452649354934692,
      -0.17341077327728271,
      0.2764107584953308
    ],
    [
      0.1850942075252533,
      0.9825814962387085,
      -0.016543632373213768
    ],
    [
      -0.26872724294662476,
      0.06680014729499817,
      0.9608972072601318
    ]
  ],
  "position": [
    4.864251613616943,
    -2.037384510040283,
    1.4043149948120117
  ],
  "focal_length": 1481.450439453125,
  "principal_point": [
    566.6854248046875,
    1031.048828125
  ],
  "skew": 0.0,
  "pixel_aspect_ratio": 1.00845468044281,
  "radial_distortion": [
    0.1271735429763794,
    -0.21105742454528809,
    0.0
  ],
  "tangential_distortion": [
    0.0030499822460114956,
    0.008128720335662365
  ],
  "image_size": [
    1072,
    1920
  ]
}