{
  "orientation": [
    [
      0.9974256753921509,
      0.0400494821369648,
      -0.05948154255747795
    ],
    [
      -0.039072997868061066,
      0.9990832805633545,
      0.017490383237600327
    ],
    [
      0.06012749299407005,
      -0.015121234580874443,
      0.9980761408805847
    ]
  ],
  "position": [
    -3.2579233646392822,
    1.0968925952911377,
    0.08460425585508347
  ],
  "focal_length": 1481.450439453125,
  "principal_point": [
    566.6854248046875,
    1031.048828125
  ],
  "skew": 0.0,
  "pixel_aspect_ratio": 1.00845468044281,
  "radial_distortion": [
    0.1271735429763794,
    -0.21105742454528809,
    0.0
  ],
  "tangential_distortion": [
    0.0030499822460114956,
    0.008128720335662365
  ],
  "image_size": [
    1072,
    1920
  ]
}