{
  "orientation": [
    [
      0.9861392378807068,
      0.04732824116945267,
      -0.15902671217918396
    ],
    [
      -0.04688362404704094,
      0.9988788962364197,
      0.006548594683408737
    ],
    [
      0.1591583639383316,
      0.0009979229653254151,
      0.9872525334358215
    ]
  ],
  "position": [
    -4.5974578857421875,
    1.8989880084991455,
    -0.31472209095954895
  ],
  "focal_length": 1481.450439453125,
  "principal_point": [
    566.6854248046875,
    1031.048828125
  ],
  "skew": 0.0,
  "pixel_aspect_ratio": 1.00845468044281,
  "radial_distortion": [
    0.1271735429763794,
    -0.21105742454528809,
    0.0
  ],
  "tangential_distortion": [
    0.0030499822460114956,
    0.008128720335662365
  ],
  "image_size": [
    1072,
    1920
  ]
}