{
  "orientation": [
    [
      0.9993422031402588,
      -0.031619489192962646,
      0.01775834709405899
    ],
    [
      0.031122278422117233,
      0.9991341829299927,
      0.027609797194600105
    ],
    [
      -0.018615977838635445,
      -0.027038954198360443,
      0.9994609951972961
    ]
  ],
  "position": [
    -0.4285355508327484,
    1.6970045566558838,
    1.027358889579773
  ],
  "focal_length": 1481.450439453125,
  "principal_point": [
    566.6854248046875,
    1031.048828125
  ],
  "skew": 0.0,
  "pixel_aspect_ratio": 1.00845468044281,
  "radial_distortion": [
    0.1271735429763794,
    -0.21105742454528809,
    0.0
  ],
  "tangential_distortion": [
    0.0030499822460114956,
    0.008128720335662365
  ],
  "image_size": [
    1072,
    1920
  ]
}