{
  "orientation": [
    [
      0.9424930214881897,
      -0.17984125018119812,
      0.2817162871360779
    ],
    [
      0.1830192655324936,
      0.9829915165901184,
      0.015221145935356617
    ],
    [
      -0.2796621024608612,
      0.037213683128356934,
      0.9593769907951355
    ]
  ],
  "position": [
    5.87572717666626,
    -0.7991693615913391,
    1.8794350624084473
  ],
  "focal_length": 1481.450439453125,
  "principal_point": [
    566.6854248046875,
    1031.048828125
  ],
  "skew": 0.0,
  "pixel_aspect_ratio": 1.00845468044281,
  "radial_distortion": [
    0.1271735429763794,
    -0.21105742454528809,
    0.0
  ],
  "tangential_distortion": [
    0.0030499822460114956,
    0.008128720335662365
  ],
  "image_size": [
    1072,
    1920
  ]
}