{
  "orientation": [
    [
      0.998085618019104,
      0.01424500159919262,
      -0.060185011476278305
    ],
    [
      -0.012538528069853783,
      0.9995112419128418,
      0.028636934235692024
    ],
    [
      0.06056353077292442,
      -0.02782747894525528,
      0.9977763891220093
    ]
  ],
  "position": [
    -2.502012014389038,
    1.4930803775787354,
    0.46205833554267883
  ],
  "focal_length": 1481.450439453125,
  "principal_point": [
    566.6854248046875,
    1031.048828125
  ],
  "skew": 0.0,
  "pixel_aspect_ratio": 1.00845468044281,
  "radial_distortion": [
    0.1271735429763794,
    -0.21105742454528809,
    0.0
  ],
  "tangential_distortion": [
    0.0030499822460114956,
    0.008128720335662365
  ],
  "image_size": [
    1072,
    1920
  ]
}