{
  "orientation": [
    [
      0.997170090675354,
      -0.07087498158216476,
      0.02507043443620205
    ],
    [
      0.07287856191396713,
      0.9931842684745789,
      -0.09096010029315948
    ],
    [
      -0.01845276542007923,
      0.0925297886133194,
      0.9955388903617859
    ]
  ],
  "position": [
    -1.1682116985321045,
    -2.9359827041625977,
    -1.383965253829956
  ],
  "focal_length": 1481.450439453125,
  "principal_point": [
    566.6854248046875,
    1031.048828125
  ],
  "skew": 0.0,
  "pixel_aspect_ratio": 1.00845468044281,
  "radial_distortion": [
    0.1271735429763794,
    -0.21105742454528809,
    0.0
  ],
  "tangential_distortion": [
    0.0030499822460114956,
    0.008128720335662365
  ],
  "image_size": [
    1072,
    1920
  ]
}