{
  "orientation": [
    [
      0.9506505727767944,
      -0.16540375351905823,
      0.26249775290489197
    ],
    [
      0.18114647269248962,
      0.9827682971954346,
      -0.03677532821893692
    ],
    [
      -0.25189170241355896,
      0.08251103013753891,
      0.964231550693512
    ]
  ],
  "position": [
    4.5794525146484375,
    -2.2096431255340576,
    1.2359886169433594
  ],
  "focal_length": 1481.450439453125,
  "principal_point": [
    566.6854248046875,
    1031.048828125
  ],
  "skew": 0.0,
  "pixel_aspect_ratio": 1.00845468044281,
  "radial_distortion": [
    0.1271735429763794,
    -0.21105742454528809,
    0.0
  ],
  "tangential_distortion": [
    0.0030499822460114956,
    0.008128720335662365
  ],
  "image_size": [
    1072,
    1920
  ]
}