{
  "orientation": [
    [
      0.9843506217002869,
      0.062051910907030106,
      -0.16493454575538635
    ],
    [
      -0.06336187571287155,
      0.9979869723320007,
      -0.0026877284981310368
    ],
    [
      0.1644357442855835,
      0.013096229173243046,
      0.9863008260726929
    ]
  ],
  "position": [
    -4.811281681060791,
    1.5651389360427856,
    -0.42660585045814514
  ],
  "focal_length": 1481.450439453125,
  "principal_point": [
    566.6854248046875,
    1031.048828125
  ],
  "skew": 0.0,
  "pixel_aspect_ratio": 1.00845468044281,
  "radial_distortion": [
    0.1271735429763794,
    -0.21105742454528809,
    0.0
  ],
  "tangential_distortion": [
    0.0030499822460114956,
    0.008128720335662365
  ],
  "image_size": [
    1072,
    1920
  ]
}