{
  "orientation": [
    [
      0.9973830580711365,
      0.04970088601112366,
      -0.052505675703287125
    ],
    [
      -0.04929196462035179,
      0.9987433552742004,
      0.009055403992533684
    ],
    [
      0.052889756858348846,
      -0.00644359877333045,
      0.9985795617103577
    ]
  ],
  "position": [
    -3.5464534759521484,
    0.533535361289978,
    -0.3797700107097626
  ],
  "focal_length": 1481.450439453125,
  "principal_point": [
    566.6854248046875,
    1031.048828125
  ],
  "skew": 0.0,
  "pixel_aspect_ratio": 1.00845468044281,
  "radial_distortion": [
    0.1271735429763794,
    -0.21105742454528809,
    0.0
  ],
  "tangential_distortion": [
    0.0030499822460114956,
    0.008128720335662365
  ],
  "image_size": [
    1072,
    1920
  ]
}