{
  "orientation": [
    [
      0.9877948760986328,
      0.06528279930353165,
      -0.1414192169904709
    ],
    [
      -0.07585548609495163,
      0.9946089386940002,
      -0.07070329040288925
    ],
    [
      0.13604111969470978,
      0.08056776970624924,
      0.9874216914176941
    ]
  ],
  "position": [
    -4.072646141052246,
    -1.3801273107528687,
    -1.1696765422821045
  ],
  "focal_length": 1481.450439453125,
  "principal_point": [
    566.6854248046875,
    1031.048828125
  ],
  "skew": 0.0,
  "pixel_aspect_ratio": 1.00845468044281,
  "radial_distortion": [
    0.1271735429763794,
    -0.21105742454528809,
    0.0
  ],
  "tangential_distortion": [
    0.0030499822460114956,
    0.008128720335662365
  ],
  "image_size": [
    1072,
    1920
  ]
}