{
  "orientation": [
    [
      0.9908894896507263,
      0.011020692065358162,
      -0.13422559201717377
    ],
    [
      -0.0092385895550251,
      0.9998608231544495,
      0.013892561197280884
    ],
    [
      0.13436001539230347,
      -0.01252593845129013,
      0.9908534288406372
    ]
  ],
  "position": [
    -3.6450321674346924,
    2.6463263034820557,
    0.10724951326847076
  ],
  "focal_length": 1481.450439453125,
  "principal_point": [
    566.6854248046875,
    1031.048828125
  ],
  "skew": 0.0,
  "pixel_aspect_ratio": 1.00845468044281,
  "radial_distortion": [
    0.1271735429763794,
    -0.21105742454528809,
    0.0
  ],
  "tangential_distortion": [
    0.0030499822460114956,
    0.008128720335662365
  ],
  "image_size": [
    1072,
    1920
  ]
}