{
  "orientation": [
    [
      0.9471631050109863,
      -0.1737801879644394,
      0.2695969343185425
    ],
    [
      0.17562668025493622,
      0.9843021035194397,
      0.01745230332016945
    ],
    [
      -0.2683976888656616,
      0.030818236991763115,
      0.9628151059150696
    ]
  ],
  "position": [
    5.676942348480225,
    -0.12081103771924973,
    2.155216693878174
  ],
  "focal_length": 1481.450439453125,
  "principal_point": [
    566.6854248046875,
    1031.048828125
  ],
  "skew": 0.0,
  "pixel_aspect_ratio": 1.00845468044281,
  "radial_distortion": [
    0.1271735429763794,
    -0.21105742454528809,
    0.0
  ],
  "tangential_distortion": [
    0.0030499822460114956,
    0.008128720335662365
  ],
  "image_size": [
    1072,
    1920
  ]
}