{
  "orientation": [
    [
      0.9958621263504028,
      -0.08095836639404297,
      0.04128396883606911
    ],
    [
      0.08443575352430344,
      0.9922719597816467,
      -0.09092283993959427
    ],
    [
      -0.033603962510824203,
      0.09403245896100998,
      0.9950018525123596
    ]
  ],
  "position": [
    -0.6315460801124573,
    -3.02986216545105,
    -1.2973576784133911
  ],
  "focal_length": 1481.450439453125,
  "principal_point": [
    566.6854248046875,
    1031.048828125
  ],
  "skew": 0.0,
  "pixel_aspect_ratio": 1.00845468044281,
  "radial_distortion": [
    0.1271735429763794,
    -0.21105742454528809,
    0.0
  ],
  "tangential_distortion": [
    0.0030499822460114956,
    0.008128720335662365
  ],
  "image_size": [
    1072,
    1920
  ]
}