{
  "orientation": [
    [
      0.9611271619796753,
      -0.13006934523582458,
      0.24354992806911469
    ],
    [
      0.15486681461334229,
      0.9842267036437988,
      -0.08552239090204239
    ],
    [
      -0.22858449816703796,
      0.1199156865477562,
      0.9661104083061218
    ]
  ],
  "position": [
    3.311617136001587,
    -3.0231475830078125,
    -0.002190466271713376
  ],
  "focal_length": 1481.450439453125,
  "principal_point": [
    566.6854248046875,
    1031.048828125
  ],
  "skew": 0.0,
  "pixel_aspect_ratio": 1.00845468044281,
  "radial_distortion": [
    0.1271735429763794,
    -0.21105742454528809,
    0.0
  ],
  "tangential_distortion": [
    0.0030499822460114956,
    0.008128720335662365
  ],
  "image_size": [
    1072,
    1920
  ]
}