{
  "orientation": [
    [
      0.9900022149085999,
      0.039616771042346954,
      -0.13537420332431793
    ],
    [
      -0.05033257231116295,
      0.9957850575447083,
      -0.07667315006256104
    ],
    [
      0.13176606595516205,
      0.0827203169465065,
      0.9878233671188354
    ]
  ],
  "position": [
    -3.468485116958618,
    -1.706150770187378,
    -1.125408411026001
  ],
  "focal_length": 1481.450439453125,
  "principal_point": [
    566.6854248046875,
    1031.048828125
  ],
  "skew": 0.0,
  "pixel_aspect_ratio": 1.00845468044281,
  "radial_distortion": [
    0.1271735429763794,
    -0.21105742454528809,
    0.0
  ],
  "tangential_distortion": [
    0.0030499822460114956,
    0.008128720335662365
  ],
  "image_size": [
    1072,
    1920
  ]
}