{
  "orientation": [
    [
      0.9833300113677979,
      0.07357145845890045,
      -0.16628102958202362
    ],
    [
      -0.0755636990070343,
      0.9971247911453247,
      -0.005677861161530018
    ],
    [
      0.1653852015733719,
      0.018148019909858704,
      0.9860620498657227
    ]
  ],
  "position": [
    -4.875375747680664,
    1.4029943943023682,
    -0.4689374268054962
  ],
  "focal_length": 1481.450439453125,
  "principal_point": [
    566.6854248046875,
    1031.048828125
  ],
  "skew": 0.0,
  "pixel_aspect_ratio": 1.00845468044281,
  "radial_distortion": [
    0.1271735429763794,
    -0.21105742454528809,
    0.0
  ],
  "tangential_distortion": [
    0.0030499822460114956,
    0.008128720335662365
  ],
  "image_size": [
    1072,
    1920
  ]
}