{
  "orientation": [
    [
      0.973906934261322,
      -0.10056792199611664,
      0.20344869792461395
    ],
    [
      0.10371022671461105,
      0.9945958852767944,
      -0.004815297666937113
    ],
    [
      -0.20186498761177063,
      0.02578936330974102,
      0.9790737628936768
    ]
  ],
  "position": [
    3.6903374195098877,
    1.0567792654037476,
    1.5188626050949097
  ],
  "focal_length": 1481.450439453125,
  "principal_point": [
    566.6854248046875,
    1031.048828125
  ],
  "skew": 0.0,
  "pixel_aspect_ratio": 1.00845468044281,
  "radial_distortion": [
    0.1271735429763794,
    -0.21105742454528809,
    0.0
  ],
  "tangential_distortion": [
    0.0030499822460114956,
    0.008128720335662365
  ],
  "image_size": [
    1072,
    1920
  ]
}