{
  "orientation": [
    [
      0.9963132739067078,
      0.05932069942355156,
      -0.06197543069720268
    ],
    [
      -0.06012384593486786,
      0.998128354549408,
      -0.011173956096172333
    ],
    [
      0.06119658797979355,
      0.014858962036669254,
      0.9980151057243347
    ]
  ],
  "position": [
    -3.118703603744507,
    -0.9474823474884033,
    -1.362135410308838
  ],
  "focal_length": 1481.450439453125,
  "principal_point": [
    566.6854248046875,
    1031.048828125
  ],
  "skew": 0.0,
  "pixel_aspect_ratio": 1.00845468044281,
  "radial_distortion": [
    0.1271735429763794,
    -0.21105742454528809,
    0.0
  ],
  "tangential_distortion": [
    0.0030499822460114956,
    0.008128720335662365
  ],
  "image_size": [
    1072,
    1920
  ]
}