{
  "orientation": [
    [
      0.9974178671836853,
      0.044873520731925964,
      -0.056071601808071136
    ],
    [
      -0.04407298564910889,
      0.9989091157913208,
      0.015433579683303833
    ],
    [
      0.05670299008488655,
      -0.012922484427690506,
      0.998307466506958
    ]
  ],
  "position": [
    -3.3694911003112793,
    0.9586108922958374,
    -0.01883447729051113
  ],
  "focal_length": 1481.450439453125,
  "principal_point": [
    566.6854248046875,
    1031.048828125
  ],
  "skew": 0.0,
  "pixel_aspect_ratio": 1.00845468044281,
  "radial_distortion": [
    0.1271735429763794,
    -0.21105742454528809,
    0.0
  ],
  "tangential_distortion": [
    0.0030499822460114956,
    0.008128720335662365
  ],
  "image_size": [
    1072,
    1920
  ]
}