{
  "orientation": [
    [
      0.9997208118438721,
      -0.02358255907893181,
      -0.0014567561447620392
    ],
    [
      0.023614194244146347,
      0.9993261694908142,
      0.02809985913336277
    ],
    [
      0.0007931080181151628,
      -0.028126413002610207,
      0.9996040463447571
    ]
  ],
  "position": [
    -0.8202294111251831,
    1.6619791984558105,
    0.8271454572677612
  ],
  "focal_length": 1481.450439453125,
  "principal_point": [
    566.6854248046875,
    1031.048828125
  ],
  "skew": 0.0,
  "pixel_aspect_ratio": 1.00845468044281,
  "radial_distortion": [
    0.1271735429763794,
    -0.21105742454528809,
    0.0
  ],
  "tangential_distortion": [
    0.0030499822460114956,
    0.008128720335662365
  ],
  "image_size": [
    1072,
    1920
  ]
}