{
  "orientation": [
    [
      0.9952614307403564,
      0.011024234816432,
      -0.0966082364320755
    ],
    [
      -0.018208077177405357,
      0.9971070289611816,
      -0.07379758358001709
    ],
    [
      0.0955151915550232,
      0.0752069428563118,
      0.9925828576087952
    ]
  ],
  "position": [
    -2.8345587253570557,
    -1.9439001083374023,
    -1.0273040533065796
  ],
  "focal_length": 1481.450439453125,
  "principal_point": [
    566.6854248046875,
    1031.048828125
  ],
  "skew": 0.0,
  "pixel_aspect_ratio": 1.00845468044281,
  "radial_distortion": [
    0.1271735429763794,
    -0.21105742454528809,
    0.0
  ],
  "tangential_distortion": [
    0.0030499822460114956,
    0.008128720335662365
  ],
  "image_size": [
    1072,
    1920
  ]
}