{
  "orientation": [
    [
      0.9825765490531921,
      -0.10746918618679047,
      0.15163664519786835
    ],
    [
      0.12071443349123001,
      0.9893764853477478,
      -0.08100737631320953
    ],
    [
      -0.14131993055343628,
      0.09790068119764328,
      0.9851112365722656
    ]
  ],
  "position": [
    1.7515984773635864,
    -2.9534456729888916,
    -0.6516034007072449
  ],
  "focal_length": 1481.450439453125,
  "principal_point": [
    566.6854248046875,
    1031.048828125
  ],
  "skew": 0.0,
  "pixel_aspect_ratio": 1.00845468044281,
  "radial_distortion": [
    0.1271735429763794,
    -0.21105742454528809,
    0.0
  ],
  "tangential_distortion": [
    0.0030499822460114956,
    0.008128720335662365
  ],
  "image_size": [
    1072,
    1920
  ]
}