{
  "orientation": [
    [
      0.9975757598876953,
      -0.03382347524166107,
      -0.06081552803516388
    ],
    [
      0.034734759479761124,
      0.999298632144928,
      0.013989879749715328
    ],
    [
      0.06029968708753586,
      -0.01606837846338749,
      0.9980509877204895
    ]
  ],
  "position": [
    -2.171287775039673,
    2.9695754051208496,
    0.7448267340660095
  ],
  "focal_length": 1481.450439453125,
  "principal_point": [
    566.6854248046875,
    1031.048828125
  ],
  "skew": 0.0,
  "pixel_aspect_ratio": 1.00845468044281,
  "radial_distortion": [
    0.1271735429763794,
    -0.21105742454528809,
    0.0
  ],
  "tangential_distortion": [
    0.0030499822460114956,
    0.008128720335662365
  ],
  "image_size": [
    1072,
    1920
  ]
}