{
  "orientation": [
    [
      0.9749439358711243,
      -0.11336886137723923,
      0.19139428436756134
    ],
    [
      0.13081450760364532,
      0.9880856275558472,
      -0.08108219504356384
    ],
    [
      -0.17992174625396729,
      0.10408774763345718,
      0.9781584143638611
    ]
  ],
  "position": [
    2.1152806282043457,
    -2.849271059036255,
    -0.3949105143547058
  ],
  "focal_length": 1481.450439453125,
  "principal_point": [
    566.6854248046875,
    1031.048828125
  ],
  "skew": 0.0,
  "pixel_aspect_ratio": 1.00845468044281,
  "radial_distortion": [
    0.1271735429763794,
    -0.21105742454528809,
    0.0
  ],
  "tangential_distortion": [
    0.0030499822460114956,
    0.008128720335662365
  ],
  "image_size": [
    1072,
    1920
  ]
}