{
  "orientation": [
    [
      0.8904150724411011,
      -0.25627440214157104,
      0.3761441111564636
    ],
    [
      0.2850704491138458,
      0.9582552909851074,
      -0.021945681422948837
    ],
    [
      -0.3548179566860199,
      0.1267683357000351,
      0.9263012409210205
    ]
  ],
  "position": [
    5.5482940673828125,
    -0.8553030490875244,
    2.186889886856079
  ],
  "focal_length": 1481.450439453125,
  "principal_point": [
    566.6854248046875,
    1031.048828125
  ],
  "skew": 0.0,
  "pixel_aspect_ratio": 1.00845468044281,
  "radial_distortion": [
    0.1271735429763794,
    -0.21105742454528809,
    0.0
  ],
  "tangential_distortion": [
    0.0030499822460114956,
    0.008128720335662365
  ],
  "image_size": [
    1072,
    1920
  ]
}