{
  "orientation": [
    [
      0.9861882925033569,
      0.06140165403485298,
      -0.15382611751556396
    ],
    [
      -0.07288443297147751,
      0.9948701858520508,
      -0.07015130668878555
    ],
    [
      0.148729607462883,
      0.08039392530918121,
      0.9856045246124268
    ]
  ],
  "position": [
    -4.739192485809326,
    0.6338274478912354,
    -0.19113703072071075
  ],
  "focal_length": 1481.450439453125,
  "principal_point": [
    566.6854248046875,
    1031.048828125
  ],
  "skew": 0.0,
  "pixel_aspect_ratio": 1.00845468044281,
  "radial_distortion": [
    0.1271735429763794,
    -0.21105742454528809,
    0.0
  ],
  "tangential_distortion": [
    0.0030499822460114956,
    0.008128720335662365
  ],
  "image_size": [
    1072,
    1920
  ]
}