{
  "orientation": [
    [
      0.9989795684814453,
      -0.030139822512865067,
      -0.033636365085840225
    ],
    [
      0.026214424520730972,
      0.9934085011482239,
      -0.11158996820449829
    ],
    [
      0.036777954548597336,
      0.11059434711933136,
      0.9931849241256714
    ]
  ],
  "position": [
    -2.091240882873535,
    -1.6368647813796997,
    -0.13591109216213226
  ],
  "focal_length": 1481.450439453125,
  "principal_point": [
    566.6854248046875,
    1031.048828125
  ],
  "skew": 0.0,
  "pixel_aspect_ratio": 1.00845468044281,
  "radial_distortion": [
    0.1271735429763794,
    -0.21105742454528809,
    0.0
  ],
  "tangential_distortion": [
    0.0030499822460114956,
    0.008128720335662365
  ],
  "image_size": [
    1072,
    1920
  ]
}