{
  "orientation": [
    [
      0.8877894282341003,
      -0.27625927329063416,
      0.3681178390979767
    ],
    [
      0.30066969990730286,
      0.9536818265914917,
      -0.009420741349458694
    ],
    [
      -0.3484647274017334,
      0.11904551833868027,
      0.9297314286231995
    ]
  ],
  "position": [
    5.38307523727417,
    -2.211697578430176,
    1.558181643486023
  ],
  "focal_length": 1481.450439453125,
  "principal_point": [
    566.6854248046875,
    1031.048828125
  ],
  "skew": 0.0,
  "pixel_aspect_ratio": 1.00845468044281,
  "radial_distortion": [
    0.1271735429763794,
    -0.21105742454528809,
    0.0
  ],
  "tangential_distortion": [
    0.0030499822460114956,
    0.008128720335662365
  ],
  "image_size": [
    1072,
    1920
  ]
}