{
  "orientation": [
    [
      0.949462354183197,
      -0.20808663964271545,
      0.23499199748039246
    ],
    [
      0.2213173359632492,
      0.974705696105957,
      -0.031104234978556633
    ],
    [
      -0.22257566452026367,
      0.08154010772705078,
      0.971499502658844
    ]
  ],
  "position": [
    3.6283066272735596,
    1.3579199314117432,
    1.7377511262893677
  ],
  "focal_length": 1481.450439453125,
  "principal_point": [
    566.6854248046875,
    1031.048828125
  ],
  "skew": 0.0,
  "pixel_aspect_ratio": 1.00845468044281,
  "radial_distortion": [
    0.1271735429763794,
    -0.21105742454528809,
    0.0
  ],
  "tangential_distortion": [
    0.0030499822460114956,
    0.008128720335662365
  ],
  "image_size": [
    1072,
    1920
  ]
}