{
  "orientation": [
    [
      0.995017409324646,
      -0.016736837103962898,
      -0.0982866957783699
    ],
    [
      0.014620732516050339,
      0.9996463656425476,
      -0.022210901603102684
    ],
    [
      0.09862367808818817,
      0.02066320925951004,
      0.9949102401733398
    ]
  ],
  "position": [
    -2.460455894470215,
    1.616123914718628,
    0.10558871924877167
  ],
  "focal_length": 1481.450439453125,
  "principal_point": [
    566.6854248046875,
    1031.048828125
  ],
  "skew": 0.0,
  "pixel_aspect_ratio": 1.00845468044281,
  "radial_distortion": [
    0.1271735429763794,
    -0.21105742454528809,
    0.0
  ],
  "tangential_distortion": [
    0.0030499822460114956,
    0.008128720335662365
  ],
  "image_size": [
    1072,
    1920
  ]
}