{
  "orientation": [
    [
      0.966550350189209,
      -0.17150357365608215,
      0.19070114195346832
    ],
    [
      0.17945635318756104,
      0.9834453463554382,
      -0.025113701820373535
    ],
    [
      -0.18323706090450287,
      0.05849618837237358,
      0.9813268184661865
    ]
  ],
  "position": [
    2.4921202659606934,
    1.5503220558166504,
    1.513146162033081
  ],
  "focal_length": 1481.450439453125,
  "principal_point": [
    566.6854248046875,
    1031.048828125
  ],
  "skew": 0.0,
  "pixel_aspect_ratio": 1.00845468044281,
  "radial_distortion": [
    0.1271735429763794,
    -0.21105742454528809,
    0.0
  ],
  "tangential_distortion": [
    0.0030499822460114956,
    0.008128720335662365
  ],
  "image_size": [
    1072,
    1920
  ]
}