{
  "orientation": [
    [
      0.9021754860877991,
      -0.2622714340686798,
      0.34248074889183044
    ],
    [
      0.2836029529571533,
      0.9588565230369568,
      -0.012785975821316242
    ],
    [
      -0.32503652572631836,
      0.10866375267505646,
      0.9394378662109375
    ]
  ],
  "position": [
    5.377913951873779,
    -0.1834646761417389,
    2.0538382530212402
  ],
  "focal_length": 1481.450439453125,
  "principal_point": [
    566.6854248046875,
    1031.048828125
  ],
  "skew": 0.0,
  "pixel_aspect_ratio": 1.00845468044281,
  "radial_distortion": [
    0.1271735429763794,
    -0.21105742454528809,
    0.0
  ],
  "tangential_distortion": [
    0.0030499822460114956,
    0.008128720335662365
  ],
  "image_size": [
    1072,
    1920
  ]
}