{
  "orientation": [
    [
      0.9882778525352478,
      0.05085429549217224,
      -0.14394697546958923
    ],
    [
      -0.059266529977321625,
      0.9967387914657593,
      -0.05476563796401024
    ],
    [
      0.14069245755672455,
      0.06265490502119064,
      0.9880688190460205
    ]
  ],
  "position": [
    -4.205831050872803,
    1.3620394468307495,
    0.036989856511354446
  ],
  "focal_length": 1481.450439453125,
  "principal_point": [
    566.6854248046875,
    1031.048828125
  ],
  "skew": 0.0,
  "pixel_aspect_ratio": 1.00845468044281,
  "radial_distortion": [
    0.1271735429763794,
    -0.21105742454528809,
    0.0
  ],
  "tangential_distortion": [
    0.0030499822460114956,
    0.008128720335662365
  ],
  "image_size": [
    1072,
    1920
  ]
}