{
  "orientation": [
    [
      0.9918115139007568,
      0.01646380126476288,
      -0.12664470076560974
    ],
    [
      -0.019549362361431122,
      0.9995406270027161,
      -0.023159625008702278
    ],
    [
      0.1262052357196808,
      0.025445805862545967,
      0.9916777610778809
    ]
  ],
  "position": [
    -3.3185718059539795,
    1.6588771343231201,
    0.14377638697624207
  ],
  "focal_length": 1481.450439453125,
  "principal_point": [
    566.6854248046875,
    1031.048828125
  ],
  "skew": 0.0,
  "pixel_aspect_ratio": 1.00845468044281,
  "radial_distortion": [
    0.1271735429763794,
    -0.21105742454528809,
    0.0
  ],
  "tangential_distortion": [
    0.0030499822460114956,
    0.008128720335662365
  ],
  "image_size": [
    1072,
    1920
  ]
}