{
  "orientation": [
    [
      0.9957793354988098,
      -0.08423353731632233,
      0.03644522279500961
    ],
    [
      0.08792158216238022,
      0.9894101023674011,
      -0.11548792570829391
    ],
    [
      -0.026331312954425812,
      0.11820480972528458,
      0.9926400780677795
    ]
  ],
  "position": [
    -1.3387402296066284,
    -1.8989300727844238,
    0.03395489230751991
  ],
  "focal_length": 1481.450439453125,
  "principal_point": [
    566.6854248046875,
    1031.048828125
  ],
  "skew": 0.0,
  "pixel_aspect_ratio": 1.00845468044281,
  "radial_distortion": [
    0.1271735429763794,
    -0.21105742454528809,
    0.0
  ],
  "tangential_distortion": [
    0.0030499822460114956,
    0.008128720335662365
  ],
  "image_size": [
    1072,
    1920
  ]
}