{
  "orientation": [
    [
      0.8943635821342468,
      -0.27580931782722473,
      0.35219740867614746
    ],
    [
      0.31114161014556885,
      0.9492120146751404,
      -0.04676977917551994
    ],
    [
      -0.32141047716140747,
      0.1514124572277069,
      0.9347563982009888
    ]
  ],
  "position": [
    4.388190269470215,
    -2.7756447792053223,
    0.9016855955123901
  ],
  "focal_length": 1481.450439453125,
  "principal_point": [
    566.6854248046875,
    1031.048828125
  ],
  "skew": 0.0,
  "pixel_aspect_ratio": 1.00845468044281,
  "radial_distortion": [
    0.1271735429763794,
    -0.21105742454528809,
    0.0
  ],
  "tangential_distortion": [
    0.0030499822460114956,
    0.008128720335662365
  ],
  "image_size": [
    1072,
    1920
  ]
}