{
  "orientation": [
    [
      0.8890531063079834,
      -0.25848233699798584,
      0.37785106897354126
    ],
    [
      0.2859697937965393,
      0.9580796360969543,
      -0.017455805093050003
    ],
    [
      -0.3574993908405304,
      0.12357313930988312,
      0.9257017970085144
    ]
  ],
  "position": [
    5.5913519859313965,
    -1.1070361137390137,
    2.1096649169921875
  ],
  "focal_length": 1481.450439453125,
  "principal_point": [
    566.6854248046875,
    1031.048828125
  ],
  "skew": 0.0,
  "pixel_aspect_ratio": 1.00845468044281,
  "radial_distortion": [
    0.1271735429763794,
    -0.21105742454528809,
    0.0
  ],
  "tangential_distortion": [
    0.0030499822460114956,
    0.008128720335662365
  ],
  "image_size": [
    1072,
    1920
  ]
}