{
  "orientation": [
    [
      0.9347145557403564,
      -0.2062711864709854,
      0.2894147038459778
    ],
    [
      0.22168616950511932,
      0.9748886227607727,
      -0.02115257829427719
    ],
    [
      -0.27778393030166626,
      0.0839308574795723,
      0.9569700360298157
    ]
  ],
  "position": [
    5.08201789855957,
    0.5418800115585327,
    2.1147587299346924
  ],
  "focal_length": 1481.450439453125,
  "principal_point": [
    566.6854248046875,
    1031.048828125
  ],
  "skew": 0.0,
  "pixel_aspect_ratio": 1.00845468044281,
  "radial_distortion": [
    0.1271735429763794,
    -0.21105742454528809,
    0.0
  ],
  "tangential_distortion": [
    0.0030499822460114956,
    0.008128720335662365
  ],
  "image_size": [
    1072,
    1920
  ]
}