{
  "orientation": [
    [
      0.9809167981147766,
      -0.12381140142679214,
      0.14990995824337006
    ],
    [
      0.12628653645515442,
      0.9919686317443848,
      -0.007067936938256025
    ],
    [
      -0.14783087372779846,
      0.02586466632783413,
      0.9886744022369385
    ]
  ],
  "position": [
    2.6105704307556152,
    2.027341365814209,
    1.7809640169143677
  ],
  "focal_length": 1481.450439453125,
  "principal_point": [
    566.6854248046875,
    1031.048828125
  ],
  "skew": 0.0,
  "pixel_aspect_ratio": 1.00845468044281,
  "radial_distortion": [
    0.1271735429763794,
    -0.21105742454528809,
    0.0
  ],
  "tangential_distortion": [
    0.0030499822460114956,
    0.008128720335662365
  ],
  "image_size": [
    1072,
    1920
  ]
}