{
  "orientation": [
    [
      0.9633176922798157,
      -0.16194871068000793,
      0.2139897346496582
    ],
    [
      0.16631168127059937,
      0.9860702753067017,
      -0.0024215513840317726
    ],
    [
      -0.21061675250530243,
      0.0379217155277729,
      0.976832926273346
    ]
  ],
  "position": [
    4.095753192901611,
    1.4317268133163452,
    1.983367919921875
  ],
  "focal_length": 1481.450439453125,
  "principal_point": [
    566.6854248046875,
    1031.048828125
  ],
  "skew": 0.0,
  "pixel_aspect_ratio": 1.00845468044281,
  "radial_distortion": [
    0.1271735429763794,
    -0.21105742454528809,
    0.0
  ],
  "tangential_distortion": [
    0.0030499822460114956,
    0.008128720335662365
  ],
  "image_size": [
    1072,
    1920
  ]
}