{
  "orientation": [
    [
      0.8897405862808228,
      -0.2768034338951111,
      0.36296212673187256
    ],
    [
      0.3090192675590515,
      0.9504955410957336,
      -0.03263852372765541
    ],
    [
      -0.33595943450927734,
      0.14120210707187653,
      0.9312320947647095
    ]
  ],
  "position": [
    5.009992599487305,
    -2.5774035453796387,
    1.2314221858978271
  ],
  "focal_length": 1481.450439453125,
  "principal_point": [
    566.6854248046875,
    1031.048828125
  ],
  "skew": 0.0,
  "pixel_aspect_ratio": 1.00845468044281,
  "radial_distortion": [
    0.1271735429763794,
    -0.21105742454528809,
    0.0
  ],
  "tangential_distortion": [
    0.0030499822460114956,
    0.008128720335662365
  ],
  "image_size": [
    1072,
    1920
  ]
}