{
  "orientation": [
    [
      0.9886212348937988,
      0.03675926476716995,
      -0.14586590230464935
    ],
    [
      -0.04386091232299805,
      0.9979885816574097,
      -0.045771483331918716
    ],
    [
      0.14388997852802277,
      0.051648471504449844,
      0.9882449507713318
    ]
  ],
  "position": [
    -4.080239772796631,
    1.4788316488265991,
    0.10051073879003525
  ],
  "focal_length": 1481.450439453125,
  "principal_point": [
    566.6854248046875,
    1031.048828125
  ],
  "skew": 0.0,
  "pixel_aspect_ratio": 1.00845468044281,
  "radial_distortion": [
    0.1271735429763794,
    -0.21105742454528809,
    0.0
  ],
  "tangential_distortion": [
    0.0030499822460114956,
    0.008128720335662365
  ],
  "image_size": [
    1072,
    1920
  ]
}