{
  "orientation": [
    [
      0.9910271763801575,
      -0.11068694293498993,
      0.07492390275001526
    ],
    [
      0.1086546778678894,
      0.9936056733131409,
      0.03069039061665535
    ],
    [
      -0.07784184068441391,
      -0.02227417752146721,
      0.9967168569564819
    ]
  ],
  "position": [
    1.5411683320999146,
    2.2882866859436035,
    1.37798273563385
  ],
  "focal_length": 1481.450439453125,
  "principal_point": [
    566.6854248046875,
    1031.048828125
  ],
  "skew": 0.0,
  "pixel_aspect_ratio": 1.00845468044281,
  "radial_distortion": [
    0.1271735429763794,
    -0.21105742454528809,
    0.0
  ],
  "tangential_distortion": [
    0.0030499822460114956,
    0.008128720335662365
  ],
  "image_size": [
    1072,
    1920
  ]
}