{
  "orientation": [
    [
      0.9486770033836365,
      -0.22258159518241882,
      0.2246539294719696
    ],
    [
      0.2509123384952545,
      0.9621577858924866,
      -0.10627957433462143
    ],
    [
      -0.192496657371521,
      0.15719342231750488,
      0.9686254262924194
    ]
  ],
  "position": [
    1.6091474294662476,
    -2.7157175540924072,
    0.21489295363426208
  ],
  "focal_length": 1481.450439453125,
  "principal_point": [
    566.6854248046875,
    1031.048828125
  ],
  "skew": 0.0,
  "pixel_aspect_ratio": 1.00845468044281,
  "radial_distortion": [
    0.1271735429763794,
    -0.21105742454528809,
    0.0
  ],
  "tangential_distortion": [
    0.0030499822460114956,
    0.008128720335662365
  ],
  "image_size": [
    1072,
    1920
  ]
}