{
  "orientation": [
    [
      0.9868676066398621,
      0.047950226813554764,
      -0.15425007045269012
    ],
    [
      -0.05881057307124138,
      0.9960430264472961,
      -0.06663051247596741
    ],
    [
      0.15044476091861725,
      0.07482703030109406,
      0.9857825636863708
    ]
  ],
  "position": [
    -4.594781398773193,
    0.9857233166694641,
    -0.05812394618988037
  ],
  "focal_length": 1481.450439453125,
  "principal_point": [
    566.6854248046875,
    1031.048828125
  ],
  "skew": 0.0,
  "pixel_aspect_ratio": 1.00845468044281,
  "radial_distortion": [
    0.1271735429763794,
    -0.21105742454528809,
    0.0
  ],
  "tangential_distortion": [
    0.0030499822460114956,
    0.008128720335662365
  ],
  "image_size": [
    1072,
    1920
  ]
}