{
  "orientation": [
    [
      0.9153987765312195,
      -0.22613199055194855,
      0.3330305516719818
    ],
    [
      0.23673483729362488,
      0.9715328812599182,
      0.008971788920462132
    ],
    [
      -0.3255789577960968,
      0.07062716782093048,
      0.9428733587265015
    ]
  ],
  "position": [
    5.480523109436035,
    -1.2424945831298828,
    1.2706001996994019
  ],
  "focal_length": 1481.450439453125,
  "principal_point": [
    566.6854248046875,
    1031.048828125
  ],
  "skew": 0.0,
  "pixel_aspect_ratio": 1.00845468044281,
  "radial_distortion": [
    0.1271735429763794,
    -0.21105742454528809,
    0.0
  ],
  "tangential_distortion": [
    0.0030499822460114956,
    0.008128720335662365
  ],
  "image_size": [
    1072,
    1920
  ]
}