{
  "orientation": [
    [
      0.9603326916694641,
      -0.18392705917358398,
      0.20959952473640442
    ],
    [
      0.19385071098804474,
      0.9806414246559143,
      -0.027646474540233612
    ],
    [
      -0.20045703649520874,
      0.06718083471059799,
      0.9773963689804077
    ]
  ],
  "position": [
    2.9263362884521484,
    1.504140853881836,
    1.6189031600952148
  ],
  "focal_length": 1481.450439453125,
  "principal_point": [
    566.6854248046875,
    1031.048828125
  ],
  "skew": 0.0,
  "pixel_aspect_ratio": 1.00845468044281,
  "radial_distortion": [
    0.1271735429763794,
    -0.21105742454528809,
    0.0
  ],
  "tangential_distortion": [
    0.0030499822460114956,
    0.008128720335662365
  ],
  "image_size": [
    1072,
    1920
  ]
}