{
  "orientation": [
    [
      0.894063413143158,
      -0.26441311836242676,
      0.36157482862472534
    ],
    [
      0.2899463176727295,
      0.9568884372711182,
      -0.017192916944622993
    ],
    [
      -0.34144073724746704,
      0.12020884454250336,
      0.9321845769882202
    ]
  ],
  "position": [
    5.433425426483154,
    -0.3819137215614319,
    2.174811363220215
  ],
  "focal_length": 1481.450439453125,
  "principal_point": [
    566.6854248046875,
    1031.048828125
  ],
  "skew": 0.0,
  "pixel_aspect_ratio": 1.00845468044281,
  "radial_distortion": [
    0.1271735429763794,
    -0.21105742454528809,
    0.0
  ],
  "tangential_distortion": [
    0.0030499822460114956,
    0.008128720335662365
  ],
  "image_size": [
    1072,
    1920
  ]
}