{
  "orientation": [
    [
      0.9921751618385315,
      0.05229829251766205,
      -0.11337244510650635
    ],
    [
      -0.06390409916639328,
      0.9928036332130432,
      -0.10127794742584229
    ],
    [
      0.10725991427898407,
      0.107730433344841,
      0.9883772134780884
    ]
  ],
  "position": [
    -3.393630266189575,
    -0.9961625933647156,
    -0.4679059088230133
  ],
  "focal_length": 1481.450439453125,
  "principal_point": [
    566.6854248046875,
    1031.048828125
  ],
  "skew": 0.0,
  "pixel_aspect_ratio": 1.00845468044281,
  "radial_distortion": [
    0.1271735429763794,
    -0.21105742454528809,
    0.0
  ],
  "tangential_distortion": [
    0.0030499822460114956,
    0.008128720335662365
  ],
  "image_size": [
    1072,
    1920
  ]
}