{
  "orientation": [
    [
      0.9936538934707642,
      -0.0006732165929861367,
      -0.11247868835926056
    ],
    [
      -0.0015012632356956601,
      0.9998136162757874,
      -0.019246554002165794
    ],
    [
      0.11247068643569946,
      0.019293272867798805,
      0.9934677481651306
    ]
  ],
  "position": [
    -2.7023963928222656,
    1.684990644454956,
    0.1881917119026184
  ],
  "focal_length": 1481.450439453125,
  "principal_point": [
    566.6854248046875,
    1031.048828125
  ],
  "skew": 0.0,
  "pixel_aspect_ratio": 1.00845468044281,
  "radial_distortion": [
    0.1271735429763794,
    -0.21105742454528809,
    0.0
  ],
  "tangential_distortion": [
    0.0030499822460114956,
    0.008128720335662365
  ],
  "image_size": [
    1072,
    1920
  ]
}