{
  "orientation": [
    [
      0.9133622646331787,
      -0.24082162976264954,
      0.32829001545906067
    ],
    [
      0.2597184181213379,
      0.9655789732933044,
      -0.014270013198256493
    ],
    [
      -0.3135533928871155,
      0.09829665720462799,
      0.944469153881073
    ]
  ],
  "position": [
    5.325253486633301,
    0.06374852359294891,
    2.0924999713897705
  ],
  "focal_length": 1481.450439453125,
  "principal_point": [
    566.6854248046875,
    1031.048828125
  ],
  "skew": 0.0,
  "pixel_aspect_ratio": 1.00845468044281,
  "radial_distortion": [
    0.1271735429763794,
    -0.21105742454528809,
    0.0
  ],
  "tangential_distortion": [
    0.0030499822460114956,
    0.008128720335662365
  ],
  "image_size": [
    1072,
    1920
  ]
}