{
  "orientation": [
    [
      0.8906806111335754,
      -0.2595118582248688,
      0.3732849061489105
    ],
    [
      0.2883361876010895,
      0.9572651386260986,
      -0.022486340254545212
    ],
    [
      -0.35149717330932617,
      0.12765969336032867,
      0.9274442195892334
    ]
  ],
  "position": [
    5.504931449890137,
    -0.6301517486572266,
    2.1812899112701416
  ],
  "focal_length": 1481.450439453125,
  "principal_point": [
    566.6854248046875,
    1031.048828125
  ],
  "skew": 0.0,
  "pixel_aspect_ratio": 1.00845468044281,
  "radial_distortion": [
    0.1271735429763794,
    -0.21105742454528809,
    0.0
  ],
  "tangential_distortion": [
    0.0030499822460114956,
    0.008128720335662365
  ],
  "image_size": [
    1072,
    1920
  ]
}