{
  "orientation": [
    [
      0.9939678907394409,
      -0.09475493431091309,
      0.05522051826119423
    ],
    [
      0.09331178665161133,
      0.995238721370697,
      0.028157144784927368
    ],
    [
      -0.057625625282526016,
      -0.022834572941064835,
      0.9980770945549011
    ]
  ],
  "position": [
    1.101414680480957,
    2.3946738243103027,
    1.304021954536438
  ],
  "focal_length": 1481.450439453125,
  "principal_point": [
    566.6854248046875,
    1031.048828125
  ],
  "skew": 0.0,
  "pixel_aspect_ratio": 1.00845468044281,
  "radial_distortion": [
    0.1271735429763794,
    -0.21105742454528809,
    0.0
  ],
  "tangential_distortion": [
    0.0030499822460114956,
    0.008128720335662365
  ],
  "image_size": [
    1072,
    1920
  ]
}