{
  "orientation": [
    [
      0.9879962801933289,
      0.06282220780849457,
      -0.14112642407417297
    ],
    [
      -0.07533369958400726,
      0.9935176372528076,
      -0.08513252437114716
    ],
    [
      0.13486337661743164,
      0.09474220126867294,
      0.9863243699073792
    ]
  ],
  "position": [
    -4.734641075134277,
    0.0944441631436348,
    -0.32245156168937683
  ],
  "focal_length": 1481.450439453125,
  "principal_point": [
    566.6854248046875,
    1031.048828125
  ],
  "skew": 0.0,
  "pixel_aspect_ratio": 1.00845468044281,
  "radial_distortion": [
    0.1271735429763794,
    -0.21105742454528809,
    0.0
  ],
  "tangential_distortion": [
    0.0030499822460114956,
    0.008128720335662365
  ],
  "image_size": [
    1072,
    1920
  ]
}