{
  "orientation": [
    [
      0.9897397756576538,
      0.030094072222709656,
      -0.13967636227607727
    ],
    [
      -0.035598985850811005,
      0.9986779689788818,
      -0.0370817631483078
    ],
    [
      0.13837575912475586,
      0.04167363420128822,
      0.9895026087760925
    ]
  ],
  "position": [
    -3.842311143875122,
    1.5467908382415771,
    0.10214988887310028
  ],
  "focal_length": 1481.450439453125,
  "principal_point": [
    566.6854248046875,
    1031.048828125
  ],
  "skew": 0.0,
  "pixel_aspect_ratio": 1.00845468044281,
  "radial_distortion": [
    0.1271735429763794,
    -0.21105742454528809,
    0.0
  ],
  "tangential_distortion": [
    0.0030499822460114956,
    0.008128720335662365
  ],
  "image_size": [
    1072,
    1920
  ]
}