{
  "orientation": [
    [
      0.9304773211479187,
      -0.22598139941692352,
      0.28834760189056396
    ],
    [
      0.2429736852645874,
      0.969734251499176,
      -0.024066777899861336
    ],
    [
      -0.27418190240859985,
      0.0924544706940651,
      0.9572232961654663
    ]
  ],
  "position": [
    5.195147514343262,
    0.16391408443450928,
    1.8655273914337158
  ],
  "focal_length": 1481.450439453125,
  "principal_point": [
    566.6854248046875,
    1031.048828125
  ],
  "skew": 0.0,
  "pixel_aspect_ratio": 1.00845468044281,
  "radial_distortion": [
    0.1271735429763794,
    -0.21105742454528809,
    0.0
  ],
  "tangential_distortion": [
    0.0030499822460114956,
    0.008128720335662365
  ],
  "image_size": [
    1072,
    1920
  ]
}