{
  "orientation": [
    [
      0.9170491695404053,
      -0.22557464241981506,
      0.32884180545806885
    ],
    [
      0.23508666455745697,
      0.9719109535217285,
      0.011106963269412518
    ],
    [
      -0.3221104145050049,
      0.06712069362401962,
      0.9443197250366211
    ]
  ],
  "position": [
    5.493119716644287,
    -1.194057822227478,
    1.3290907144546509
  ],
  "focal_length": 1481.450439453125,
  "principal_point": [
    566.6854248046875,
    1031.048828125
  ],
  "skew": 0.0,
  "pixel_aspect_ratio": 1.00845468044281,
  "radial_distortion": [
    0.1271735429763794,
    -0.21105742454528809,
    0.0
  ],
  "tangential_distortion": [
    0.0030499822460114956,
    0.008128720335662365
  ],
  "image_size": [
    1072,
    1920
  ]
}