{
  "orientation": [
    [
      0.8886538147926331,
      -0.28339746594429016,
      0.36052781343460083
    ],
    [
      0.3085322082042694,
      0.9511271715164185,
      -0.012845857068896294
    ],
    [
      -0.3392673134803772,
      0.12264995276927948,
      0.9326599836349487
    ]
  ],
  "position": [
    5.160248279571533,
    -2.391364097595215,
    1.3324395418167114
  ],
  "focal_length": 1481.450439453125,
  "principal_point": [
    566.6854248046875,
    1031.048828125
  ],
  "skew": 0.0,
  "pixel_aspect_ratio": 1.00845468044281,
  "radial_distortion": [
    0.1271735429763794,
    -0.21105742454528809,
    0.0
  ],
  "tangential_distortion": [
    0.0030499822460114956,
    0.008128720335662365
  ],
  "image_size": [
    1072,
    1920
  ]
}