{
  "orientation": [
    [
      0.9764434695243835,
      -0.13113029301166534,
      0.17135649919509888
    ],
    [
      0.13444183766841888,
      0.9908906817436218,
      -0.007814505137503147
    ],
    [
      -0.16877083480358124,
      0.030667904764413834,
      0.9851781129837036
    ]
  ],
  "position": [
    3.1598129272460938,
    1.9120012521743774,
    1.970311164855957
  ],
  "focal_length": 1481.450439453125,
  "principal_point": [
    566.6854248046875,
    1031.048828125
  ],
  "skew": 0.0,
  "pixel_aspect_ratio": 1.00845468044281,
  "radial_distortion": [
    0.1271735429763794,
    -0.21105742454528809,
    0.0
  ],
  "tangential_distortion": [
    0.0030499822460114956,
    0.008128720335662365
  ],
  "image_size": [
    1072,
    1920
  ]
}