{
  "orientation": [
    [
      0.9978300929069519,
      -0.0019578475039452314,
      -0.0658121332526207
    ],
    [
      -0.005169016309082508,
      0.9941433072090149,
      -0.10794637352228165
    ],
    [
      0.06563802808523178,
      0.1080523282289505,
      0.9919759631156921
    ]
  ],
  "position": [
    -2.4480884075164795,
    -1.3950661420822144,
    -0.10610951483249664
  ],
  "focal_length": 1481.450439453125,
  "principal_point": [
    566.6854248046875,
    1031.048828125
  ],
  "skew": 0.0,
  "pixel_aspect_ratio": 1.00845468044281,
  "radial_distortion": [
    0.1271735429763794,
    -0.21105742454528809,
    0.0
  ],
  "tangential_distortion": [
    0.0030499822460114956,
    0.008128720335662365
  ],
  "image_size": [
    1072,
    1920
  ]
}