{
  "orientation": [
    [
      0.9418883919715881,
      -0.23831743001937866,
      0.23675107955932617
    ],
    [
      0.2675847113132477,
      0.9583444595336914,
      -0.09987176954746246
    ],
    [
      -0.20308789610862732,
      0.15741902589797974,
      0.9664235711097717
    ]
  ],
  "position": [
    2.0772812366485596,
    -2.755539655685425,
    0.32823994755744934
  ],
  "focal_length": 1481.450439453125,
  "principal_point": [
    566.6854248046875,
    1031.048828125
  ],
  "skew": 0.0,
  "pixel_aspect_ratio": 1.00845468044281,
  "radial_distortion": [
    0.1271735429763794,
    -0.21105742454528809,
    0.0
  ],
  "tangential_distortion": [
    0.0030499822460114956,
    0.008128720335662365
  ],
  "image_size": [
    1072,
    1920
  ]
}