{
  "orientation": [
    [
      0.9556885957717896,
      -0.20649252831935883,
      0.20980989933013916
    ],
    [
      0.23342087864875793,
      0.9658246040344238,
      -0.11268344521522522
    ],
    [
      -0.17937126755714417,
      0.15666428208351135,
      0.9712271690368652
    ]
  ],
  "position": [
    1.1589877605438232,
    -2.678417682647705,
    0.09976425021886826
  ],
  "focal_length": 1481.450439453125,
  "principal_point": [
    566.6854248046875,
    1031.048828125
  ],
  "skew": 0.0,
  "pixel_aspect_ratio": 1.00845468044281,
  "radial_distortion": [
    0.1271735429763794,
    -0.21105742454528809,
    0.0
  ],
  "tangential_distortion": [
    0.0030499822460114956,
    0.008128720335662365
  ],
  "image_size": [
    1072,
    1920
  ]
}