{
  "orientation": [
    [
      0.9383220672607422,
      -0.2120865285396576,
      0.27307698130607605
    ],
    [
      0.23039166629314423,
      0.9724162220954895,
      -0.03641900792717934
    ],
    [
      -0.2578204870223999,
      0.09708741307258606,
      0.9613025784492493
    ]
  ],
  "position": [
    4.550365447998047,
    0.965641975402832,
    2.025744676589966
  ],
  "focal_length": 1481.450439453125,
  "principal_point": [
    566.6854248046875,
    1031.048828125
  ],
  "skew": 0.0,
  "pixel_aspect_ratio": 1.00845468044281,
  "radial_distortion": [
    0.1271735429763794,
    -0.21105742454528809,
    0.0
  ],
  "tangential_distortion": [
    0.0030499822460114956,
    0.008128720335662365
  ],
  "image_size": [
    1072,
    1920
  ]
}