{
  "orientation": [
    [
      0.9278163909912109,
      -0.22816398739814758,
      0.29512354731559753
    ],
    [
      0.24342696368694305,
      0.9697948694229126,
      -0.015529979020357132
    ],
    [
      -0.2826659083366394,
      0.08624999970197678,
      0.95533287525177
    ]
  ],
  "position": [
    5.38150691986084,
    -0.12110553681850433,
    1.7386162281036377
  ],
  "focal_length": 1481.450439453125,
  "principal_point": [
    566.6854248046875,
    1031.048828125
  ],
  "skew": 0.0,
  "pixel_aspect_ratio": 1.00845468044281,
  "radial_distortion": [
    0.1271735429763794,
    -0.21105742454528809,
    0.0
  ],
  "tangential_distortion": [
    0.0030499822460114956,
    0.008128720335662365
  ],
  "image_size": [
    1072,
    1920
  ]
}