{
  "orientation": [
    [
      0.9366936683654785,
      -0.214702308177948,
      0.2766006290912628
    ],
    [
      0.23276636004447937,
      0.9719448089599609,
      -0.03381040692329407
    ],
    [
      -0.2615813612937927,
      0.09605331718921661,
      0.9603899717330933
    ]
  ],
  "position": [
    4.851980209350586,
    0.6985086798667908,
    1.8955599069595337
  ],
  "focal_length": 1481.450439453125,
  "principal_point": [
    566.6854248046875,
    1031.048828125
  ],
  "skew": 0.0,
  "pixel_aspect_ratio": 1.00845468044281,
  "radial_distortion": [
    0.1271735429763794,
    -0.21105742454528809,
    0.0
  ],
  "tangential_distortion": [
    0.0030499822460114956,
    0.008128720335662365
  ],
  "image_size": [
    1072,
    1920
  ]
}