{
  "orientation": [
    [
      0.911257803440094,
      -0.26776066422462463,
      0.31291118264198303
    ],
    [
      0.3019706606864929,
      0.9510597586631775,
      -0.06556732952594757
    ],
    [
      -0.2800408601760864,
      0.1542387455701828,
      0.9475165009498596
    ]
  ],
  "position": [
    3.6377153396606445,
    -2.783316135406494,
    0.6856055855751038
  ],
  "focal_length": 1481.450439453125,
  "principal_point": [
    566.6854248046875,
    1031.048828125
  ],
  "skew": 0.0,
  "pixel_aspect_ratio": 1.00845468044281,
  "radial_distortion": [
    0.1271735429763794,
    -0.21105742454528809,
    0.0
  ],
  "tangential_distortion": [
    0.0030499822460114956,
    0.008128720335662365
  ],
  "image_size": [
    1072,
    1920
  ]
}