{
  "orientation": [
    [
      0.9544509053230286,
      -0.198248490691185,
      0.22298213839530945
    ],
    [
      0.2095290869474411,
      0.9774049520492554,
      -0.027877384796738625
    ],
    [
      -0.21241718530654907,
      0.07332883775234222,
      0.9744238257408142
    ]
  ],
  "position": [
    3.3124356269836426,
    1.4336909055709839,
    1.6670901775360107
  ],
  "focal_length": 1481.450439453125,
  "principal_point": [
    566.6854248046875,
    1031.048828125
  ],
  "skew": 0.0,
  "pixel_aspect_ratio": 1.00845468044281,
  "radial_distortion": [
    0.1271735429763794,
    -0.21105742454528809,
    0.0
  ],
  "tangential_distortion": [
    0.0030499822460114956,
    0.008128720335662365
  ],
  "image_size": [
    1072,
    1920
  ]
}