{
  "orientation": [
    [
      0.9136147499084473,
      -0.22318272292613983,
      0.3398493528366089
    ],
    [
      0.2354702353477478,
      0.9718675017356873,
      0.005222771316766739
    ],
    [
      -0.33145418763160706,
      0.07525280863046646,
      0.9404653906822205
    ]
  ],
  "position": [
    5.4885334968566895,
    -1.2324333190917969,
    1.3127081394195557
  ],
  "focal_length": 1481.450439453125,
  "principal_point": [
    566.6854248046875,
    1031.048828125
  ],
  "skew": 0.0,
  "pixel_aspect_ratio": 1.00845468044281,
  "radial_distortion": [
    0.1271735429763794,
    -0.21105742454528809,
    0.0
  ],
  "tangential_distortion": [
    0.0030499822460114956,
    0.008128720335662365
  ],
  "image_size": [
    1072,
    1920
  ]
}