{
  "orientation": [
    [
      0.9946126937866211,
      -0.09931005537509918,
      0.02971767820417881
    ],
    [
      0.10019569098949432,
      0.9945164918899536,
      -0.02996242046356201
    ],
    [
      -0.026579152792692184,
      0.03277858719229698,
      0.999109148979187
    ]
  ],
  "position": [
    -1.1301593780517578,
    1.5549131631851196,
    0.46815165877342224
  ],
  "focal_length": 1481.450439453125,
  "principal_point": [
    566.6854248046875,
    1031.048828125
  ],
  "skew": 0.0,
  "pixel_aspect_ratio": 1.00845468044281,
  "radial_distortion": [
    0.1271735429763794,
    -0.21105742454528809,
    0.0
  ],
  "tangential_distortion": [
    0.0030499822460114956,
    0.008128720335662365
  ],
  "image_size": [
    1072,
    1920
  ]
}