{
  "orientation": [
    [
      0.9878870844841003,
      0.06601545959711075,
      -0.1404317170381546
    ],
    [
      -0.07819437235593796,
      0.9934729933738708,
      -0.08304842561483383
    ],
    [
      0.13403263688087463,
      0.09302344173192978,
      0.9866011738777161
    ]
  ],
  "position": [
    -4.766045570373535,
    0.2698724567890167,
    -0.2691209018230438
  ],
  "focal_length": 1481.450439453125,
  "principal_point": [
    566.6854248046875,
    1031.048828125
  ],
  "skew": 0.0,
  "pixel_aspect_ratio": 1.00845468044281,
  "radial_distortion": [
    0.1271735429763794,
    -0.21105742454528809,
    0.0
  ],
  "tangential_distortion": [
    0.0030499822460114956,
    0.008128720335662365
  ],
  "image_size": [
    1072,
    1920
  ]
}