{
  "orientation": [
    [
      0.9328581094741821,
      -0.220596045255661,
      0.28480374813079834
    ],
    [
      0.23907433450222015,
      0.970494270324707,
      -0.031373269855976105
    ],
    [
      -0.2694796025753021,
      0.09735607355833054,
      0.958072304725647
    ]
  ],
  "position": [
    5.045305252075195,
    0.40740931034088135,
    1.8632574081420898
  ],
  "focal_length": 1481.450439453125,
  "principal_point": [
    566.6854248046875,
    1031.048828125
  ],
  "skew": 0.0,
  "pixel_aspect_ratio": 1.00845468044281,
  "radial_distortion": [
    0.1271735429763794,
    -0.21105742454528809,
    0.0
  ],
  "tangential_distortion": [
    0.0030499822460114956,
    0.008128720335662365
  ],
  "image_size": [
    1072,
    1920
  ]
}