{
  "orientation": [
    [
      0.9969768524169922,
      -0.07752113044261932,
      -0.005258823279291391
    ],
    [
      0.07733536511659622,
      0.9965747594833374,
      -0.02929137833416462
    ],
    [
      0.007511511445045471,
      0.028796132653951645,
      0.9995570778846741
    ]
  ],
  "position": [
    -1.4992402791976929,
    1.5475808382034302,
    0.3518930673599243
  ],
  "focal_length": 1481.450439453125,
  "principal_point": [
    566.6854248046875,
    1031.048828125
  ],
  "skew": 0.0,
  "pixel_aspect_ratio": 1.00845468044281,
  "radial_distortion": [
    0.1271735429763794,
    -0.21105742454528809,
    0.0
  ],
  "tangential_distortion": [
    0.0030499822460114956,
    0.008128720335662365
  ],
  "image_size": [
    1072,
    1920
  ]
}