{
  "orientation": [
    [
      0.902674674987793,
      -0.2739284634590149,
      0.3318759799003601
    ],
    [
      0.307051420211792,
      0.9503388404846191,
      -0.05074988678097725
    ],
    [
      -0.3014927804470062,
      0.14771361649036407,
      0.9419568777084351
    ]
  ],
  "position": [
    3.9443142414093018,
    -2.704624891281128,
    0.8569592833518982
  ],
  "focal_length": 1481.450439453125,
  "principal_point": [
    566.6854248046875,
    1031.048828125
  ],
  "skew": 0.0,
  "pixel_aspect_ratio": 1.00845468044281,
  "radial_distortion": [
    0.1271735429763794,
    -0.21105742454528809,
    0.0
  ],
  "tangential_distortion": [
    0.0030499822460114956,
    0.008128720335662365
  ],
  "image_size": [
    1072,
    1920
  ]
}