{
  "orientation": [
    [
      0.9894869327545166,
      0.06149645522236824,
      -0.13089619576931
    ],
    [
      -0.07404423505067825,
      0.9928850531578064,
      -0.09325625002384186
    ],
    [
      0.12422994524240494,
      0.101967953145504,
      0.9870002269744873
    ]
  ],
  "position": [
    -4.006046295166016,
    -0.6650640368461609,
    -0.47314274311065674
  ],
  "focal_length": 1481.450439453125,
  "principal_point": [
    566.6854248046875,
    1031.048828125
  ],
  "skew": 0.0,
  "pixel_aspect_ratio": 1.00845468044281,
  "radial_distortion": [
    0.1271735429763794,
    -0.21105742454528809,
    0.0
  ],
  "tangential_distortion": [
    0.0030499822460114956,
    0.008128720335662365
  ],
  "image_size": [
    1072,
    1920
  ]
}