{
  "orientation": [
    [
      0.970360517501831,
      -0.14398063719272614,
      0.1940876692533493
    ],
    [
      0.14817431569099426,
      0.988935112953186,
      -0.007187386509031057
    ],
    [
      -0.19090527296066284,
      0.035733163356781006,
      0.9809578657150269
    ]
  ],
  "position": [
    3.6986522674560547,
    1.6847652196884155,
    1.946643352508545
  ],
  "focal_length": 1481.450439453125,
  "principal_point": [
    566.6854248046875,
    1031.048828125
  ],
  "skew": 0.0,
  "pixel_aspect_ratio": 1.00845468044281,
  "radial_distortion": [
    0.1271735429763794,
    -0.21105742454528809,
    0.0
  ],
  "tangential_distortion": [
    0.0030499822460114956,
    0.008128720335662365
  ],
  "image_size": [
    1072,
    1920
  ]
}