{
  "orientation": [
    [
      0.9908430576324463,
      0.024043891578912735,
      -0.1328604817390442
    ],
    [
      -0.02832394652068615,
      0.9991358518600464,
      -0.030418923124670982
    ],
    [
      0.13201427459716797,
      0.033903513103723526,
      0.9906678199768066
    ]
  ],
  "position": [
    -3.5896809101104736,
    1.6040921211242676,
    0.08202698826789856
  ],
  "focal_length": 1481.450439453125,
  "principal_point": [
    566.6854248046875,
    1031.048828125
  ],
  "skew": 0.0,
  "pixel_aspect_ratio": 1.00845468044281,
  "radial_distortion": [
    0.1271735429763794,
    -0.21105742454528809,
    0.0
  ],
  "tangential_distortion": [
    0.0030499822460114956,
    0.008128720335662365
  ],
  "image_size": [
    1072,
    1920
  ]
}