{
  "orientation": [
    [
      0.9432189464569092,
      -0.20218664407730103,
      0.2635500133037567
    ],
    [
      0.21490880846977234,
      0.976428210735321,
      -0.02005431242287159
    ],
    [
      -0.25328293442726135,
      0.07555482536554337,
      0.9644372463226318
    ]
  ],
  "position": [
    4.889822959899902,
    0.6678422689437866,
    2.0712952613830566
  ],
  "focal_length": 1481.450439453125,
  "principal_point": [
    566.6854248046875,
    1031.048828125
  ],
  "skew": 0.0,
  "pixel_aspect_ratio": 1.00845468044281,
  "radial_distortion": [
    0.1271735429763794,
    -0.21105742454528809,
    0.0
  ],
  "tangential_distortion": [
    0.0030499822460114956,
    0.008128720335662365
  ],
  "image_size": [
    1072,
    1920
  ]
}