{
  "orientation": [
    [
      0.9335879683494568,
      -0.2516164481639862,
      0.25515231490135193
    ],
    [
      0.28218087553977966,
      0.955068826675415,
      -0.09065037965774536
    ],
    [
      -0.22087888419628143,
      0.15662920475006104,
      0.9626420736312866
    ]
  ],
  "position": [
    2.501596689224243,
    -2.761350631713867,
    0.4367331564426422
  ],
  "focal_length": 1481.450439453125,
  "principal_point": [
    566.6854248046875,
    1031.048828125
  ],
  "skew": 0.0,
  "pixel_aspect_ratio": 1.00845468044281,
  "radial_distortion": [
    0.1271735429763794,
    -0.21105742454528809,
    0.0
  ],
  "tangential_distortion": [
    0.0030499822460114956,
    0.008128720335662365
  ],
  "image_size": [
    1072,
    1920
  ]
}