{
  "orientation": [
    [
      0.9498180747032166,
      -0.1966419816017151,
      0.24326442182064056
    ],
    [
      0.2049439251422882,
      0.9787319302558899,
      -0.009042284451425076
    ],
    [
      -0.23631256818771362,
      0.05844409018754959,
      0.9699178338050842
    ]
  ],
  "position": [
    4.575305938720703,
    0.9446884393692017,
    2.192988872528076
  ],
  "focal_length": 1481.450439453125,
  "principal_point": [
    566.6854248046875,
    1031.048828125
  ],
  "skew": 0.0,
  "pixel_aspect_ratio": 1.00845468044281,
  "radial_distortion": [
    0.1271735429763794,
    -0.21105742454528809,
    0.0
  ],
  "tangential_distortion": [
    0.0030499822460114956,
    0.008128720335662365
  ],
  "image_size": [
    1072,
    1920
  ]
}