{
  "orientation": [
    [
      0.9716921448707581,
      -0.16229784488677979,
      0.17167940735816956
    ],
    [
      0.16835139691829681,
      0.98549884557724,
      -0.021210437640547752
    ],
    [
      -0.16574743390083313,
      0.049512483179569244,
      0.9849244952201843
    ]
  ],
  "position": [
    1.9861458539962769,
    1.6096185445785522,
    1.4158650636672974
  ],
  "focal_length": 1481.450439453125,
  "principal_point": [
    566.6854248046875,
    1031.048828125
  ],
  "skew": 0.0,
  "pixel_aspect_ratio": 1.00845468044281,
  "radial_distortion": [
    0.1271735429763794,
    -0.21105742454528809,
    0.0
  ],
  "tangential_distortion": [
    0.0030499822460114956,
    0.008128720335662365
  ],
  "image_size": [
    1072,
    1920
  ]
}