{
  "orientation": [
    [
      0.9176844954490662,
      -0.22690925002098083,
      0.3261401057243347
    ],
    [
      0.23684081435203552,
      0.9715020656585693,
      0.009497919119894505
    ],
    [
      -0.3190009295940399,
      0.06852719932794571,
      0.945273756980896
    ]
  ],
  "position": [
    5.487020969390869,
    -1.1136335134506226,
    1.377729892730713
  ],
  "focal_length": 1481.450439453125,
  "principal_point": [
    566.6854248046875,
    1031.048828125
  ],
  "skew": 0.0,
  "pixel_aspect_ratio": 1.00845468044281,
  "radial_distortion": [
    0.1271735429763794,
    -0.21105742454528809,
    0.0
  ],
  "tangential_distortion": [
    0.0030499822460114956,
    0.008128720335662365
  ],
  "image_size": [
    1072,
    1920
  ]
}