{
  "orientation": [
    [
      0.9984435439109802,
      -0.05577066168189049,
      0.0003227686684112996
    ],
    [
      0.05546380206942558,
      0.9923094511032104,
      -0.1106601357460022
    ],
    [
      0.00585130276158452,
      0.11050579696893692,
      0.993858277797699
    ]
  ],
  "position": [
    -1.7340136766433716,
    -1.6839444637298584,
    0.05483894795179367
  ],
  "focal_length": 1481.450439453125,
  "principal_point": [
    566.6854248046875,
    1031.048828125
  ],
  "skew": 0.0,
  "pixel_aspect_ratio": 1.00845468044281,
  "radial_distortion": [
    0.1271735429763794,
    -0.21105742454528809,
    0.0
  ],
  "tangential_distortion": [
    0.0030499822460114956,
    0.008128720335662365
  ],
  "image_size": [
    1072,
    1920
  ]
}