{
  "orientation": [
    [
      0.9763662219047546,
      -0.15214954316616058,
      0.15349110960960388
    ],
    [
      0.15689656138420105,
      0.9874277710914612,
      -0.019231263548135757
    ],
    [
      -0.1486353576183319,
      0.04285898432135582,
      0.9879628419876099
    ]
  ],
  "position": [
    1.439384937286377,
    1.6802741289138794,
    1.3312221765518188
  ],
  "focal_length": 1481.450439453125,
  "principal_point": [
    566.6854248046875,
    1031.048828125
  ],
  "skew": 0.0,
  "pixel_aspect_ratio": 1.00845468044281,
  "radial_distortion": [
    0.1271735429763794,
    -0.21105742454528809,
    0.0
  ],
  "tangential_distortion": [
    0.0030499822460114956,
    0.008128720335662365
  ],
  "image_size": [
    1072,
    1920
  ]
}