{
  "orientation": [
    [
      0.99076247215271,
      0.05611013248562813,
      -0.12345585972070694
    ],
    [
      -0.06834428012371063,
      0.992915153503418,
      -0.09720353782176971
    ],
    [
      0.11712709069252014,
      0.1047431230545044,
      0.9875779151916504
    ]
  ],
  "position": [
    -3.732917308807373,
    -0.8420171141624451,
    -0.48904743790626526
  ],
  "focal_length": 1481.450439453125,
  "principal_point": [
    566.6854248046875,
    1031.048828125
  ],
  "skew": 0.0,
  "pixel_aspect_ratio": 1.00845468044281,
  "radial_distortion": [
    0.1271735429763794,
    -0.21105742454528809,
    0.0
  ],
  "tangential_distortion": [
    0.0030499822460114956,
    0.008128720335662365
  ],
  "image_size": [
    1072,
    1920
  ]
}