{
  "orientation": [
    [
      0.9874064922332764,
      0.04643163084983826,
      -0.15123659372329712
    ],
    [
      -0.05663440003991127,
      0.996350109577179,
      -0.06386689096689224
    ],
    [
      0.14771915972232819,
      0.07162778079509735,
      0.9864321947097778
    ]
  ],
  "position": [
    -4.456427097320557,
    1.1599763631820679,
    -0.00668423343449831
  ],
  "focal_length": 1481.450439453125,
  "principal_point": [
    566.6854248046875,
    1031.048828125
  ],
  "skew": 0.0,
  "pixel_aspect_ratio": 1.00845468044281,
  "radial_distortion": [
    0.1271735429763794,
    -0.21105742454528809,
    0.0
  ],
  "tangential_distortion": [
    0.0030499822460114956,
    0.008128720335662365
  ],
  "image_size": [
    1072,
    1920
  ]
}