{
  "orientation": [
    [
      0.9401324987411499,
      -0.2117583155632019,
      0.2670380473136902
    ],
    [
      0.2302224487066269,
      0.9723374247550964,
      -0.03946651518344879
    ],
    [
      -0.25129371881484985,
      0.09858191013336182,
      0.9628775119781494
    ]
  ],
  "position": [
    4.280187129974365,
    1.118135929107666,
    1.8540180921554565
  ],
  "focal_length": 1481.450439453125,
  "principal_point": [
    566.6854248046875,
    1031.048828125
  ],
  "skew": 0.0,
  "pixel_aspect_ratio": 1.00845468044281,
  "radial_distortion": [
    0.1271735429763794,
    -0.21105742454528809,
    0.0
  ],
  "tangential_distortion": [
    0.0030499822460114956,
    0.008128720335662365
  ],
  "image_size": [
    1072,
    1920
  ]
}