{
  "orientation": [
    [
      0.9886892437934875,
      0.061529748141765594,
      -0.1367758959531784
    ],
    [
      -0.07441093772649765,
      0.9930533170700073,
      -0.09114889055490494
    ],
    [
      0.13021738827228546,
      0.1002955511212349,
      0.9863996505737305
    ]
  ],
  "position": [
    -4.297111511230469,
    -0.4850270450115204,
    -0.4700604975223541
  ],
  "focal_length": 1481.450439453125,
  "principal_point": [
    566.6854248046875,
    1031.048828125
  ],
  "skew": 0.0,
  "pixel_aspect_ratio": 1.00845468044281,
  "radial_distortion": [
    0.1271735429763794,
    -0.21105742454528809,
    0.0
  ],
  "tangential_distortion": [
    0.0030499822460114956,
    0.008128720335662365
  ],
  "image_size": [
    1072,
    1920
  ]
}