{
  "orientation": [
    [
      0.9909178018569946,
      -0.11152029782533646,
      0.0751342847943306
    ],
    [
      0.1195904016494751,
      0.9863466620445251,
      -0.11321833729743958
    ],
    [
      -0.06148230656981468,
      0.12117540091276169,
      0.9907252192497253
    ]
  ],
  "position": [
    -0.9587113261222839,
    -1.9830172061920166,
    0.14610233902931213
  ],
  "focal_length": 1481.450439453125,
  "principal_point": [
    566.6854248046875,
    1031.048828125
  ],
  "skew": 0.0,
  "pixel_aspect_ratio": 1.00845468044281,
  "radial_distortion": [
    0.1271735429763794,
    -0.21105742454528809,
    0.0
  ],
  "tangential_distortion": [
    0.0030499822460114956,
    0.008128720335662365
  ],
  "image_size": [
    1072,
    1920
  ]
}