{
  "orientation": [
    [
      0.980736494064331,
      -0.14243274927139282,
      0.1336742639541626
    ],
    [
      0.14636485278606415,
      0.9890282154083252,
      -0.020014017820358276
    ],
    [
      -0.1293569654226303,
      0.03919369354844093,
      0.9908232092857361
    ]
  ],
  "position": [
    0.882903516292572,
    1.7121374607086182,
    1.2182886600494385
  ],
  "focal_length": 1481.450439453125,
  "principal_point": [
    566.6854248046875,
    1031.048828125
  ],
  "skew": 0.0,
  "pixel_aspect_ratio": 1.00845468044281,
  "radial_distortion": [
    0.1271735429763794,
    -0.21105742454528809,
    0.0
  ],
  "tangential_distortion": [
    0.0030499822460114956,
    0.008128720335662365
  ],
  "image_size": [
    1072,
    1920
  ]
}