{
  "orientation": [
    [
      0.9956371784210205,
      0.02734767273068428,
      -0.0892113596200943
    ],
    [
      -0.03710145875811577,
      0.993285596370697,
      -0.10957734286785126
    ],
    [
      0.08561567217111588,
      0.11240915209054947,
      0.9899667501449585
    ]
  ],
  "position": [
    -2.722508430480957,
    -1.3181430101394653,
    -0.29573071002960205
  ],
  "focal_length": 1481.450439453125,
  "principal_point": [
    566.6854248046875,
    1031.048828125
  ],
  "skew": 0.0,
  "pixel_aspect_ratio": 1.00845468044281,
  "radial_distortion": [
    0.1271735429763794,
    -0.21105742454528809,
    0.0
  ],
  "tangential_distortion": [
    0.0030499822460114956,
    0.008128720335662365
  ],
  "image_size": [
    1072,
    1920
  ]
}