{
  "orientation": [
    [
      0.9961018562316895,
      -0.0805484876036644,
      0.035959016531705856
    ],
    [
      0.07974667102098465,
      0.9965450763702393,
      0.02320404164493084
    ],
    [
      -0.03770383074879646,
      -0.020245976746082306,
      0.9990838170051575
    ]
  ],
  "position": [
    0.6671002507209778,
    2.514803171157837,
    1.276656150817871
  ],
  "focal_length": 1481.450439453125,
  "principal_point": [
    566.6854248046875,
    1031.048828125
  ],
  "skew": 0.0,
  "pixel_aspect_ratio": 1.00845468044281,
  "radial_distortion": [
    0.1271735429763794,
    -0.21105742454528809,
    0.0
  ],
  "tangential_distortion": [
    0.0030499822460114956,
    0.008128720335662365
  ],
  "image_size": [
    1072,
    1920
  ]
}