{
  "orientation": [
    [
      0.9215596914291382,
      -0.23059388995170593,
      0.3123367428779602
    ],
    [
      0.24271360039710999,
      0.9700979590415955,
      7.557214848930016e-05
    ],
    [
      -0.3030146658420563,
      0.07573872804641724,
      0.9499714374542236
    ]
  ],
  "position": [
    5.496018409729004,
    -0.6794239282608032,
    1.5186939239501953
  ],
  "focal_length": 1481.450439453125,
  "principal_point": [
    566.6854248046875,
    1031.048828125
  ],
  "skew": 0.0,
  "pixel_aspect_ratio": 1.00845468044281,
  "radial_distortion": [
    0.1271735429763794,
    -0.21105742454528809,
    0.0
  ],
  "tangential_distortion": [
    0.0030499822460114956,
    0.008128720335662365
  ],
  "image_size": [
    1072,
    1920
  ]
}