{
  "orientation": [
    [
      0.9185059666633606,
      -0.22817285358905792,
      0.3229302763938904
    ],
    [
      0.23887982964515686,
      0.9710263013839722,
      0.006655661389231682
    ],
    [
      -0.31509244441986084,
      0.07102826237678528,
      0.9463993310928345
    ]
  ],
  "position": [
    5.469459533691406,
    -1.0045865774154663,
    1.4373215436935425
  ],
  "focal_length": 1481.450439453125,
  "principal_point": [
    566.6854248046875,
    1031.048828125
  ],
  "skew": 0.0,
  "pixel_aspect_ratio": 1.00845468044281,
  "radial_distortion": [
    0.1271735429763794,
    -0.21105742454528809,
    0.0
  ],
  "tangential_distortion": [
    0.0030499822460114956,
    0.008128720335662365
  ],
  "image_size": [
    1072,
    1920
  ]
}