{
  "orientation": [
    [
      0.887323796749115,
      -0.271416574716568,
      0.3728129267692566
    ],
    [
      0.29566332697868347,
      0.9552565813064575,
      -0.008252481929957867
    ],
    [
      -0.35389211773872375,
      0.11754972487688065,
      0.9278698563575745
    ]
  ],
  "position": [
    5.504125595092773,
    -1.95659601688385,
    1.7215561866760254
  ],
  "focal_length": 1481.450439453125,
  "principal_point": [
    566.6854248046875,
    1031.048828125
  ],
  "skew": 0.0,
  "pixel_aspect_ratio": 1.00845468044281,
  "radial_distortion": [
    0.1271735429763794,
    -0.21105742454528809,
    0.0
  ],
  "tangential_distortion": [
    0.0030499822460114956,
    0.008128720335662365
  ],
  "image_size": [
    1072,
    1920
  ]
}