{
  "orientation": [
    [
      0.92535400390625,
      -0.21918949484825134,
      0.3093152940273285
    ],
    [
      0.23615200817584991,
      0.9715492129325867,
      -0.018010178580880165
    ],
    [
      -0.2965673804283142,
      0.08971121907234192,
      0.9507889747619629
    ]
  ],
  "position": [
    5.231838226318359,
    0.3265630602836609,
    2.1283724308013916
  ],
  "focal_length": 1481.450439453125,
  "principal_point": [
    566.6854248046875,
    1031.048828125
  ],
  "skew": 0.0,
  "pixel_aspect_ratio": 1.00845468044281,
  "radial_distortion": [
    0.1271735429763794,
    -0.21105742454528809,
    0.0
  ],
  "tangential_distortion": [
    0.0030499822460114956,
    0.008128720335662365
  ],
  "image_size": [
    1072,
    1920
  ]
}