{
  "orientation": [
    [
      0.8884413838386536,
      -0.2606605589389801,
      0.377793550491333
    ],
    [
      0.28669002652168274,
      0.9579315185546875,
      -0.01326733734458685
    ],
    [
      -0.358442097902298,
      0.12009689956903458,
      0.925794780254364
    ]
  ],
  "position": [
    5.615530490875244,
    -1.3913404941558838,
    1.9835783243179321
  ],
  "focal_length": 1481.450439453125,
  "principal_point": [
    566.6854248046875,
    1031.048828125
  ],
  "skew": 0.0,
  "pixel_aspect_ratio": 1.00845468044281,
  "radial_distortion": [
    0.1271735429763794,
    -0.21105742454528809,
    0.0
  ],
  "tangential_distortion": [
    0.0030499822460114956,
    0.008128720335662365
  ],
  "image_size": [
    1072,
    1920
  ]
}