{
  "orientation": [
    [
      0.8879050016403198,
      -0.2641187608242035,
      0.37665098905563354
    ],
    [
      0.28908392786979675,
      0.957249104976654,
      -0.010226009413599968
    ],
    [
      -0.3578479588031769,
      0.11796347796916962,
      0.9262987971305847
    ]
  ],
  "position": [
    5.597573757171631,
    -1.6811350584030151,
    1.8576008081436157
  ],
  "focal_length": 1481.450439453125,
  "principal_point": [
    566.6854248046875,
    1031.048828125
  ],
  "skew": 0.0,
  "pixel_aspect_ratio": 1.00845468044281,
  "radial_distortion": [
    0.1271735429763794,
    -0.21105742454528809,
    0.0
  ],
  "tangential_distortion": [
    0.0030499822460114956,
    0.008128720335662365
  ],
  "image_size": [
    1072,
    1920
  ]
}