{
  "orientation": [
    [
      0.9876472353935242,
      0.06572191417217255,
      -0.14224493503570557
    ],
    [
      -0.07822468876838684,
      0.9933767914772034,
      -0.08416303992271423
    ],
    [
      0.13577145338058472,
      0.09425045549869537,
      0.9862468838691711
    ]
  ],
  "position": [
    -4.649035930633545,
    -0.03452407941222191,
    -0.3721417188644409
  ],
  "focal_length": 1481.450439453125,
  "principal_point": [
    566.6854248046875,
    1031.048828125
  ],
  "skew": 0.0,
  "pixel_aspect_ratio": 1.00845468044281,
  "radial_distortion": [
    0.1271735429763794,
    -0.21105742454528809,
    0.0
  ],
  "tangential_distortion": [
    0.0030499822460114956,
    0.008128720335662365
  ],
  "image_size": [
    1072,
    1920
  ]
}