{
  "orientation": [
    [
      0.9192556142807007,
      -0.23047445714473724,
      0.31914040446281433
    ],
    [
      0.24196186661720276,
      0.9702785015106201,
      0.0037588034756481647
    ],
    [
      -0.31052136421203613,
      0.07376451045274734,
      0.9476999640464783
    ]
  ],
  "position": [
    5.484318733215332,
    -0.8723598122596741,
    1.472264289855957
  ],
  "focal_length": 1481.450439453125,
  "principal_point": [
    566.6854248046875,
    1031.048828125
  ],
  "skew": 0.0,
  "pixel_aspect_ratio": 1.00845468044281,
  "radial_distortion": [
    0.1271735429763794,
    -0.21105742454528809,
    0.0
  ],
  "tangential_distortion": [
    0.0030499822460114956,
    0.008128720335662365
  ],
  "image_size": [
    1072,
    1920
  ]
}