{
  "orientation": [
    [
      0.9742997288703918,
      -0.16530346870422363,
      0.1530190110206604
    ],
    [
      0.18338815867900848,
      0.9765579700469971,
      -0.11270897835493088
    ],
    [
      -0.1308007538318634,
      0.13787420094013214,
      0.9817748665809631
    ]
  ],
  "position": [
    0.0320889912545681,
    -2.362431764602661,
    0.10402373969554901
  ],
  "focal_length": 1481.450439453125,
  "principal_point": [
    566.6854248046875,
    1031.048828125
  ],
  "skew": 0.0,
  "pixel_aspect_ratio": 1.00845468044281,
  "radial_distortion": [
    0.1271735429763794,
    -0.21105742454528809,
    0.0
  ],
  "tangential_distortion": [
    0.0030499822460114956,
    0.008128720335662365
  ],
  "image_size": [
    1072,
    1920
  ]
}