{
  "orientation": [
    [
      0.9880886077880859,
      -0.12540000677108765,
      0.08919469267129898
    ],
    [
      0.1280069798231125,
      0.9914801120758057,
      -0.02411169931292534
    ],
    [
      -0.08541116118431091,
      0.03524203971028328,
      0.9957222938537598
    ]
  ],
  "position": [
    -0.22662353515625,
    1.6709160804748535,
    0.8590964078903198
  ],
  "focal_length": 1481.450439453125,
  "principal_point": [
    566.6854248046875,
    1031.048828125
  ],
  "skew": 0.0,
  "pixel_aspect_ratio": 1.00845468044281,
  "radial_distortion": [
    0.1271735429763794,
    -0.21105742454528809,
    0.0
  ],
  "tangential_distortion": [
    0.0030499822460114956,
    0.008128720335662365
  ],
  "image_size": [
    1072,
    1920
  ]
}