{
  "orientation": [
    [
      0.9250277280807495,
      -0.22850829362869263,
      0.3034924566745758
    ],
    [
      0.2422627955675125,
      0.9701783061027527,
      -0.007927767932415009
    ],
    [
      -0.29263022541999817,
      0.08085833489894867,
      0.9528008699417114
    ]
  ],
  "position": [
    5.521596431732178,
    -0.43703293800354004,
    1.5899620056152344
  ],
  "focal_length": 1481.450439453125,
  "principal_point": [
    566.6854248046875,
    1031.048828125
  ],
  "skew": 0.0,
  "pixel_aspect_ratio": 1.00845468044281,
  "radial_distortion": [
    0.1271735429763794,
    -0.21105742454528809,
    0.0
  ],
  "tangential_distortion": [
    0.0030499822460114956,
    0.008128720335662365
  ],
  "image_size": [
    1072,
    1920
  ]
}