{
  "orientation": [
    [
      0.9977562427520752,
      -0.05513963848352432,
      -0.03797425702214241
    ],
    [
      0.05413762480020523,
      0.9981703162193298,
      -0.02692863531410694
    ],
    [
      0.039389610290527344,
      0.024812379851937294,
      0.9989157915115356
    ]
  ],
  "position": [
    -1.8632938861846924,
    1.587557077407837,
    0.2695634365081787
  ],
  "focal_length": 1481.450439453125,
  "principal_point": [
    566.6854248046875,
    1031.048828125
  ],
  "skew": 0.0,
  "pixel_aspect_ratio": 1.00845468044281,
  "radial_distortion": [
    0.1271735429763794,
    -0.21105742454528809,
    0.0
  ],
  "tangential_distortion": [
    0.0030499822460114956,
    0.008128720335662365
  ],
  "image_size": [
    1072,
    1920
  ]
}