{
  "orientation": [
    [
      0.9912548661231995,
      -0.11659049242734909,
      0.06180969625711441
    ],
    [
      0.11850693076848984,
      0.9925501346588135,
      -0.02829114720225334
    ],
    [
      -0.058050744235515594,
      0.03536861389875412,
      0.9976869225502014
    ]
  ],
  "position": [
    -0.7135972380638123,
    1.6051805019378662,
    0.637855052947998
  ],
  "focal_length": 1481.450439453125,
  "principal_point": [
    566.6854248046875,
    1031.048828125
  ],
  "skew": 0.0,
  "pixel_aspect_ratio": 1.00845468044281,
  "radial_distortion": [
    0.1271735429763794,
    -0.21105742454528809,
    0.0
  ],
  "tangential_distortion": [
    0.0030499822460114956,
    0.008128720335662365
  ],
  "image_size": [
    1072,
    1920
  ]
}