{
  "orientation": [
    [
      0.9247033596038818,
      -0.2594926059246063,
      0.2785450518131256
    ],
    [
      0.29241761565208435,
      0.9526593685150146,
      -0.08325937390327454
    ],
    [
      -0.2437533438205719,
      0.1584416925907135,
      0.9568074941635132
    ]
  ],
  "position": [
    2.923262119293213,
    -2.754073143005371,
    0.5483718514442444
  ],
  "focal_length": 1481.450439453125,
  "principal_point": [
    566.6854248046875,
    1031.048828125
  ],
  "skew": 0.0,
  "pixel_aspect_ratio": 1.00845468044281,
  "radial_distortion": [
    0.1271735429763794,
    -0.21105742454528809,
    0.0
  ],
  "tangential_distortion": [
    0.0030499822460114956,
    0.008128720335662365
  ],
  "image_size": [
    1072,
    1920
  ]
}