{
  "orientation": [
    [
      0.9450984597206116,
      -0.21042637526988983,
      0.25001928210258484
    ],
    [
      0.22609244287014008,
      0.9734643697738647,
      -0.03534542769193649
    ],
    [
      -0.23594725131988525,
      0.08993237465620041,
      0.9675955176353455
    ]
  ],
  "position": [
    3.9736499786376953,
    1.2601892948150635,
    1.8167011737823486
  ],
  "focal_length": 1481.450439453125,
  "principal_point": [
    566.6854248046875,
    1031.048828125
  ],
  "skew": 0.0,
  "pixel_aspect_ratio": 1.00845468044281,
  "radial_distortion": [
    0.1271735429763794,
    -0.21105742454528809,
    0.0
  ],
  "tangential_distortion": [
    0.0030499822460114956,
    0.008128720335662365
  ],
  "image_size": [
    1072,
    1920
  ]
}