{
  "orientation": [
    [
      0.9881532788276672,
      0.0663772001862526,
      -0.13837343454360962
    ],
    [
      -0.07892011106014252,
      0.9930581450462341,
      -0.08721865713596344
    ],
    [
      0.1316235363483429,
      0.09710584580898285,
      0.9865321516990662
    ]
  ],
  "position": [
    -4.488558292388916,
    -0.24348492920398712,
    -0.4037047326564789
  ],
  "focal_length": 1481.450439453125,
  "principal_point": [
    566.6854248046875,
    1031.048828125
  ],
  "skew": 0.0,
  "pixel_aspect_ratio": 1.00845468044281,
  "radial_distortion": [
    0.1271735429763794,
    -0.21105742454528809,
    0.0
  ],
  "tangential_distortion": [
    0.0030499822460114956,
    0.008128720335662365
  ],
  "image_size": [
    1072,
    1920
  ]
}