{
  "orientation": [
    [
      0.9966970086097717,
      -0.037386391311883926,
      -0.07209218293428421
    ],
    [
      0.03571685403585434,
      0.9990662336349487,
      -0.024310531094670296
    ],
    [
      0.07293374091386795,
      0.021655328571796417,
      0.9971016645431519
    ]
  ],
  "position": [
    -2.185425281524658,
    1.596875548362732,
    0.16861869394779205
  ],
  "focal_length": 1481.450439453125,
  "principal_point": [
    566.6854248046875,
    1031.048828125
  ],
  "skew": 0.0,
  "pixel_aspect_ratio": 1.00845468044281,
  "radial_distortion": [
    0.1271735429763794,
    -0.21105742454528809,
    0.0
  ],
  "tangential_distortion": [
    0.0030499822460114956,
    0.008128720335662365
  ],
  "image_size": [
    1072,
    1920
  ]
}