{
  "orientation": [
    [
      0.8905746936798096,
      -0.28077295422554016,
      0.35783132910728455
    ],
    [
      0.3141535818576813,
      0.9486302733421326,
      -0.03752465546131134
    ],
    [
      -0.32891371846199036,
      0.14583249390125275,
      0.9330319762229919
    ]
  ],
  "position": [
    4.674320220947266,
    -2.7054929733276367,
    1.0516586303710938
  ],
  "focal_length": 1481.450439453125,
  "principal_point": [
    566.6854248046875,
    1031.048828125
  ],
  "skew": 0.0,
  "pixel_aspect_ratio": 1.00845468044281,
  "radial_distortion": [
    0.1271735429763794,
    -0.21105742454528809,
    0.0
  ],
  "tangential_distortion": [
    0.0030499822460114956,
    0.008128720335662365
  ],
  "image_size": [
    1072,
    1920
  ]
}