{
  "orientation": [
    [
      0.9927329421043396,
      0.008923987857997417,
      -0.12000702321529388
    ],
    [
      -0.011479407548904419,
      0.9997214674949646,
      -0.020619487389922142
    ],
    [
      0.11978959292173386,
      0.021847253665328026,
      0.9925588965415955
    ]
  ],
  "position": [
    -3.023111581802368,
    1.6742831468582153,
    0.16416598856449127
  ],
  "focal_length": 1481.450439453125,
  "principal_point": [
    566.6854248046875,
    1031.048828125
  ],
  "skew": 0.0,
  "pixel_aspect_ratio": 1.00845468044281,
  "radial_distortion": [
    0.1271735429763794,
    -0.21105742454528809,
    0.0
  ],
  "tangential_distortion": [
    0.0030499822460114956,
    0.008128720335662365
  ],
  "image_size": [
    1072,
    1920
  ]
}