{
  "orientation": [
    [
      0.9854321479797363,
      -0.1251862496137619,
      0.11511672288179398
    ],
    [
      0.12464603036642075,
      0.9921298027038574,
      0.011907869949936867
    ],
    [
      -0.11570143699645996,
      0.0026144450530409813,
      0.9932805895805359
    ]
  ],
  "position": [
    2.0099689960479736,
    2.1906979084014893,
    1.6228910684585571
  ],
  "focal_length": 1481.450439453125,
  "principal_point": [
    566.6854248046875,
    1031.048828125
  ],
  "skew": 0.0,
  "pixel_aspect_ratio": 1.00845468044281,
  "radial_distortion": [
    0.1271735429763794,
    -0.21105742454528809,
    0.0
  ],
  "tangential_distortion": [
    0.0030499822460114956,
    0.008128720335662365
  ],
  "image_size": [
    1072,
    1920
  ]
}