{
  "orientation": [
    [
      0.9935737252235413,
      0.04630512744188309,
      -0.10328153520822525
    ],
    [
      -0.05717138200998306,
      0.9928420782089233,
      -0.10486195236444473
    ],
    [
      0.09768660366535187,
      0.11009282618761063,
      0.9891091585159302
    ]
  ],
  "position": [
    -2.9994137287139893,
    -1.1381900310516357,
    -0.4038340449333191
  ],
  "focal_length": 1481.450439453125,
  "principal_point": [
    566.6854248046875,
    1031.048828125
  ],
  "skew": 0.0,
  "pixel_aspect_ratio": 1.00845468044281,
  "radial_distortion": [
    0.1271735429763794,
    -0.21105742454528809,
    0.0
  ],
  "tangential_distortion": [
    0.0030499822460114956,
    0.008128720335662365
  ],
  "image_size": [
    1072,
    1920
  ]
}