{
  "orientation": [
    [
      0.9141321778297424,
      -0.2241000384092331,
      0.3378484547138214
    ],
    [
      0.2359626293182373,
      0.9717428684234619,
      0.006116908974945545
    ],
    [
      -0.329672634601593,
      0.07412794977426529,
      0.9411806464195251
    ]
  ],
  "position": [
    5.492753982543945,
    -1.2584530115127563,
    1.2787586450576782
  ],
  "focal_length": 1481.450439453125,
  "principal_point": [
    566.6854248046875,
    1031.048828125
  ],
  "skew": 0.0,
  "pixel_aspect_ratio": 1.00845468044281,
  "radial_distortion": [
    0.1271735429763794,
    -0.21105742454528809,
    0.0
  ],
  "tangential_distortion": [
    0.0030499822460114956,
    0.008128720335662365
  ],
  "image_size": [
    1072,
    1920
  ]
}