{
  "orientation": [
    [
      0.95693439245224,
      -0.183407261967659,
      0.22502955794334412
    ],
    [
      0.18809647858142853,
      0.9821503758430481,
      0.0006110699032433331
    ],
    [
      -0.22112494707107544,
      0.041742514818906784,
      0.9743517637252808
    ]
  ],
  "position": [
    4.341731548309326,
    1.2025448083877563,
    2.077561140060425
  ],
  "focal_length": 1481.450439453125,
  "principal_point": [
    566.6854248046875,
    1031.048828125
  ],
  "skew": 0.0,
  "pixel_aspect_ratio": 1.00845468044281,
  "radial_distortion": [
    0.1271735429763794,
    -0.21105742454528809,
    0.0
  ],
  "tangential_distortion": [
    0.0030499822460114956,
    0.008128720335662365
  ],
  "image_size": [
    1072,
    1920
  ]
}