{
  "orientation": [
    [
      0.984376072883606,
      -0.13557878136634827,
      0.11234854906797409
    ],
    [
      0.13870929181575775,
      0.9901210069656372,
      -0.020496051758527756
    ],
    [
      -0.10845983028411865,
      0.03575960919260979,
      0.9934574365615845
    ]
  ],
  "position": [
    0.32007813453674316,
    1.712986707687378,
    1.0529383420944214
  ],
  "focal_length": 1481.450439453125,
  "principal_point": [
    566.6854248046875,
    1031.048828125
  ],
  "skew": 0.0,
  "pixel_aspect_ratio": 1.00845468044281,
  "radial_distortion": [
    0.1271735429763794,
    -0.21105742454528809,
    0.0
  ],
  "tangential_distortion": [
    0.0030499822460114956,
    0.008128720335662365
  ],
  "image_size": [
    1072,
    1920
  ]
}