{
  "orientation": [
    [
      0.9175590872764587,
      -0.2653301954269409,
      0.2961169183254242
    ],
    [
      0.29929444193840027,
      0.9512008428573608,
      -0.07509880512952805
    ],
    [
      -0.26174068450927734,
      0.15753373503684998,
      0.9521948099136353
    ]
  ],
  "position": [
    3.2420132160186768,
    -2.7485907077789307,
    0.6286677718162537
  ],
  "focal_length": 1481.450439453125,
  "principal_point": [
    566.6854248046875,
    1031.048828125
  ],
  "skew": 0.0,
  "pixel_aspect_ratio": 1.00845468044281,
  "radial_distortion": [
    0.1271735429763794,
    -0.21105742454528809,
    0.0
  ],
  "tangential_distortion": [
    0.0030499822460114956,
    0.008128720335662365
  ],
  "image_size": [
    1072,
    1920
  ]
}