{
  "orientation": [
    [
      0.9644389748573303,
      -0.19184163212776184,
      0.18180830776691437
    ],
    [
      0.21417027711868286,
      0.9703270792961121,
      -0.11223375052213669
    ],
    [
      -0.15488243103027344,
      0.14718054234981537,
      0.9769080281257629
    ]
  ],
  "position": [
    0.4719896912574768,
    -2.4698963165283203,
    0.17326636612415314
  ],
  "focal_length": 1481.450439453125,
  "principal_point": [
    566.6854248046875,
    1031.048828125
  ],
  "skew": 0.0,
  "pixel_aspect_ratio": 1.00845468044281,
  "radial_distortion": [
    0.1271735429763794,
    -0.21105742454528809,
    0.0
  ],
  "tangential_distortion": [
    0.0030499822460114956,
    0.008128720335662365
  ],
  "image_size": [
    1072,
    1920
  ]
}