{
  "orientation": [
    [
      0.9839106798171997,
      -0.13865076005458832,
      0.1126752570271492
    ],
    [
      0.1512995958328247,
      0.9820353388786316,
      -0.11276070028543472
    ],
    [
      -0.0950167253613472,
      0.12799417972564697,
      0.9872128963470459
    ]
  ],
  "position": [
    -0.4681829512119293,
    -2.155954122543335,
    0.15223811566829681
  ],
  "focal_length": 1481.450439453125,
  "principal_point": [
    566.6854248046875,
    1031.048828125
  ],
  "skew": 0.0,
  "pixel_aspect_ratio": 1.00845468044281,
  "radial_distortion": [
    0.1271735429763794,
    -0.21105742454528809,
    0.0
  ],
  "tangential_distortion": [
    0.0030499822460114956,
    0.008128720335662365
  ],
  "image_size": [
    1072,
    1920
  ]
}