{
  "orientation": [
    [
      0.9864429831504822,
      0.052206434309482574,
      -0.1555788516998291
    ],
    [
      -0.06342698633670807,
      0.9956637620925903,
      -0.06804944574832916
    ],
    [
      0.15135160088539124,
      0.07699479162693024,
      0.9854767918586731
    ]
  ],
  "position": [
    -4.699060440063477,
    0.8171515464782715,
    -0.12173397839069366
  ],
  "focal_length": 1481.450439453125,
  "principal_point": [
    566.6854248046875,
    1031.048828125
  ],
  "skew": 0.0,
  "pixel_aspect_ratio": 1.00845468044281,
  "radial_distortion": [
    0.1271735429763794,
    -0.21105742454528809,
    0.0
  ],
  "tangential_distortion": [
    0.0030499822460114956,
    0.008128720335662365
  ],
  "image_size": [
    1072,
    1920
  ]
}