{
  "orientation": [
    [
      0.9873194694519043,
      0.07040373980998993,
      -0.14228013157844543
    ],
    [
      -0.08172249794006348,
      0.9938037991523743,
      -0.07533518970012665
    ],
    [
      0.13609465956687927,
      0.08600738644599915,
      0.9869554042816162
    ]
  ],
  "position": [
    -4.682859897613525,
    0.4766283333301544,
    -0.18740017712116241
  ],
  "focal_length": 1481.450439453125,
  "principal_point": [
    566.6854248046875,
    1031.048828125
  ],
  "skew": 0.0,
  "pixel_aspect_ratio": 1.00845468044281,
  "radial_distortion": [
    0.1271735429763794,
    -0.21105742454528809,
    0.0
  ],
  "tangential_distortion": [
    0.0030499822460114956,
    0.008128720335662365
  ],
  "image_size": [
    1072,
    1920
  ]
}